date_week,week_start_date,region,region_code,pathogen,n_sites,conc_mean,conc_log10,conc_3wk_avg,conc_base_avg,wow_change_rate,precip_mm,temp_avg,pop_served,pop_sampled,missing_reason,target_week_t2,target_conc_t2,target_alert_t2
2023-W14,2023-04-02,서울,01,SARS-CoV-2,0,,,107726.42,,-18.8685,56.0,12.0,9667667,,no_measurement,2023-W16,,
2023-W14,2023-04-02,부산,02,SARS-CoV-2,3,84567.62,4.9272,80688.34,,-0.0853,57.0,12.6,2961386,2464725,,2023-W16,330727.29,
2023-W14,2023-04-02,대구,03,SARS-CoV-2,2,1232131.06,6.0907,1378920.78,,-0.0141,28.5,12.8,1948639,1679730,,2023-W16,1398025.71,
2023-W14,2023-04-02,인천,04,SARS-CoV-2,5,40295.50,4.6053,33809.06,,0.0426,56.8,11.9,2579599,1786450,,2023-W16,80267.32,
2023-W14,2023-04-02,광주,05,SARS-CoV-2,3,7869.11,3.8960,20191.88,,0.7184,57.8,12.3,691807,691807,,2023-W16,3703.60,
2023-W14,2023-04-02,대전,06,SARS-CoV-2,2,114423.56,5.0585,112663.42,,0.2030,39.7,12.7,1439687,2913348,,2023-W16,188321.88,
2023-W14,2023-04-02,울산,07,SARS-CoV-2,4,385082.74,5.5856,248213.29,,-1.4211,31.8,12.8,1218898,1218898,,2023-W16,533668.05,
2023-W14,2023-04-02,세종,08,SARS-CoV-2,3,887318.61,5.9481,1136291.59,,0.4658,40.8,12.5,343577,336440,,2023-W16,95941.01,
2023-W14,2023-04-02,경기,09,SARS-CoV-2,2,146022.15,5.1644,183697.40,,-1.2491,51.6,11.9,6563383,168061,,2023-W16,644173.97,
2023-W14,2023-04-02,강원,10,SARS-CoV-2,3,30228.29,4.4804,68412.53,,0.6209,44.1,7.2,816637,536638,,2023-W16,15432.84,
2023-W14,2023-04-02,충북,11,SARS-CoV-2,5,12913.20,4.1111,12378.66,,-2.2147,31.8,11.6,374120,251076,,2023-W16,5500.93,
2023-W14,2023-04-02,충남,12,SARS-CoV-2,0,,,312432.32,,,40.6,12.5,1408091,,no_measurement,2023-W16,168320.84,
2023-W14,2023-04-02,전북,13,SARS-CoV-2,2,204186.63,5.3100,149340.99,,-1.5661,40.4,11.0,1043386,635558,,2023-W16,144098.40,
2023-W14,2023-04-02,전남,14,SARS-CoV-2,8,32374.84,4.5102,34089.45,,0.2349,67.5,11.1,1017979,885968,,2023-W16,69981.57,
2023-W14,2023-04-02,경북,15,SARS-CoV-2,5,87835.59,4.9437,115925.08,,0.2222,27.8,11.4,1287477,623669,,2023-W16,112132.06,
2023-W14,2023-04-02,경남,16,SARS-CoV-2,1,37150.32,4.5700,16800.86,,-2.1698,48.9,11.7,1723394,691333,,2023-W16,,
2023-W14,2023-04-02,제주,17,SARS-CoV-2,8,5330.47,3.7268,2244.24,,-10.2380,185.8,9.1,563849,563849,,2023-W16,585.99,
2023-W15,2023-04-09,서울,01,SARS-CoV-2,0,,,78730.09,,0.8789,8.3,10.3,9667667,,no_measurement,2023-W17,,
2023-W15,2023-04-09,부산,02,SARS-CoV-2,3,194019.91,5.2878,118835.78,139293.7650,-1.2943,7.4,12.8,2961386,2464725,,2023-W17,1085285.36,1
2023-W15,2023-04-09,대구,03,SARS-CoV-2,2,1364106.49,6.1348,1270398.78,1298118.7750,-0.1071,4.2,13.6,1948639,1679730,,2023-W17,1177191.13,0
2023-W15,2023-04-09,인천,04,SARS-CoV-2,5,18911.09,4.2767,33764.66,29603.2950,0.5307,15.2,10.4,2579599,1786450,,2023-W17,34920.77,0
2023-W15,2023-04-09,광주,05,SARS-CoV-2,3,4199.30,3.6233,13336.73,6034.2050,0.4664,7.1,11.8,691807,691807,,2023-W17,23632.85,1
2023-W15,2023-04-09,대전,06,SARS-CoV-2,2,84223.53,4.9254,114071.64,99323.5450,0.2639,5.4,12.6,1439687,2913348,,2023-W17,224436.15,1
2023-W15,2023-04-09,울산,07,SARS-CoV-2,4,209124.95,5.3204,251087.44,297103.8450,0.4569,7.0,13.6,1218898,1218898,,2023-W17,178893.66,0
2023-W15,2023-04-09,세종,08,SARS-CoV-2,3,143642.36,5.1573,897281.35,515480.4850,0.8381,3.0,12.1,343577,336440,,2023-W17,1508993.69,1
2023-W15,2023-04-09,경기,09,SARS-CoV-2,2,220918.40,5.3442,143955.16,183470.2750,-0.5129,11.4,10.5,6563383,168061,,2023-W17,70381.73,0
2023-W15,2023-04-09,강원,10,SARS-CoV-2,3,12294.22,4.0897,40749.70,21261.2550,0.5933,17.3,6.9,816637,536638,,2023-W17,26455.00,0
2023-W15,2023-04-09,충북,11,SARS-CoV-2,5,36278.75,4.5597,17736.31,24595.9750,-1.8094,18.3,11.3,374120,251076,,2023-W17,8877.44,0
2023-W15,2023-04-09,충남,12,SARS-CoV-2,1,990095.86,5.9957,636508.78,,,3.9,12.0,1408091,543394,,2023-W17,67024.07,
2023-W15,2023-04-09,전북,13,SARS-CoV-2,2,156392.32,5.1942,146716.24,180289.4750,0.2341,7.3,11.2,1043386,635558,,2023-W17,327903.26,1
2023-W15,2023-04-09,전남,14,SARS-CoV-2,6,25021.88,4.3983,33237.05,28698.3600,0.2271,10.3,11.3,1017979,774260,,2023-W17,63879.84,1
2023-W15,2023-04-09,경북,15,SARS-CoV-2,5,53895.43,4.7316,84884.25,70865.5100,0.3864,5.0,12.6,1287477,623669,,2023-W17,72572.76,0
2023-W15,2023-04-09,경남,16,SARS-CoV-2,1,6162.49,3.7898,18344.29,21656.4050,0.8341,10.6,12.1,1723394,691333,,2023-W17,,
2023-W15,2023-04-09,제주,17,SARS-CoV-2,8,355.42,2.5520,2053.40,2842.9450,0.9333,33.4,9.7,563849,563849,,2023-W17,381.59,0
2023-W16,2023-04-16,서울,01,SARS-CoV-2,0,,,88842.44,,-0.6577,21.3,13.0,9667667,,no_measurement,2023-W18,,
2023-W16,2023-04-16,부산,02,SARS-CoV-2,3,330727.29,5.5195,203104.94,203104.9400,-0.7046,11.4,14.5,2961386,2464725,,2023-W18,546439.77,1
2023-W16,2023-04-16,대구,03,SARS-CoV-2,2,1398025.71,6.1455,1331421.09,1331421.0867,-0.0249,7.7,15.9,1948639,1679730,,2023-W18,3468884.11,1
2023-W16,2023-04-16,인천,04,SARS-CoV-2,5,80267.32,4.9045,46491.30,46491.3033,-3.2445,12.0,12.9,2579599,1786450,,2023-W18,91458.82,1
2023-W16,2023-04-16,광주,05,SARS-CoV-2,3,3703.60,3.5687,5257.34,5257.3367,0.1180,12.8,15.9,691807,691807,,2023-W18,33845.94,1
2023-W16,2023-04-16,대전,06,SARS-CoV-2,2,188321.88,5.2749,128989.66,128989.6567,-1.2360,4.7,16.1,1439687,2913348,,2023-W18,229211.20,1
2023-W16,2023-04-16,울산,07,SARS-CoV-2,4,533668.05,5.7273,375958.58,375958.5800,-1.5519,16.1,14.9,1218898,1218898,,2023-W18,291345.79,0
2023-W16,2023-04-16,세종,08,SARS-CoV-2,3,95941.01,4.9820,375633.99,375633.9933,0.3321,3.2,15.5,343577,336440,,2023-W18,1440023.41,1
2023-W16,2023-04-16,경기,09,SARS-CoV-2,2,644173.97,5.8090,337038.17,337038.1733,-1.9159,16.4,13.6,6563383,168061,,2023-W18,73151.32,0
2023-W16,2023-04-16,강원,10,SARS-CoV-2,3,15432.84,4.1885,19318.45,19318.4500,-0.2553,16.5,8.8,816637,536638,,2023-W18,54886.62,1
2023-W16,2023-04-16,충북,11,SARS-CoV-2,5,5500.93,3.7405,18230.96,18230.9600,0.8484,10.1,14.5,374120,251076,,2023-W18,14942.58,0
2023-W16,2023-04-16,충남,12,SARS-CoV-2,1,168320.84,5.2261,579208.35,579208.3500,0.8300,9.3,15.2,1408091,543394,,2023-W18,15353.87,0
2023-W16,2023-04-16,전북,13,SARS-CoV-2,2,144098.40,5.1587,168225.78,168225.7833,0.0786,35.3,14.8,1043386,635558,,2023-W18,55554.98,0
2023-W16,2023-04-16,전남,14,SARS-CoV-2,8,69981.57,4.8450,42459.43,42459.4300,-1.7968,9.0,14.7,1017979,885968,,2023-W18,103938.13,1
2023-W16,2023-04-16,경북,15,SARS-CoV-2,5,112132.06,5.0497,84621.03,84621.0267,-1.0805,28.5,13.4,1287477,623669,,2023-W18,123361.11,1
2023-W16,2023-04-16,경남,16,SARS-CoV-2,0,,,21656.41,21656.4050,,15.3,14.7,1723394,,no_measurement,2023-W18,1489.06,0
2023-W16,2023-04-16,제주,17,SARS-CoV-2,8,585.99,2.7686,2090.63,2090.6267,-0.6487,1.3,13.0,563849,563849,,2023-W18,1144.36,0
2023-W17,2023-04-23,서울,01,SARS-CoV-2,0,,,38256.82,,-0.2316,16.9,12.0,9667667,,no_measurement,2023-W19,,
2023-W17,2023-04-23,부산,02,SARS-CoV-2,3,1085285.36,6.0355,536677.52,423650.0450,-2.2815,36.0,13.0,2961386,2464725,,2023-W19,573066.49,1
2023-W17,2023-04-23,대구,03,SARS-CoV-2,2,1177191.13,6.0708,1313107.78,1292863.5975,0.1580,13.8,13.5,1948639,1679730,,2023-W19,882860.49,0
2023-W17,2023-04-23,인천,04,SARS-CoV-2,5,34920.77,4.5431,44699.73,43598.6700,0.5649,12.0,11.7,2579599,1786450,,2023-W19,56672.69,0
2023-W17,2023-04-23,광주,05,SARS-CoV-2,3,23632.85,4.3735,10511.92,9851.2150,-5.3811,15.2,12.7,691807,691807,,2023-W19,11471.10,0
2023-W17,2023-04-23,대전,06,SARS-CoV-2,2,224436.15,5.3511,165660.52,152851.2800,-0.1918,10.6,13.3,1439687,2913348,,2023-W19,134465.89,0
2023-W17,2023-04-23,울산,07,SARS-CoV-2,4,178893.66,5.2526,307228.89,326692.3500,0.6648,18.0,13.3,1218898,1218898,,2023-W19,181104.15,0
2023-W17,2023-04-23,세종,08,SARS-CoV-2,3,1508993.69,6.1787,582859.02,658973.9175,-14.7283,11.1,13.2,343577,336440,,2023-W19,891479.54,1
2023-W17,2023-04-23,경기,09,SARS-CoV-2,2,70381.73,4.8475,311824.70,270374.0625,0.8907,20.4,12.1,6563383,168061,,2023-W19,243724.62,0
2023-W17,2023-04-23,강원,10,SARS-CoV-2,3,26455.00,4.4225,18060.69,21102.5875,-0.7142,22.2,7.8,816637,536638,,2023-W19,28061.33,1
2023-W17,2023-04-23,충북,11,SARS-CoV-2,5,8877.44,3.9483,16885.71,15892.5800,-0.6138,14.8,12.2,374120,251076,,2023-W19,31928.95,1
2023-W17,2023-04-23,충남,12,SARS-CoV-2,2,67024.07,4.8262,408480.26,408480.2567,0.6018,10.0,12.8,1408091,620168,,2023-W19,18819.18,0
2023-W17,2023-04-23,전북,13,SARS-CoV-2,2,327903.26,5.5157,209464.66,208145.1525,-1.2756,14.5,11.5,1043386,635558,,2023-W19,229252.47,0
2023-W17,2023-04-23,전남,14,SARS-CoV-2,8,63879.84,4.8054,52961.10,47814.5325,0.0872,15.3,11.4,1017979,885968,,2023-W19,39788.96,0
2023-W17,2023-04-23,경북,15,SARS-CoV-2,5,72572.76,4.8608,79533.42,81608.9600,0.3528,13.9,12.2,1287477,623669,,2023-W19,103801.90,0
2023-W17,2023-04-23,경남,16,SARS-CoV-2,0,,,6162.49,21656.4050,,21.9,12.2,1723394,,no_measurement,2023-W19,,
2023-W17,2023-04-23,제주,17,SARS-CoV-2,8,381.59,2.5827,441.00,1663.3675,0.3488,38.0,9.7,563849,563849,,2023-W19,252.45,0
2023-W18,2023-04-30,서울,01,SARS-CoV-2,0,,,36858.38,,0.5943,97.1,14.9,9667667,,no_measurement,2023-W20,,
2023-W18,2023-04-30,부산,02,SARS-CoV-2,2,546439.77,5.7375,654150.81,539118.0825,0.4965,111.3,15.6,2961386,1599052,,2023-W20,802589.88,1
2023-W18,2023-04-30,대구,03,SARS-CoV-2,2,3468884.11,6.5402,2014700.32,1852051.8600,-1.9467,54.3,16.7,1948639,1679730,,2023-W20,1067036.94,0
2023-W18,2023-04-30,인천,04,SARS-CoV-2,5,91458.82,4.9612,68882.30,56389.5000,-1.6190,98.6,14.7,2579599,1786450,,2023-W20,99773.88,1
2023-W18,2023-04-30,광주,05,SARS-CoV-2,3,33845.94,4.5295,20394.13,16345.4225,-0.4322,79.1,16.2,691807,691807,,2023-W20,13269.19,0
2023-W18,2023-04-30,대전,06,SARS-CoV-2,2,229211.20,5.3602,213989.74,181548.1900,-0.0213,49.3,16.9,1439687,2913348,,2023-W20,179294.52,0
2023-W18,2023-04-30,울산,07,SARS-CoV-2,4,291345.79,5.4644,334635.84,303258.1125,-0.6286,101.9,16.3,1218898,1218898,,2023-W20,130451.58,0
2023-W18,2023-04-30,세종,08,SARS-CoV-2,3,1440023.41,6.1584,1014986.04,797150.1175,0.0457,60.8,17.0,343577,336440,,2023-W20,999747.12,0
2023-W18,2023-04-30,경기,09,SARS-CoV-2,2,73151.32,4.8642,262569.01,252156.3550,-0.0394,76.3,15.2,6563383,168061,,2023-W20,242020.26,0
2023-W18,2023-04-30,강원,10,SARS-CoV-2,3,54886.62,4.7395,32258.15,27267.1700,-1.0747,52.8,10.9,816637,536638,,2023-W20,14631.32,0
2023-W18,2023-04-30,충북,11,SARS-CoV-2,5,14942.58,4.1745,9773.65,16399.9250,-0.6832,66.4,16.0,374120,251076,,2023-W20,7242.77,0
2023-W18,2023-04-30,충남,12,SARS-CoV-2,1,15353.87,4.1862,83566.26,310198.6600,0.7709,51.6,16.8,1408091,76774,,2023-W20,16126.93,0
2023-W18,2023-04-30,전북,13,SARS-CoV-2,2,55554.98,4.7447,175852.21,170987.2400,0.8306,83.3,15.3,1043386,635558,,2023-W20,189682.23,0
2023-W18,2023-04-30,전남,14,SARS-CoV-2,8,103938.13,5.0168,79266.51,65705.3550,-0.6271,114.3,14.7,1017979,885968,,2023-W20,82417.24,0
2023-W18,2023-04-30,경북,15,SARS-CoV-2,5,123361.11,5.0912,102688.64,90490.3400,-0.6998,76.8,16.1,1287477,623669,,2023-W20,230044.73,1
2023-W18,2023-04-30,경남,16,SARS-CoV-2,1,1489.06,3.1732,1489.06,3825.7750,,110.8,15.4,1723394,313505,,2023-W20,1156.63,0
2023-W18,2023-04-30,제주,17,SARS-CoV-2,8,1144.36,3.0589,703.98,616.8400,-1.9989,281.6,14.3,563849,563849,,2023-W20,253.11,0
2023-W19,2023-05-07,서울,01,SARS-CoV-2,0,,,30064.54,,0.0061,0.0,14.2,9667667,,no_measurement,2023-W21,,
2023-W19,2023-05-07,부산,02,SARS-CoV-2,3,573066.49,5.7582,734930.54,633879.7275,-0.0487,27.1,14.7,2961386,2464725,,2023-W21,710668.75,0
2023-W19,2023-05-07,대구,03,SARS-CoV-2,2,882860.49,5.9459,1842978.58,1731740.3600,0.7455,9.3,16.0,1948639,1679730,,2023-W21,15793878.60,1
2023-W19,2023-05-07,인천,04,SARS-CoV-2,5,56672.69,4.7534,61017.43,65829.9000,0.3803,0.0,13.7,2579599,1786450,,2023-W21,33433.99,0
2023-W19,2023-05-07,광주,05,SARS-CoV-2,3,11471.10,4.0596,22983.30,18163.3725,0.6611,10.7,15.3,691807,691807,,2023-W21,3427.12,0
2023-W19,2023-05-07,대전,06,SARS-CoV-2,2,134465.89,5.1286,196037.75,194108.7800,0.4134,4.8,15.5,1439687,2913348,,2023-W21,252873.53,1
2023-W19,2023-05-07,울산,07,SARS-CoV-2,4,181104.15,5.2579,217114.53,296252.9125,0.3784,17.3,14.7,1218898,1218898,,2023-W21,495029.21,1
2023-W19,2023-05-07,세종,08,SARS-CoV-2,3,891479.54,5.9501,1280165.54,984109.4125,0.3809,2.0,15.7,343577,336440,,2023-W21,1219666.55,0
2023-W19,2023-05-07,경기,09,SARS-CoV-2,2,243724.62,5.3869,129085.89,257857.9100,-2.3318,0.0,14.8,6563383,168061,,2023-W21,88411.66,0
2023-W19,2023-05-07,강원,10,SARS-CoV-2,3,28061.33,4.4481,36467.65,31208.9475,0.4887,0.1,11.6,816637,536638,,2023-W21,39129.03,0
2023-W19,2023-05-07,충북,11,SARS-CoV-2,5,31928.95,4.5042,18582.99,15312.4750,-1.1368,0.4,15.0,374120,251076,,2023-W21,9066.31,0
2023-W19,2023-05-07,충남,12,SARS-CoV-2,1,18819.18,4.2746,33732.37,67379.4900,-0.2257,2.1,15.9,1408091,543394,,2023-W21,7413.46,0
2023-W19,2023-05-07,전북,13,SARS-CoV-2,2,229252.47,5.3603,204236.90,189202.2775,-3.1266,14.5,14.6,1043386,635558,,2023-W21,161937.36,0
2023-W19,2023-05-07,전남,14,SARS-CoV-2,8,39788.96,4.5998,69202.31,69397.1250,0.6172,7.3,14.7,1017979,885968,,2023-W21,204775.87,1
2023-W19,2023-05-07,경북,15,SARS-CoV-2,5,103801.90,5.0162,99911.92,102966.9575,0.1586,2.2,14.9,1287477,623669,,2023-W21,165413.64,1
2023-W19,2023-05-07,경남,16,SARS-CoV-2,0,,,1489.06,,,12.4,15.0,1723394,,no_measurement,2023-W21,,
2023-W19,2023-05-07,제주,17,SARS-CoV-2,8,252.45,2.4039,592.80,591.0975,0.7794,50.7,12.2,563849,563849,,2023-W21,364.90,0
2023-W20,2023-05-14,서울,01,SARS-CoV-2,0,,,75293.01,,-8.2298,0.2,19.0,9667667,,no_measurement,2023-W22,,
2023-W20,2023-05-14,부산,02,SARS-CoV-2,3,802589.88,5.9045,640698.71,751845.3750,-0.4005,29.5,18.0,2961386,2464725,,2023-W22,482931.12,0
2023-W20,2023-05-14,대구,03,SARS-CoV-2,2,1067036.94,6.0282,1806260.51,1648993.1675,-0.2086,11.7,20.7,1948639,1679730,,2023-W22,5211410.27,1
2023-W20,2023-05-14,인천,04,SARS-CoV-2,5,99773.88,4.9990,82635.13,70706.5400,-0.7605,0.4,18.5,2579599,1786450,,2023-W22,19145.41,0
2023-W20,2023-05-14,광주,05,SARS-CoV-2,3,13269.19,4.1229,19528.74,20554.7700,-0.1567,8.6,19.7,691807,691807,,2023-W22,3910.99,0
2023-W20,2023-05-14,대전,06,SARS-CoV-2,2,179294.52,5.2536,180990.54,191851.9400,-0.3334,0.4,20.7,1439687,2913348,,2023-W22,261903.79,1
2023-W20,2023-05-14,울산,07,SARS-CoV-2,4,130451.58,5.1155,200967.17,195448.7950,0.2797,26.2,18.7,1218898,1218898,,2023-W22,199506.10,0
2023-W20,2023-05-14,세종,08,SARS-CoV-2,3,999747.12,5.9999,1110416.69,1210060.9400,-0.1214,0.0,20.9,343577,336440,,2023-W22,2037978.96,1
2023-W20,2023-05-14,경기,09,SARS-CoV-2,2,242020.26,5.3839,186298.74,157319.4825,0.0070,2.1,20.0,6563383,168061,,2023-W22,69789.32,0
2023-W20,2023-05-14,강원,10,SARS-CoV-2,3,14631.32,4.1653,32526.42,31008.5675,0.4786,4.6,15.2,816637,536638,,2023-W22,27793.10,0
2023-W20,2023-05-14,충북,11,SARS-CoV-2,5,7242.77,3.8600,18038.10,15747.9350,0.7732,0.3,20.8,374120,251076,,2023-W22,5149.77,0
2023-W20,2023-05-14,충남,12,SARS-CoV-2,2,16126.93,4.2076,16766.66,29331.0125,0.1431,0.4,20.4,1408091,620168,,2023-W22,6253.38,0
2023-W20,2023-05-14,전북,13,SARS-CoV-2,2,189682.23,5.2780,158163.22,200598.2350,0.1726,15.9,19.0,1043386,635558,,2023-W22,83559.61,0
2023-W20,2023-05-14,전남,14,SARS-CoV-2,8,82417.24,4.9160,75381.44,72506.0425,-1.0714,25.9,18.1,1017979,885968,,2023-W22,47868.72,0
2023-W20,2023-05-14,경북,15,SARS-CoV-2,5,230044.73,5.3618,152402.58,132445.1250,-1.2162,3.2,20.2,1287477,623669,,2023-W22,77003.17,0
2023-W20,2023-05-14,경남,16,SARS-CoV-2,1,1156.63,3.0636,1322.84,1322.8450,,17.8,18.7,1723394,313505,,2023-W22,,
2023-W20,2023-05-14,제주,17,SARS-CoV-2,8,253.11,2.4050,549.97,507.8775,-0.0026,94.5,16.5,563849,563849,,2023-W22,470.95,0
2023-W21,2023-05-21,서울,01,SARS-CoV-2,0,,,76215.30,,0.8761,25.8,18.4,9667667,,no_measurement,2023-W23,,
2023-W21,2023-05-21,부산,02,SARS-CoV-2,3,710668.75,5.8517,695441.70,658191.2225,0.1145,6.5,18.2,2961386,2464725,,2023-W23,1208134.96,1
2023-W21,2023-05-21,대구,03,SARS-CoV-2,2,15793878.60,7.1985,5914592.01,5303165.0350,-13.8016,4.9,20.1,1948639,1679730,,2023-W23,4807363.24,0
2023-W21,2023-05-21,인천,04,SARS-CoV-2,5,33433.99,4.5242,63293.52,70334.8450,0.6649,24.4,17.4,2579599,1786450,,2023-W23,52298.90,0
2023-W21,2023-05-21,광주,05,SARS-CoV-2,3,3427.12,3.5351,9389.14,15503.3375,0.7417,2.7,19.1,691807,691807,,2023-W23,5397.10,0
2023-W21,2023-05-21,대전,06,SARS-CoV-2,2,252873.53,5.4029,188877.98,198961.2850,-0.4104,4.6,19.9,1439687,2913348,,2023-W23,244154.63,0
2023-W21,2023-05-21,울산,07,SARS-CoV-2,4,495029.21,5.6946,268861.64,274482.6825,-2.7947,3.4,18.5,1218898,1218898,,2023-W23,352223.49,0
2023-W21,2023-05-21,세종,08,SARS-CoV-2,3,1219666.55,6.0862,1036964.40,1137729.1550,-0.2200,11.1,20.1,343577,336440,,2023-W23,1754617.72,1
2023-W21,2023-05-21,경기,09,SARS-CoV-2,2,88411.66,4.9465,191385.52,161826.9650,0.6347,19.4,19.3,6563383,168061,,2023-W23,138458.01,0
2023-W21,2023-05-21,강원,10,SARS-CoV-2,3,39129.03,4.5925,27273.89,34177.0750,-1.6743,9.3,14.6,816637,536638,,2023-W23,29110.64,0
2023-W21,2023-05-21,충북,11,SARS-CoV-2,5,9066.31,3.9575,16079.34,15795.1525,-0.2518,5.0,19.7,374120,251076,,2023-W23,5085.13,0
2023-W21,2023-05-21,충남,12,SARS-CoV-2,2,7413.46,3.8701,14119.85,14428.3600,0.5403,15.5,19.2,1408091,620168,,2023-W23,9460.80,0
2023-W21,2023-05-21,전북,13,SARS-CoV-2,2,161937.36,5.2093,193624.02,159106.7600,0.1463,2.8,17.5,1043386,635558,,2023-W23,70980.30,0
2023-W21,2023-05-21,전남,14,SARS-CoV-2,8,204775.87,5.3113,108994.02,107730.0500,-1.4846,6.7,17.4,1017979,885968,,2023-W23,43789.47,0
2023-W21,2023-05-21,경북,15,SARS-CoV-2,5,165413.64,5.2186,166420.09,155655.3450,0.2810,3.1,19.6,1287477,623669,,2023-W23,71332.00,0
2023-W21,2023-05-21,경남,16,SARS-CoV-2,0,,,1156.63,1322.8450,,3.1,18.4,1723394,,no_measurement,2023-W23,6555.11,1
2023-W21,2023-05-21,제주,17,SARS-CoV-2,8,364.90,2.5634,290.15,503.7050,-0.4417,6.2,15.3,563849,563849,,2023-W23,343.72,0
2023-W22,2023-05-28,서울,01,SARS-CoV-2,0,,,75118.99,,0.2688,46.7,20.1,9667667,,no_measurement,2023-W24,,
2023-W22,2023-05-28,부산,02,SARS-CoV-2,3,482931.12,5.6839,665396.58,642314.0600,0.3205,155.9,19.6,2961386,2464725,,2023-W24,541581.69,0
2023-W22,2023-05-28,대구,03,SARS-CoV-2,2,5211410.27,6.7170,7357441.94,5738796.5750,0.6700,56.2,20.8,1948639,1679730,,2023-W24,7427850.15,0
2023-W22,2023-05-28,인천,04,SARS-CoV-2,5,19145.41,4.2821,50784.43,52256.4925,0.4274,53.1,19.3,2579599,1786450,,2023-W24,23932.10,0
2023-W22,2023-05-28,광주,05,SARS-CoV-2,3,3910.99,3.5924,6869.10,8019.6000,-0.1412,78.4,21.1,691807,691807,,2023-W24,2176.74,0
2023-W22,2023-05-28,대전,06,SARS-CoV-2,2,261903.79,5.4181,231357.28,207134.4325,-0.0357,58.6,21.5,1439687,2913348,,2023-W24,232450.89,0
2023-W22,2023-05-28,울산,07,SARS-CoV-2,4,199506.10,5.3000,274995.63,251522.7600,0.5970,110.9,19.7,1218898,1218898,,2023-W24,1487149.92,1
2023-W22,2023-05-28,세종,08,SARS-CoV-2,3,2037978.96,6.3092,1419130.87,1287218.0425,-0.6709,53.2,21.3,343577,336440,,2023-W24,2037978.96,1
2023-W22,2023-05-28,경기,09,SARS-CoV-2,1,69789.32,4.8438,133407.08,160986.4650,0.2106,58.2,20.3,6563383,45108,,2023-W24,106421.67,0
2023-W22,2023-05-28,강원,10,SARS-CoV-2,3,27793.10,4.4440,27184.49,27403.6950,0.2897,42.5,16.3,816637,536638,,2023-W24,19844.88,0
2023-W22,2023-05-28,충북,11,SARS-CoV-2,5,5149.77,3.7119,7152.95,13346.9500,0.4320,66.6,20.4,374120,251076,,2023-W24,9752.74,0
2023-W22,2023-05-28,충남,12,SARS-CoV-2,1,6253.38,3.7962,9931.26,12153.2375,0.1565,48.6,21.2,1408091,76774,,2023-W24,22905.28,1
2023-W22,2023-05-28,전북,13,SARS-CoV-2,2,83559.61,4.9220,145059.73,166107.9175,0.4840,66.3,20.1,1043386,635558,,2023-W24,100696.39,0
2023-W22,2023-05-28,전남,14,SARS-CoV-2,8,47868.72,4.6801,111687.28,93712.6975,0.7662,51.8,19.8,1017979,885968,,2023-W24,49176.88,0
2023-W22,2023-05-28,경북,15,SARS-CoV-2,5,77003.17,4.8865,157487.18,144065.8600,0.5345,73.9,19.6,1287477,623669,,2023-W24,127090.48,0
2023-W22,2023-05-28,경남,16,SARS-CoV-2,0,,,1156.63,,,53.6,20.2,1723394,,no_measurement,2023-W24,,
2023-W22,2023-05-28,제주,17,SARS-CoV-2,8,470.95,2.6739,362.98,335.3525,-0.2906,156.5,18.9,563849,563849,,2023-W24,259.14,0
2023-W23,2023-06-04,서울,01,SARS-CoV-2,0,,,13438.07,,0.9699,50.4,19.6,9667667,,no_measurement,2023-W25,,
2023-W23,2023-06-04,부산,02,SARS-CoV-2,3,1208134.96,6.0821,800578.27,801081.1775,-1.5017,0.4,20.4,2961386,2464725,,2023-W25,636444.63,0
2023-W23,2023-06-04,대구,03,SARS-CoV-2,2,4807363.24,6.6819,8604217.37,6719922.2625,0.0775,2.6,23.5,1948639,1679730,,2023-W25,3488356.58,0
2023-W23,2023-06-04,인천,04,SARS-CoV-2,5,52298.90,4.7185,34959.43,51163.0450,-1.7317,63.4,19.2,2579599,1786450,,2023-W25,36156.34,0
2023-W23,2023-06-04,광주,05,SARS-CoV-2,3,5397.10,3.7322,4245.07,6501.1000,-0.3800,1.7,21.2,691807,691807,,2023-W25,3467.42,0
2023-W23,2023-06-04,대전,06,SARS-CoV-2,2,244154.63,5.3877,252977.32,234556.6175,0.0678,8.6,22.0,1439687,2913348,,2023-W25,134780.80,0
2023-W23,2023-06-04,울산,07,SARS-CoV-2,4,352223.49,5.5468,348919.60,294302.5950,-0.7655,0.4,21.1,1218898,1218898,,2023-W25,1336218.94,1
2023-W23,2023-06-04,세종,08,SARS-CoV-2,3,1754617.72,6.2442,1670754.41,1503002.5875,0.1390,10.8,22.1,343577,336440,,2023-W25,1061122.20,0
2023-W23,2023-06-04,경기,09,SARS-CoV-2,2,138458.01,5.1413,98886.33,134669.8125,-0.9839,36.3,20.4,6563383,168061,,2023-W25,73367.38,0
2023-W23,2023-06-04,강원,10,SARS-CoV-2,3,29110.64,4.4641,32010.93,27666.0225,-0.0474,22.4,16.7,816637,536638,,2023-W25,27023.80,0
2023-W23,2023-06-04,충북,11,SARS-CoV-2,5,5085.13,3.7064,6433.74,6635.9950,0.0126,25.8,21.3,374120,251076,,2023-W25,10374.00,1
2023-W23,2023-06-04,충남,12,SARS-CoV-2,1,9460.80,3.9760,7709.21,9813.6425,-0.5129,9.3,21.4,1408091,76774,,2023-W25,8164.44,0
2023-W23,2023-06-04,전북,13,SARS-CoV-2,2,70980.30,4.8511,105492.42,126539.8750,0.1505,23.9,20.1,1043386,635558,,2023-W25,123134.78,0
2023-W23,2023-06-04,전남,14,SARS-CoV-2,8,43789.47,4.6414,98811.35,94712.8250,0.0852,2.9,20.0,1017979,885968,,2023-W25,71583.33,0
2023-W23,2023-06-04,경북,15,SARS-CoV-2,4,71332.00,4.8533,104582.94,135948.3850,0.0736,13.6,22.3,1287477,518679,,2023-W25,112324.33,0
2023-W23,2023-06-04,경남,16,SARS-CoV-2,1,6555.11,3.8166,6555.11,3855.8700,,2.3,21.3,1723394,691333,,2023-W25,,
2023-W23,2023-06-04,제주,17,SARS-CoV-2,8,343.72,2.5375,393.19,358.1700,0.2701,54.2,17.5,563849,563849,,2023-W25,352.89,0
2023-W24,2023-06-11,서울,01,SARS-CoV-2,0,,,7059.61,,-6.6338,20.3,20.5,9667667,,no_measurement,2023-W26,,
2023-W24,2023-06-11,부산,02,SARS-CoV-2,3,541581.69,5.7337,744215.92,735829.1300,0.5517,29.4,21.6,2961386,2464725,,2023-W26,1768911.46,1
2023-W24,2023-06-11,대구,03,SARS-CoV-2,2,7427850.15,6.8709,5815541.22,8310125.5650,-0.5451,54.1,23.4,1948639,1679730,,2023-W26,4641608.80,0
2023-W24,2023-06-11,인천,04,SARS-CoV-2,5,23932.10,4.3790,31792.14,32202.6000,0.5424,6.2,19.7,2579599,1786450,,2023-W26,90535.97,1
2023-W24,2023-06-11,광주,05,SARS-CoV-2,3,2176.74,3.3380,3828.28,3727.9875,0.5967,6.1,23.0,691807,691807,,2023-W26,2409.19,0
2023-W24,2023-06-11,대전,06,SARS-CoV-2,2,232450.89,5.3663,246169.77,247845.7100,0.0479,17.6,23.3,1439687,2913348,,2023-W26,159877.83,0
2023-W24,2023-06-11,울산,07,SARS-CoV-2,4,1487149.92,6.1724,679626.51,633477.1800,-3.2222,40.5,21.9,1218898,1218898,,2023-W26,460672.30,0
2023-W24,2023-06-11,세종,08,SARS-CoV-2,3,2037978.96,6.3092,1943525.21,1762560.5475,-0.1615,14.7,23.0,343577,336440,,2023-W26,619597.83,0
2023-W24,2023-06-11,경기,09,SARS-CoV-2,2,106421.67,5.0270,104889.67,100770.1650,0.2314,8.1,21.0,6563383,168061,,2023-W26,78150.56,0
2023-W24,2023-06-11,강원,10,SARS-CoV-2,3,19844.88,4.2977,25582.87,28969.4125,0.3183,16.8,17.1,816637,536638,,2023-W26,13190.87,0
2023-W24,2023-06-11,충북,11,SARS-CoV-2,5,9752.74,3.9892,6662.54,7263.4875,-0.9179,13.5,21.4,374120,251076,,2023-W26,1833.03,0
2023-W24,2023-06-11,충남,12,SARS-CoV-2,1,22905.28,4.3600,12873.15,11508.2300,-1.4211,7.4,22.0,1408091,76774,,2023-W26,5708.14,0
2023-W24,2023-06-11,전북,13,SARS-CoV-2,2,100696.39,5.0030,85078.77,104293.4150,-0.4187,10.6,20.9,1043386,635558,,2023-W26,77243.58,0
2023-W24,2023-06-11,전남,14,SARS-CoV-2,8,49176.88,4.6918,46945.02,86402.7350,-0.1230,9.4,22.2,1017979,885968,,2023-W26,37964.51,0
2023-W24,2023-06-11,경북,15,SARS-CoV-2,5,127090.48,5.1041,91808.55,110209.8225,-0.7817,43.0,21.9,1287477,623669,,2023-W26,79417.90,0
2023-W24,2023-06-11,경남,16,SARS-CoV-2,0,,,6555.11,,,35.2,21.8,1723394,,no_measurement,2023-W26,,
2023-W24,2023-06-11,제주,17,SARS-CoV-2,8,259.14,2.4152,357.94,359.6775,0.2461,10.0,19.0,563849,563849,,2023-W26,499.45,1
2023-W25,2023-06-18,서울,01,SARS-CoV-2,0,,,5637.77,,-2.2519,42.2,22.8,9667667,,no_measurement,2023-W27,,
2023-W25,2023-06-18,부산,02,SARS-CoV-2,3,636444.63,5.8038,795387.09,717273.1000,-0.1752,34.8,22.6,2961386,2464725,,2023-W27,1311208.40,1
2023-W25,2023-06-18,대구,03,SARS-CoV-2,1,3488356.58,6.5426,5241189.99,5233745.0600,0.5304,20.6,24.5,1948639,792633,,2023-W27,11476760.78,1
2023-W25,2023-06-18,인천,04,SARS-CoV-2,5,36156.34,4.5582,37462.45,32883.1875,-0.5108,55.1,21.9,2579599,1786450,,2023-W27,30509.19,0
2023-W25,2023-06-18,광주,05,SARS-CoV-2,3,3467.42,3.5401,3680.42,3738.0625,-0.5929,10.2,24.6,691807,691807,,2023-W27,7824.54,1
2023-W25,2023-06-18,대전,06,SARS-CoV-2,2,134780.80,5.1296,203795.44,218322.5275,0.4202,13.6,25.4,1439687,2913348,,2023-W27,160627.55,0
2023-W25,2023-06-18,울산,07,SARS-CoV-2,4,1336218.94,6.1259,1058530.79,843774.6125,0.1015,30.8,22.9,1218898,1218898,,2023-W27,2342567.27,1
2023-W25,2023-06-18,세종,08,SARS-CoV-2,3,1061122.20,6.0258,1617906.29,1722924.4600,0.4793,35.7,25.2,343577,336440,,2023-W27,1414882.27,0
2023-W25,2023-06-18,경기,09,SARS-CoV-2,2,73367.38,4.8655,106082.35,97009.0950,0.3106,71.3,23.5,6563383,168061,,2023-W27,118650.38,0
2023-W25,2023-06-18,강원,10,SARS-CoV-2,3,27023.80,4.4318,25326.44,25943.1050,-0.3618,34.7,18.7,816637,536638,,2023-W27,21407.37,0
2023-W25,2023-06-18,충북,11,SARS-CoV-2,5,10374.00,4.0160,8403.95,7590.4100,-0.0637,29.8,23.9,374120,251076,,2023-W27,14693.02,1
2023-W25,2023-06-18,충남,12,SARS-CoV-2,2,8164.44,3.9120,13510.18,11695.9750,0.6436,22.5,24.2,1408091,620168,,2023-W27,3694.36,0
2023-W25,2023-06-18,전북,13,SARS-CoV-2,2,123134.78,5.0904,98270.49,94592.7700,-0.2228,21.6,22.8,1043386,635558,,2023-W27,88591.84,0
2023-W25,2023-06-18,전남,14,SARS-CoV-2,8,71583.33,4.8548,54849.89,53104.6000,-0.4556,10.0,22.6,1017979,885968,,2023-W27,92399.85,1
2023-W25,2023-06-18,경북,15,SARS-CoV-2,5,112324.33,5.0505,103582.27,96937.4950,0.1162,43.0,22.8,1287477,623669,,2023-W27,132184.35,1
2023-W25,2023-06-18,경남,16,SARS-CoV-2,0,,,6555.11,,,28.8,23.5,1723394,,no_measurement,2023-W27,,
2023-W25,2023-06-18,제주,17,SARS-CoV-2,8,352.89,2.5489,318.58,356.6750,-0.3618,24.1,19.4,563849,563849,,2023-W27,693.39,1
2023-W26,2023-06-25,서울,01,SARS-CoV-2,0,,,15353.17,,-1.3629,105.8,24.1,9667667,,no_measurement,2023-W28,,
2023-W26,2023-06-25,부산,02,SARS-CoV-2,3,1768911.46,6.2477,982312.59,1038768.1850,-1.7794,164.5,23.0,2961386,2464725,,2023-W28,2386384.75,1
2023-W26,2023-06-25,대구,03,SARS-CoV-2,2,4641608.80,6.6667,5185938.51,5091294.6925,-0.3306,102.1,25.0,1948639,1679730,,2023-W28,15683432.35,1
2023-W26,2023-06-25,인천,04,SARS-CoV-2,5,90535.97,4.9568,50208.14,50730.8275,-1.5040,97.3,23.9,2579599,1786450,,2023-W28,45386.78,0
2023-W26,2023-06-25,광주,05,SARS-CoV-2,3,2409.19,3.3821,2684.45,3362.6125,0.3052,172.7,24.2,691807,691807,,2023-W28,11032.48,1
2023-W26,2023-06-25,대전,06,SARS-CoV-2,2,159877.83,5.2038,175703.17,192816.0375,-0.1862,120.9,25.4,1439687,2913348,,2023-W28,116858.02,0
2023-W26,2023-06-25,울산,07,SARS-CoV-2,4,460672.30,5.6634,1094680.39,909066.1625,0.6552,88.4,23.9,1218898,1218898,,2023-W28,1481941.00,1
2023-W26,2023-06-25,세종,08,SARS-CoV-2,3,619597.83,5.7921,1239566.33,1368329.1775,0.4161,99.0,25.3,343577,336440,,2023-W28,1690161.53,0
2023-W26,2023-06-25,경기,09,SARS-CoV-2,2,78150.56,4.8929,85979.87,99099.4050,-0.0652,141.2,24.3,6563383,168061,,2023-W28,156549.79,1
2023-W26,2023-06-25,강원,10,SARS-CoV-2,3,13190.87,4.1203,20019.85,22292.5475,0.5119,128.3,21.0,816637,536638,,2023-W28,19241.49,0
2023-W26,2023-06-25,충북,11,SARS-CoV-2,5,1833.03,3.2634,7319.92,6761.2250,0.8233,87.9,24.6,374120,251076,,2023-W28,,
2023-W26,2023-06-25,충남,12,SARS-CoV-2,1,5708.14,3.7566,12259.29,11559.6650,0.3009,93.5,25.1,1408091,76774,,2023-W28,16702.83,1
2023-W26,2023-06-25,전북,13,SARS-CoV-2,2,77243.58,4.8879,100358.25,93013.7625,0.3727,140.8,23.5,1043386,635558,,2023-W28,86391.87,0
2023-W26,2023-06-25,전남,14,SARS-CoV-2,8,37964.51,4.5794,52908.24,50628.5475,0.4696,154.8,22.8,1017979,885968,,2023-W28,66410.18,1
2023-W26,2023-06-25,경북,15,SARS-CoV-2,5,79417.90,4.8999,106277.57,97541.1775,0.2930,130.2,24.0,1287477,623669,,2023-W28,136138.29,1
2023-W26,2023-06-25,경남,16,SARS-CoV-2,0,,,,,,119.0,23.0,1723394,,no_measurement,2023-W28,2221.46,
2023-W26,2023-06-25,제주,17,SARS-CoV-2,8,499.45,2.6994,370.49,363.8000,-0.4153,160.4,22.0,563849,563849,,2023-W28,664.80,1
2023-W27,2023-07-02,서울,01,SARS-CoV-2,0,,,14231.04,,0.9834,50.0,24.7,9667667,,no_measurement,2023-W29,,
2023-W27,2023-07-02,부산,02,SARS-CoV-2,3,1311208.40,6.1177,1238854.83,1064536.5450,0.2587,93.5,23.9,2961386,2464725,,2023-W29,971935.29,0
2023-W27,2023-07-02,대구,03,SARS-CoV-2,2,11476760.78,7.0598,6535575.39,6758644.0775,-1.4726,95.5,25.3,1948639,1679730,,2023-W29,9040619.47,1
2023-W27,2023-07-02,인천,04,SARS-CoV-2,5,30509.19,4.4844,52400.50,45283.4000,0.6630,45.1,24.7,2579599,1786450,,2023-W29,64102.54,1
2023-W27,2023-07-02,광주,05,SARS-CoV-2,3,7824.54,3.8935,4567.05,3969.4725,-2.2478,119.7,24.8,691807,691807,,2023-W29,9525.15,1
2023-W27,2023-07-02,대전,06,SARS-CoV-2,1,160627.55,5.2058,151762.06,171934.2675,-0.0047,72.9,25.5,1439687,1456674,,2023-W29,377242.98,1
2023-W27,2023-07-02,울산,07,SARS-CoV-2,4,2342567.27,6.3697,1379819.50,1406652.1075,-4.0851,82.7,24.3,1218898,1218898,,2023-W29,596203.28,0
2023-W27,2023-07-02,세종,08,SARS-CoV-2,3,1414882.27,6.1507,1031867.44,1283395.3150,-1.2835,50.2,25.4,343577,336440,,2023-W29,5317604.59,1
2023-W27,2023-07-02,경기,09,SARS-CoV-2,2,118650.38,5.0743,90056.11,94147.4975,-0.5182,43.2,24.9,6563383,168061,,2023-W29,61778.14,0
2023-W27,2023-07-02,강원,10,SARS-CoV-2,3,21407.37,4.3306,20540.68,20366.7300,-0.6229,48.8,22.3,816637,536638,,2023-W29,31446.78,1
2023-W27,2023-07-02,충북,11,SARS-CoV-2,5,14693.02,4.1671,8966.68,9163.1975,-7.0157,41.1,24.8,374120,251076,,2023-W29,36367.95,1
2023-W27,2023-07-02,충남,12,SARS-CoV-2,1,3694.36,3.5677,5855.65,10118.0550,0.3528,28.0,25.3,1408091,76774,,2023-W29,34532.26,1
2023-W27,2023-07-02,전북,13,SARS-CoV-2,2,88591.84,4.9474,96323.40,97416.6475,-0.1469,121.8,24.0,1043386,635558,,2023-W29,65477.11,0
2023-W27,2023-07-02,전남,14,SARS-CoV-2,8,92399.85,4.9657,67315.90,62781.1425,-1.4338,113.2,23.4,1017979,885968,,2023-W29,48918.74,0
2023-W27,2023-07-02,경북,15,SARS-CoV-2,5,132184.35,5.1212,107975.53,112754.2650,-0.6644,75.0,24.5,1287477,623669,,2023-W29,189863.00,1
2023-W27,2023-07-02,경남,16,SARS-CoV-2,0,,,,,,87.6,23.9,1723394,,no_measurement,2023-W29,2034.99,
2023-W27,2023-07-02,제주,17,SARS-CoV-2,8,693.39,2.8416,515.24,451.2175,-0.3883,129.6,23.7,563849,563849,,2023-W29,1019.99,1
2023-W28,2023-07-09,서울,01,SARS-CoV-2,0,,,10723.66,,-3.1146,227.8,24.2,9667667,,no_measurement,2023-W30,,
2023-W28,2023-07-09,부산,02,SARS-CoV-2,3,2386384.75,6.3777,1822168.20,1525737.3100,-0.8200,180.8,24.7,2961386,2464725,,2023-W30,8459386.40,1
2023-W28,2023-07-09,대구,03,SARS-CoV-2,2,15683432.35,7.1954,10600600.64,8822539.6275,-0.3665,138.8,25.9,1948639,1679730,,2023-W30,9232965.90,0
2023-W28,2023-07-09,인천,04,SARS-CoV-2,5,45386.78,4.6569,55477.31,50647.0700,-0.4876,212.1,24.4,2579599,1786450,,2023-W30,24751.97,0
2023-W28,2023-07-09,광주,05,SARS-CoV-2,3,11032.48,4.0427,7088.74,6183.4075,-0.4100,93.2,25.9,691807,691807,,2023-W30,7436.93,0
2023-W28,2023-07-09,대전,06,SARS-CoV-2,2,116858.02,5.0677,145787.80,143036.0500,0.2725,230.3,25.6,1439687,2913348,,2023-W30,465641.40,1
2023-W28,2023-07-09,울산,07,SARS-CoV-2,4,1481941.00,6.1708,1428393.52,1405349.8775,0.3674,50.7,25.9,1218898,1218898,,2023-W30,2724063.35,1
2023-W28,2023-07-09,세종,08,SARS-CoV-2,3,1690161.53,6.2279,1241547.21,1196440.9575,-0.1946,213.5,25.2,343577,336440,,2023-W30,5481793.31,1
2023-W28,2023-07-09,경기,09,SARS-CoV-2,2,156549.79,5.1947,117783.58,106679.5275,-0.3194,268.6,23.8,6563383,168061,,2023-W30,393933.12,1
2023-W28,2023-07-09,강원,10,SARS-CoV-2,3,19241.49,4.2843,17946.58,20215.8825,0.1012,158.4,21.3,816637,536638,,2023-W30,54438.34,1
2023-W28,2023-07-09,충북,11,SARS-CoV-2,0,,,8263.02,8966.6833,,242.4,24.5,374120,,no_measurement,2023-W30,24975.59,1
2023-W28,2023-07-09,충남,12,SARS-CoV-2,2,16702.83,4.2228,8701.78,8567.4425,-3.5212,221.8,25.3,1408091,620168,,2023-W30,54490.93,1
2023-W28,2023-07-09,전북,13,SARS-CoV-2,2,86391.87,4.9365,84075.76,93840.5175,0.0248,191.8,24.6,1043386,635558,,2023-W30,96318.99,0
2023-W28,2023-07-09,전남,14,SARS-CoV-2,5,66410.18,4.8222,65591.51,67089.4675,0.2813,89.2,25.0,1017979,338842,,2023-W30,62923.19,0
2023-W28,2023-07-09,경북,15,SARS-CoV-2,5,136138.29,5.1340,115913.51,115016.2175,-0.0299,136.5,24.5,1287477,623669,,2023-W30,292124.47,1
2023-W28,2023-07-09,경남,16,SARS-CoV-2,1,2221.46,3.3468,2221.46,,,92.3,24.7,1723394,254869,,2023-W30,2746.88,
2023-W28,2023-07-09,제주,17,SARS-CoV-2,8,664.80,2.8233,619.21,552.6325,0.0412,20.3,24.5,563849,563849,,2023-W30,1945.29,1
2023-W29,2023-07-16,서울,01,SARS-CoV-2,0,,,26071.26,,-36.3487,32.2,25.1,9667667,,no_measurement,2023-W31,,
2023-W29,2023-07-16,부산,02,SARS-CoV-2,3,971935.29,5.9876,1556509.48,1609609.9750,0.5927,120.0,24.7,2961386,2464725,,2023-W31,2924982.03,1
2023-W29,2023-07-16,대구,03,SARS-CoV-2,2,9040619.47,6.9562,12066937.53,10210605.3500,0.4236,100.0,25.6,1948639,1679730,,2023-W31,10261248.72,0
2023-W29,2023-07-16,인천,04,SARS-CoV-2,5,64102.54,4.8069,46666.17,57633.6200,-0.4124,40.3,24.8,2579599,1786450,,2023-W31,,
2023-W29,2023-07-16,광주,05,SARS-CoV-2,3,9525.15,3.9789,9460.72,7697.8400,0.1366,159.1,25.2,691807,691807,,2023-W31,12363.27,1
2023-W29,2023-07-16,대전,06,SARS-CoV-2,2,377242.98,5.5766,218242.85,203651.5950,-2.2282,114.6,25.5,1439687,2913348,,2023-W31,748648.52,1
2023-W29,2023-07-16,울산,07,SARS-CoV-2,4,596203.28,5.7754,1473570.51,1220345.9625,0.5977,73.0,24.9,1218898,1218898,,2023-W31,2686097.93,1
2023-W29,2023-07-16,세종,08,SARS-CoV-2,3,5317604.59,6.7257,2807549.47,2260561.5550,-2.1462,84.1,25.4,343577,336440,,2023-W31,5110293.58,1
2023-W29,2023-07-16,경기,09,SARS-CoV-2,2,61778.14,4.7908,112326.10,103782.2175,0.6054,38.1,25.0,6563383,168061,,2023-W31,791893.38,1
2023-W29,2023-07-16,강원,10,SARS-CoV-2,3,31446.78,4.4976,24031.88,21321.6275,-0.6343,29.9,22.2,816637,536638,,2023-W31,159294.21,1
2023-W29,2023-07-16,충북,11,SARS-CoV-2,4,36367.95,4.5607,25530.48,17631.3333,,74.5,24.9,374120,241136,,2023-W31,96629.24,1
2023-W29,2023-07-16,충남,12,SARS-CoV-2,2,34532.26,4.5382,18309.81,15159.3975,-1.0674,73.9,25.4,1408091,620168,,2023-W31,6591.32,0
2023-W29,2023-07-16,전북,13,SARS-CoV-2,2,65477.11,4.8161,80153.61,79426.1000,0.2421,139.7,24.3,1043386,635558,,2023-W31,358208.71,1
2023-W29,2023-07-16,전남,14,SARS-CoV-2,8,48918.74,4.6895,69242.92,61423.3200,0.2634,158.0,24.0,1017979,885968,,2023-W31,323924.78,1
2023-W29,2023-07-16,경북,15,SARS-CoV-2,5,189863.00,5.2784,152728.55,134400.8850,-0.3946,96.9,24.4,1287477,623669,,2023-W31,272709.75,1
2023-W29,2023-07-16,경남,16,SARS-CoV-2,1,2034.99,3.3088,2128.22,2128.2250,0.0839,70.0,24.4,1723394,313505,,2023-W31,617.24,0
2023-W29,2023-07-16,제주,17,SARS-CoV-2,8,1019.99,3.0090,792.73,719.4075,-0.5343,156.2,22.9,563849,563849,,2023-W31,4103.21,1
2023-W30,2023-07-23,서울,01,SARS-CoV-2,0,,,102395.27,,-2.0315,107.3,25.8,9667667,,no_measurement,2023-W32,,
2023-W30,2023-07-23,부산,02,SARS-CoV-2,3,8459386.40,6.9273,3939235.48,3282228.7100,-7.7037,20.1,27.0,2961386,2464725,,2023-W32,2304103.92,0
2023-W30,2023-07-23,대구,03,SARS-CoV-2,2,9232965.90,6.9653,11319005.91,11358444.6250,-0.0213,55.2,27.5,1948639,1679730,,2023-W32,7914728.71,0
2023-W30,2023-07-23,인천,04,SARS-CoV-2,5,24751.97,4.3936,44747.10,41187.6200,0.6139,84.2,25.9,2579599,1786450,,2023-W32,104470.54,1
2023-W30,2023-07-23,광주,05,SARS-CoV-2,3,7436.93,3.8715,9331.52,8954.7750,0.2192,87.8,26.3,691807,691807,,2023-W32,6700.10,0
2023-W30,2023-07-23,대전,06,SARS-CoV-2,2,465641.40,5.6681,319914.13,280092.4875,-0.2343,59.6,26.6,1439687,2913348,,2023-W32,543376.13,1
2023-W30,2023-07-23,울산,07,SARS-CoV-2,4,2724063.35,6.4352,1600735.87,1786193.7250,-3.5690,12.8,27.4,1218898,1218898,,2023-W32,6423861.27,1
2023-W30,2023-07-23,세종,08,SARS-CoV-2,3,5481793.31,6.7389,4163186.48,3476110.4250,-0.0309,51.3,26.4,343577,336440,,2023-W32,3988054.98,0
2023-W30,2023-07-23,경기,09,SARS-CoV-2,2,393933.12,5.5954,204087.02,182727.8575,-5.3766,75.3,25.6,6563383,168061,,2023-W32,23704.26,0
2023-W30,2023-07-23,강원,10,SARS-CoV-2,3,54438.34,4.7359,35042.20,31633.4950,-0.7311,39.9,23.1,816637,536638,,2023-W32,155538.49,1
2023-W30,2023-07-23,충북,11,SARS-CoV-2,5,24975.59,4.3975,30671.77,25345.5200,0.3133,64.7,25.9,374120,251076,,2023-W32,13095.71,0
2023-W30,2023-07-23,충남,12,SARS-CoV-2,2,54490.93,4.7363,35242.00,27355.0950,-0.5780,75.9,26.8,1408091,620168,,2023-W32,5396.52,0
2023-W30,2023-07-23,전북,13,SARS-CoV-2,2,96318.99,4.9837,82729.32,84194.9525,-0.4710,93.4,25.3,1043386,635558,,2023-W32,425207.72,1
2023-W30,2023-07-23,전남,14,SARS-CoV-2,8,62923.19,4.7988,59417.37,67662.9900,-0.2863,62.7,25.3,1017979,885968,,2023-W32,266139.37,1
2023-W30,2023-07-23,경북,15,SARS-CoV-2,5,292124.47,5.4656,206041.92,187577.5275,-0.5386,16.4,26.7,1287477,623669,,2023-W32,84121.96,0
2023-W30,2023-07-23,경남,16,SARS-CoV-2,2,2746.88,3.4390,2334.44,2334.4433,-0.3498,39.3,25.8,1723394,568374,,2023-W32,1063.24,0
2023-W30,2023-07-23,제주,17,SARS-CoV-2,8,1945.29,3.2892,1210.03,1080.8675,-0.9072,66.7,23.5,563849,563849,,2023-W32,1479.39,1
2023-W31,2023-07-30,서울,01,SARS-CoV-2,0,,,275940.42,,-1.2777,0.7,27.5,9667667,,no_measurement,2023-W33,,
2023-W31,2023-07-30,부산,02,SARS-CoV-2,3,2924982.03,6.4661,4118767.91,3685672.1175,0.6542,0.8,28.9,2961386,2464725,,2023-W33,1386925.61,0
2023-W31,2023-07-30,대구,03,SARS-CoV-2,2,10261248.72,7.0112,9511611.36,11054566.6100,-0.1114,2.8,29.8,1948639,1679730,,2023-W33,10012287.97,0
2023-W31,2023-07-30,인천,04,SARS-CoV-2,0,,,44427.26,44747.0967,,2.3,27.6,2579599,,no_measurement,2023-W33,178080.98,1
2023-W31,2023-07-30,광주,05,SARS-CoV-2,3,12363.27,4.0922,9775.12,10089.4575,-0.6624,2.2,28.1,691807,691807,,2023-W33,10449.64,0
2023-W31,2023-07-30,대전,06,SARS-CoV-2,2,748648.52,5.8743,530510.96,427097.7300,-0.6078,6.6,28.8,1439687,2913348,,2023-W33,359159.54,0
2023-W31,2023-07-30,울산,07,SARS-CoV-2,4,2686097.93,6.4291,2002121.52,1872076.3900,0.0139,3.0,28.2,1218898,1218898,,2023-W33,976099.11,0
2023-W31,2023-07-30,세종,08,SARS-CoV-2,3,5110293.58,6.7084,5303230.50,4399963.2525,0.0678,4.1,28.7,343577,336440,,2023-W33,2970014.39,0
2023-W31,2023-07-30,경기,09,SARS-CoV-2,2,791893.38,5.8987,415868.21,351038.6075,-1.0102,3.7,27.9,6563383,168061,,2023-W33,54256.62,0
2023-W31,2023-07-30,강원,10,SARS-CoV-2,3,159294.21,5.2022,81726.44,66105.2050,-1.9261,2.4,24.7,816637,536638,,2023-W33,28624.46,0
2023-W31,2023-07-30,충북,11,SARS-CoV-2,5,96629.24,4.9851,52657.59,52657.5933,-2.8689,3.7,28.1,374120,251076,,2023-W33,4841.37,0
2023-W31,2023-07-30,충남,12,SARS-CoV-2,2,6591.32,3.8190,31871.50,28079.3350,0.8790,3.0,28.6,1408091,620168,,2023-W33,39596.31,1
2023-W31,2023-07-30,전북,13,SARS-CoV-2,2,358208.71,5.5541,173334.94,151599.1700,-2.7190,7.0,27.4,1043386,635558,,2023-W33,268018.85,1
2023-W31,2023-07-30,전남,14,SARS-CoV-2,8,323924.78,5.5104,145255.57,125544.2225,-4.1479,2.4,27.1,1017979,885968,,2023-W33,195096.40,1
2023-W31,2023-07-30,경북,15,SARS-CoV-2,5,272709.75,5.4357,251565.74,222708.8775,0.0665,0.9,28.5,1287477,623669,,2023-W33,43129.08,0
2023-W31,2023-07-30,경남,16,SARS-CoV-2,1,617.24,2.7912,1799.71,1905.1425,0.7753,1.0,28.2,1723394,313505,,2023-W33,5331.46,1
2023-W31,2023-07-30,제주,17,SARS-CoV-2,6,4103.21,3.6132,2356.17,1933.3225,-1.1093,15.9,24.3,563849,476696,,2023-W33,1507.04,0
2023-W32,2023-08-06,서울,01,SARS-CoV-2,0,,,263264.20,,0.9279,135.3,25.8,9667667,,no_measurement,2023-W34,,
2023-W32,2023-08-06,부산,02,SARS-CoV-2,3,2304103.92,6.3625,4562824.12,3665101.9100,0.2123,148.9,27.3,2961386,2464725,,2023-W34,1152915.77,0
2023-W32,2023-08-06,대구,03,SARS-CoV-2,2,7914728.71,6.8984,9136314.44,9112390.7000,0.2287,134.8,27.5,1948639,1679730,,2023-W34,50824297.61,1
2023-W32,2023-08-06,인천,04,SARS-CoV-2,5,104470.54,5.0190,64611.25,64441.6833,,129.1,26.1,2579599,1786450,,2023-W34,66112.72,0
2023-W32,2023-08-06,광주,05,SARS-CoV-2,3,6700.10,3.8261,8833.43,9006.3625,0.4581,90.6,26.8,691807,691807,,2023-W34,10036.85,0
2023-W32,2023-08-06,대전,06,SARS-CoV-2,2,543376.13,5.7351,585888.68,533727.2575,0.2742,223.8,26.9,1439687,2913348,,2023-W34,250518.50,0
2023-W32,2023-08-06,울산,07,SARS-CoV-2,4,6423861.27,6.8078,3944674.18,3107556.4575,-1.3915,113.9,26.7,1218898,1218898,,2023-W34,2025129.03,0
2023-W32,2023-08-06,세종,08,SARS-CoV-2,3,3988054.98,6.6008,4860047.29,4974436.6150,0.2196,184.9,26.7,343577,336440,,2023-W34,7173818.95,1
2023-W32,2023-08-06,경기,09,SARS-CoV-2,2,23704.26,4.3748,403176.92,317827.2250,0.9701,149.7,25.6,6563383,168061,,2023-W34,146453.43,0
2023-W32,2023-08-06,강원,10,SARS-CoV-2,3,155538.49,5.1918,123090.35,100179.4550,0.0236,124.7,21.6,816637,536638,,2023-W34,60311.62,0
2023-W32,2023-08-06,충북,11,SARS-CoV-2,5,13095.71,4.1172,44900.18,42767.1225,0.8645,208.3,25.7,374120,251076,,2023-W34,44779.87,0
2023-W32,2023-08-06,충남,12,SARS-CoV-2,2,5396.52,3.7322,22159.59,25252.7575,0.1813,146.8,26.9,1408091,620168,,2023-W34,9937.15,0
2023-W32,2023-08-06,전북,13,SARS-CoV-2,2,425207.72,5.6286,293245.14,236303.1325,-0.1870,222.7,25.7,1043386,635558,,2023-W34,201713.18,0
2023-W32,2023-08-06,전남,14,SARS-CoV-2,8,266139.37,5.4251,217662.45,175476.5200,0.1784,167.4,25.9,1017979,885968,,2023-W34,157781.80,0
2023-W32,2023-08-06,경북,15,SARS-CoV-2,5,84121.96,4.9249,216318.73,209704.7950,0.6915,121.5,26.2,1287477,623669,,2023-W34,32074.37,0
2023-W32,2023-08-06,경남,16,SARS-CoV-2,1,1063.24,3.0270,1475.79,1615.5875,-0.7226,168.5,26.5,1723394,254869,,2023-W34,2358.11,1
2023-W32,2023-08-06,제주,17,SARS-CoV-2,8,1479.39,3.1704,2509.30,2136.9700,0.6395,129.6,23.5,563849,563849,,2023-W34,837.30,0
2023-W33,2023-08-13,서울,01,SARS-CoV-2,0,,,192773.00,,0.5224,3.0,26.4,9667667,,no_measurement,2023-W35,,
2023-W33,2023-08-13,부산,02,SARS-CoV-2,3,1386925.61,6.1421,2205337.19,3768849.4900,0.3981,37.8,25.8,2961386,2464725,,2023-W35,838756.81,0
2023-W33,2023-08-13,대구,03,SARS-CoV-2,2,10012287.97,7.0005,9396088.47,9355307.8250,-0.2650,37.3,26.1,1948639,1679730,,2023-W35,6480031.79,0
2023-W33,2023-08-13,인천,04,SARS-CoV-2,5,178080.98,5.2506,141275.76,102434.4967,-0.7046,2.3,26.4,2579599,1786450,,2023-W35,84875.53,0
2023-W33,2023-08-13,광주,05,SARS-CoV-2,3,10449.64,4.0191,9837.67,9237.4850,-0.5596,8.0,26.7,691807,691807,,2023-W35,4746.12,0
2023-W33,2023-08-13,대전,06,SARS-CoV-2,2,359159.54,5.5553,550394.73,529206.3975,0.3390,4.0,27.0,1439687,2913348,,2023-W35,163279.36,0
2023-W33,2023-08-13,울산,07,SARS-CoV-2,4,976099.11,5.9895,3362019.44,3202530.4150,0.8481,26.4,25.4,1218898,1218898,,2023-W35,1806874.09,0
2023-W33,2023-08-13,세종,08,SARS-CoV-2,3,2970014.39,6.4728,4022787.65,4387539.0650,0.2553,4.1,27.1,343577,336440,,2023-W35,5572292.58,0
2023-W33,2023-08-13,경기,09,SARS-CoV-2,2,54256.62,4.7345,289951.42,315946.8450,-1.2889,3.2,26.4,6563383,168061,,2023-W35,208740.83,0
2023-W33,2023-08-13,강원,10,SARS-CoV-2,3,28624.46,4.4568,114485.72,99473.8750,0.8160,12.0,22.4,816637,536638,,2023-W35,87729.80,0
2023-W33,2023-08-13,충북,11,SARS-CoV-2,5,4841.37,3.6851,38188.77,34885.4775,0.6303,5.1,26.2,374120,251076,,2023-W35,11920.38,0
2023-W33,2023-08-13,충남,12,SARS-CoV-2,1,39596.31,4.5977,17194.72,26518.7700,-6.3374,5.6,27.1,1408091,76774,,2023-W35,49565.62,1
2023-W33,2023-08-13,전북,13,SARS-CoV-2,2,268018.85,5.4282,350478.43,286938.5675,0.3697,33.7,25.6,1043386,635558,,2023-W35,150045.77,0
2023-W33,2023-08-13,전남,14,SARS-CoV-2,8,195096.40,5.2903,261720.18,212020.9350,0.2669,35.0,25.7,1017979,885968,,2023-W35,140284.04,0
2023-W33,2023-08-13,경북,15,SARS-CoV-2,5,43129.08,4.6348,133320.27,173021.3150,0.4873,10.6,25.5,1287477,623669,,2023-W35,54674.12,0
2023-W33,2023-08-13,경남,16,SARS-CoV-2,2,5331.46,3.7269,2337.31,2439.7050,-4.0144,52.3,25.7,1723394,568374,,2023-W35,4852.91,1
2023-W33,2023-08-13,제주,17,SARS-CoV-2,8,1507.04,3.1784,2363.21,2258.7325,-0.0187,31.4,23.1,563849,563849,,2023-W35,450.15,0
2023-W34,2023-08-20,서울,01,SARS-CoV-2,0,,,39955.03,,-2.5689,106.6,25.2,9667667,,no_measurement,2023-W36,,
2023-W34,2023-08-20,부산,02,SARS-CoV-2,3,1152915.77,6.0618,1614648.43,1942231.8325,0.1687,71.8,26.6,2961386,2464725,,2023-W36,1223430.14,0
2023-W34,2023-08-20,대구,03,SARS-CoV-2,2,50824297.61,7.7061,22917104.76,19753140.7525,-4.0762,69.2,26.9,1948639,1679730,,2023-W36,4659466.03,0
2023-W34,2023-08-20,인천,04,SARS-CoV-2,5,66112.72,4.8203,116221.41,116221.4133,0.6287,115.7,25.5,2579599,1786450,,2023-W36,53712.29,0
2023-W34,2023-08-20,광주,05,SARS-CoV-2,3,10036.85,4.0016,9062.20,9887.4650,0.0395,50.5,26.2,691807,691807,,2023-W36,7748.53,0
2023-W34,2023-08-20,대전,06,SARS-CoV-2,2,250518.50,5.3988,384351.39,475425.6725,0.3025,49.4,26.5,1439687,2913348,,2023-W36,155816.49,0
2023-W34,2023-08-20,울산,07,SARS-CoV-2,4,2025129.03,6.3065,3141696.47,3027796.8350,-1.0747,49.3,26.4,1218898,1218898,,2023-W36,1236952.83,0
2023-W34,2023-08-20,세종,08,SARS-CoV-2,3,7173818.95,6.8558,4710629.44,4810545.4750,-1.4154,39.9,26.3,343577,336440,,2023-W36,1605382.62,0
2023-W34,2023-08-20,경기,09,SARS-CoV-2,2,146453.43,5.1657,74804.77,254076.9225,-1.6993,144.1,25.2,6563383,168061,,2023-W36,136528.31,0
2023-W34,2023-08-20,강원,10,SARS-CoV-2,3,60311.62,4.7804,81491.52,100942.1950,-1.1070,103.2,22.2,816637,536638,,2023-W36,19187.55,0
2023-W34,2023-08-20,충북,11,SARS-CoV-2,5,44779.87,4.6511,20905.65,39836.5475,-8.2494,106.0,25.6,374120,251076,,2023-W36,25578.67,0
2023-W34,2023-08-20,충남,12,SARS-CoV-2,1,9937.15,3.9973,18309.99,15380.3250,0.7490,49.9,26.3,1408091,76774,,2023-W36,,
2023-W34,2023-08-20,전북,13,SARS-CoV-2,2,201713.18,5.3047,298313.25,313287.1150,0.2474,42.8,25.2,1043386,635558,,2023-W36,231293.83,0
2023-W34,2023-08-20,전남,14,SARS-CoV-2,8,157781.80,5.1981,206339.19,235735.5875,0.1913,53.6,25.4,1017979,885968,,2023-W36,73298.96,0
2023-W34,2023-08-20,경북,15,SARS-CoV-2,5,32074.37,4.5062,53108.47,108008.7900,0.2563,42.6,25.9,1287477,623669,,2023-W36,33926.54,0
2023-W34,2023-08-20,경남,16,SARS-CoV-2,1,2358.11,3.3727,2917.60,2342.5125,0.5577,92.0,25.9,1723394,313505,,2023-W36,3966.17,1
2023-W34,2023-08-20,제주,17,SARS-CoV-2,8,837.30,2.9234,1274.58,1981.7350,0.4444,44.3,22.8,563849,563849,,2023-W36,,
2023-W35,2023-08-27,서울,01,SARS-CoV-2,0,,,33626.65,,0.7091,65.8,22.9,9667667,,no_measurement,2023-W37,,
2023-W35,2023-08-27,부산,02,SARS-CoV-2,3,838756.81,5.9236,1126199.40,1420675.5275,0.2725,150.3,25.3,2961386,2464725,,2023-W37,804132.99,0
2023-W35,2023-08-27,대구,03,SARS-CoV-2,2,6480031.79,6.8116,22438872.46,18807836.5200,0.8725,63.3,25.0,1948639,1679730,,2023-W37,7668695.09,0
2023-W35,2023-08-27,인천,04,SARS-CoV-2,5,84875.53,4.9288,109689.74,108384.9425,-0.2838,56.0,23.2,2579599,1786450,,2023-W37,60348.32,0
2023-W35,2023-08-27,광주,05,SARS-CoV-2,3,4746.12,3.6764,8410.87,7983.1775,0.5271,79.2,24.2,691807,691807,,2023-W37,6250.00,0
2023-W35,2023-08-27,대전,06,SARS-CoV-2,2,163279.36,5.2129,257652.46,329083.3825,0.3482,81.7,23.9,1439687,2913348,,2023-W37,120184.71,0
2023-W35,2023-08-27,울산,07,SARS-CoV-2,4,1806874.09,6.2569,1602700.74,2807990.8750,0.1078,117.7,25.2,1218898,1218898,,2023-W37,158542.12,0
2023-W35,2023-08-27,세종,08,SARS-CoV-2,3,5572292.58,6.7460,5238708.64,4926045.2250,0.2232,66.1,23.7,343577,336440,,2023-W37,1081166.42,0
2023-W35,2023-08-27,경기,09,SARS-CoV-2,2,208740.83,5.3196,136483.62,108288.7850,-0.4253,74.0,22.9,6563383,168061,,2023-W37,158762.47,1
2023-W35,2023-08-27,강원,10,SARS-CoV-2,3,87729.80,4.9432,58888.63,83051.0925,-0.4546,75.8,19.2,816637,536638,,2023-W37,23288.18,0
2023-W35,2023-08-27,충북,11,SARS-CoV-2,5,11920.38,4.0763,20513.87,18659.3325,0.7338,75.2,23.0,374120,251076,,2023-W37,7923.47,0
2023-W35,2023-08-27,충남,12,SARS-CoV-2,1,49565.62,4.6952,33033.02,26123.9000,-3.9879,46.0,23.9,1408091,76774,,2023-W37,9328.94,0
2023-W35,2023-08-27,전북,13,SARS-CoV-2,2,150045.77,5.1762,206592.60,261246.3800,0.2561,67.5,23.2,1043386,635558,,2023-W37,185422.36,0
2023-W35,2023-08-27,전남,14,SARS-CoV-2,8,140284.04,5.1470,164387.41,189825.4025,0.1109,98.9,23.6,1017979,885968,,2023-W37,109761.13,0
2023-W35,2023-08-27,경북,15,SARS-CoV-2,5,54674.12,4.7378,43292.52,53499.8825,-0.7046,40.4,24.0,1287477,623669,,2023-W37,42887.63,0
2023-W35,2023-08-27,경남,16,SARS-CoV-2,2,4852.91,3.6861,4180.83,3401.4300,-1.0580,111.3,23.9,1723394,1004838,,2023-W37,1403.83,0
2023-W35,2023-08-27,제주,17,SARS-CoV-2,8,450.15,2.6543,931.50,1068.4700,0.4624,135.0,22.2,563849,563849,,2023-W37,512.77,0
2023-W36,2023-09-03,서울,01,SARS-CoV-2,0,,,43611.84,,-1.5666,12.5,24.4,9667667,,no_measurement,2023-W38,,
2023-W36,2023-09-03,부산,02,SARS-CoV-2,3,1223430.14,6.0876,1071700.91,1150507.0825,-0.4586,3.3,24.2,2961386,2464725,,2023-W38,1150163.51,0
2023-W36,2023-09-03,대구,03,SARS-CoV-2,2,4659466.03,6.6683,20654598.48,17994020.8500,0.2810,7.4,24.2,1948639,1679730,,2023-W38,5977626.98,0
2023-W36,2023-09-03,인천,04,SARS-CoV-2,5,53712.29,4.7301,68233.51,95695.3800,0.3672,25.2,24.7,2579599,1786450,,2023-W38,1141.92,0
2023-W36,2023-09-03,광주,05,SARS-CoV-2,3,7748.53,3.8893,7510.50,8245.2850,-0.6326,2.9,24.7,691807,691807,,2023-W38,5037.79,0
2023-W36,2023-09-03,대전,06,SARS-CoV-2,2,155816.49,5.1926,189871.45,232193.4725,0.0457,2.0,24.7,1439687,2913348,,2023-W38,185263.36,0
2023-W36,2023-09-03,울산,07,SARS-CoV-2,4,1236952.83,6.0924,1689651.98,1511263.7650,0.3154,10.1,23.9,1218898,1218898,,2023-W38,171867.19,0
2023-W36,2023-09-03,세종,08,SARS-CoV-2,3,1605382.62,6.2056,4783831.38,4330377.1350,0.7119,4.9,24.7,343577,336440,,2023-W38,1808794.07,0
2023-W36,2023-09-03,경기,09,SARS-CoV-2,2,136528.31,5.1352,163907.52,136494.7975,0.3459,10.8,24.1,6563383,168061,,2023-W38,34263.34,0
2023-W36,2023-09-03,강원,10,SARS-CoV-2,3,19187.55,4.2830,55742.99,48963.3575,0.7813,4.0,19.6,816637,536638,,2023-W38,24323.78,0
2023-W36,2023-09-03,충북,11,SARS-CoV-2,5,25578.67,4.4079,27426.31,21780.0725,-1.1458,2.3,23.8,374120,251076,,2023-W38,28900.64,1
2023-W36,2023-09-03,충남,12,SARS-CoV-2,0,,,29751.38,33033.0267,,8.7,25.2,1408091,,no_measurement,2023-W38,14772.55,0
2023-W36,2023-09-03,전북,13,SARS-CoV-2,2,231293.83,5.3642,194350.93,212767.9075,-0.5415,3.5,23.9,1043386,635558,,2023-W38,179868.66,0
2023-W36,2023-09-03,전남,14,SARS-CoV-2,8,73298.96,4.8651,123788.27,141615.3000,0.4775,14.1,23.8,1017979,885968,,2023-W38,35766.17,0
2023-W36,2023-09-03,경북,15,SARS-CoV-2,5,33926.54,4.5306,40225.01,40951.0275,0.3795,4.2,23.2,1287477,623669,,2023-W38,27217.13,0
2023-W36,2023-09-03,경남,16,SARS-CoV-2,2,3966.17,3.5985,3725.73,4127.1625,0.1827,2.1,23.8,1723394,946202,,2023-W38,,
2023-W36,2023-09-03,제주,17,SARS-CoV-2,0,,,643.72,931.4967,,2.4,21.4,563849,,no_measurement,2023-W38,291.72,0
2023-W37,2023-09-10,서울,01,SARS-CoV-2,0,,,54600.90,,-1.0267,55.0,22.6,9667667,,no_measurement,2023-W39,28242.76,
2023-W37,2023-09-10,부산,02,SARS-CoV-2,3,804132.99,5.9053,955439.98,1004808.9275,0.3427,31.7,23.7,2961386,2464725,,2023-W39,1544408.45,1
2023-W37,2023-09-10,대구,03,SARS-CoV-2,2,7668695.09,6.8847,6269397.64,17408122.6300,-0.6458,70.2,23.7,1948639,1679730,,2023-W39,6525665.63,0
2023-W37,2023-09-10,인천,04,SARS-CoV-2,5,60348.32,4.7807,66312.05,66262.2150,-0.1235,56.1,22.7,2579599,1786450,,2023-W39,61115.45,0
2023-W37,2023-09-10,광주,05,SARS-CoV-2,3,6250.00,3.7959,6248.22,7195.3750,0.1934,127.8,23.7,691807,691807,,2023-W39,12532.46,1
2023-W37,2023-09-10,대전,06,SARS-CoV-2,2,120184.71,5.0799,146426.85,172449.7650,0.2287,108.2,23.6,1439687,2913348,,2023-W39,81319.56,0
2023-W37,2023-09-10,울산,07,SARS-CoV-2,4,158542.12,5.2001,1067456.34,1306874.5175,0.8718,36.4,23.2,1218898,1218898,,2023-W39,,
2023-W37,2023-09-10,세종,08,SARS-CoV-2,3,1081166.42,6.0339,2752947.21,3858165.1425,0.3265,129.6,23.3,343577,336440,,2023-W39,4006756.26,0
2023-W37,2023-09-10,경기,09,SARS-CoV-2,2,158762.47,5.2008,168010.54,162621.2600,-0.1629,73.8,22.6,6563383,168061,,2023-W39,225492.39,1
2023-W37,2023-09-10,강원,10,SARS-CoV-2,3,23288.18,4.3672,43401.84,47629.2875,-0.2137,70.1,18.8,816637,536638,,2023-W39,35730.91,0
2023-W37,2023-09-10,충북,11,SARS-CoV-2,5,7923.47,3.8990,15140.84,22550.5975,0.6902,103.1,22.5,374120,251076,,2023-W39,4787.31,0
2023-W37,2023-09-10,충남,12,SARS-CoV-2,1,9328.94,3.9699,29447.28,22943.9033,,116.6,23.5,1408091,543394,,2023-W39,,
2023-W37,2023-09-10,전북,13,SARS-CoV-2,2,185422.36,5.2682,188920.65,192118.7850,0.1983,103.5,22.6,1043386,635558,,2023-W39,,
2023-W37,2023-09-10,전남,14,SARS-CoV-2,5,109761.13,5.0405,107781.38,120281.4825,-0.4974,98.6,22.8,1017979,338842,,2023-W39,56092.52,0
2023-W37,2023-09-10,경북,15,SARS-CoV-2,5,42887.63,4.6323,43829.43,40890.6650,-0.2641,60.3,22.4,1287477,623669,,2023-W39,16407.30,0
2023-W37,2023-09-10,경남,16,SARS-CoV-2,2,1403.83,3.1476,3407.64,3145.2550,0.6460,82.1,22.8,1723394,946202,,2023-W39,610.75,0
2023-W37,2023-09-10,제주,17,SARS-CoV-2,8,512.77,2.7108,481.46,600.0733,,43.0,21.2,563849,563849,,2023-W39,268.87,0
2023-W38,2023-09-17,서울,01,SARS-CoV-2,0,,,49411.91,,0.9680,53.7,20.8,9667667,,no_measurement,2023-W40,9363.93,
2023-W38,2023-09-17,부산,02,SARS-CoV-2,3,1150163.51,6.0608,1059242.21,1004120.8625,-0.4303,53.4,22.4,2961386,2464725,,2023-W40,1355424.44,1
2023-W38,2023-09-17,대구,03,SARS-CoV-2,2,5977626.98,6.7765,6101929.37,6196454.9725,0.2205,100.8,22.4,1948639,1679730,,2023-W40,16363303.01,1
2023-W38,2023-09-17,인천,04,SARS-CoV-2,1,1141.92,3.0580,38400.85,50019.5150,0.9811,53.5,21.1,2579599,106883,,2023-W40,52593.33,0
2023-W38,2023-09-17,광주,05,SARS-CoV-2,3,5037.79,3.7023,6345.44,5945.6100,0.1940,41.6,21.8,691807,691807,,2023-W40,1224.07,0
2023-W38,2023-09-17,대전,06,SARS-CoV-2,2,185263.36,5.2678,153754.85,156135.9800,-0.5415,99.1,21.7,1439687,2913348,,2023-W40,144578.87,0
2023-W38,2023-09-17,울산,07,SARS-CoV-2,4,171867.19,5.2352,522454.05,843559.0575,-0.0840,48.3,22.0,1218898,1218898,,2023-W40,,
2023-W38,2023-09-17,세종,08,SARS-CoV-2,3,1808794.07,6.2574,1498447.70,2516908.9225,-0.6730,119.4,21.4,343577,336440,,2023-W40,438286.05,0
2023-W38,2023-09-17,경기,09,SARS-CoV-2,2,34263.34,4.5348,109851.38,134573.7375,0.7842,61.0,20.4,6563383,168061,,2023-W40,627643.41,1
2023-W38,2023-09-17,강원,10,SARS-CoV-2,3,24323.78,4.3860,22266.50,38632.3275,-0.0445,47.6,16.9,816637,536638,,2023-W40,36235.93,0
2023-W38,2023-09-17,충북,11,SARS-CoV-2,5,28900.64,4.4609,20800.93,18580.7900,-2.6475,107.3,20.7,374120,251076,,2023-W40,,
2023-W38,2023-09-17,충남,12,SARS-CoV-2,2,14772.55,4.1695,12050.75,24555.7033,-0.5835,109.4,21.6,1408091,620168,,2023-W40,7500.00,0
2023-W38,2023-09-17,전북,13,SARS-CoV-2,2,179868.66,5.2550,198861.62,186657.6550,0.0300,74.8,21.0,1043386,635558,,2023-W40,52491.33,0
2023-W38,2023-09-17,전남,14,SARS-CoV-2,8,35766.17,4.5535,72942.09,89777.5750,0.6741,25.8,21.3,1017979,885968,,2023-W40,124617.39,1
2023-W38,2023-09-17,경북,15,SARS-CoV-2,5,27217.13,4.4349,34677.10,39676.3550,0.3654,89.1,21.3,1287477,623669,,2023-W40,24532.21,0
2023-W38,2023-09-17,경남,16,SARS-CoV-2,0,,,2685.00,3407.6367,,58.1,21.5,1723394,,no_measurement,2023-W40,,
2023-W38,2023-09-17,제주,17,SARS-CoV-2,8,291.72,2.4665,402.25,418.2133,0.4311,64.6,20.1,563849,563849,,2023-W40,558.31,1
2023-W39,2023-09-24,서울,01,SARS-CoV-2,1,28242.76,4.4509,28242.76,,-11.8559,23.7,19.9,9667667,1600501,,2023-W41,8840.30,
2023-W39,2023-09-24,부산,02,SARS-CoV-2,3,1544408.45,6.1888,1166234.98,1180533.7725,-0.3428,11.8,21.7,2961386,2464725,,2023-W41,156281.10,0
2023-W39,2023-09-24,대구,03,SARS-CoV-2,2,6525665.63,6.8146,6723995.90,6207863.4325,-0.0917,29.9,21.2,1948639,1679730,,2023-W41,16711445.40,1
2023-W39,2023-09-24,인천,04,SARS-CoV-2,5,61115.45,4.7862,40868.56,44079.4950,-52.5199,24.5,20.4,2579599,1786450,,2023-W41,35155.54,0
2023-W39,2023-09-24,광주,05,SARS-CoV-2,3,12532.46,4.0981,7940.08,7892.1950,-1.4877,12.2,20.9,691807,691807,,2023-W41,9165.45,0
2023-W39,2023-09-24,대전,06,SARS-CoV-2,2,81319.56,4.9102,128922.54,135646.0300,0.5611,36.4,20.9,1439687,2913348,,2023-W41,138942.35,0
2023-W39,2023-09-24,울산,07,SARS-CoV-2,0,,,165204.65,522454.0467,,7.8,21.4,1218898,,no_measurement,2023-W41,133498.53,0
2023-W39,2023-09-24,세종,08,SARS-CoV-2,3,4006756.26,6.6028,2298905.59,2125524.8425,-1.2152,43.9,20.7,343577,336440,,2023-W41,524785.05,0
2023-W39,2023-09-24,경기,09,SARS-CoV-2,2,225492.39,5.3531,139506.07,138761.6275,-5.5812,40.5,19.8,6563383,168061,,2023-W41,313323.23,1
2023-W39,2023-09-24,강원,10,SARS-CoV-2,3,35730.91,4.5531,27780.96,25632.6050,-0.4690,23.7,16.1,816637,536638,,2023-W41,53304.25,1
2023-W39,2023-09-24,충북,11,SARS-CoV-2,5,4787.31,3.6802,13870.47,16797.5225,0.8344,45.2,20.0,374120,251076,,2023-W41,,
2023-W39,2023-09-24,충남,12,SARS-CoV-2,0,,,12050.75,12050.7450,,44.1,21.0,1408091,,no_measurement,2023-W41,9300.21,0
2023-W39,2023-09-24,전북,13,SARS-CoV-2,0,,,182645.51,198861.6167,,20.3,19.9,1043386,,no_measurement,2023-W41,104781.38,0
2023-W39,2023-09-24,전남,14,SARS-CoV-2,8,56092.52,4.7489,67206.61,68729.6950,-0.5683,10.6,20.5,1017979,885968,,2023-W41,58556.09,0
2023-W39,2023-09-24,경북,15,SARS-CoV-2,4,16407.30,4.2151,28837.35,30109.6500,0.3972,45.0,19.9,1287477,554071,,2023-W41,30451.26,0
2023-W39,2023-09-24,경남,16,SARS-CoV-2,1,610.75,2.7866,1007.29,1993.5833,,10.9,20.8,1723394,254869,,2023-W41,,
2023-W39,2023-09-24,제주,17,SARS-CoV-2,8,268.87,2.4312,357.79,357.7867,0.0783,28.6,19.4,563849,563849,,2023-W41,426.50,0
2023-W40,2023-10-01,서울,01,SARS-CoV-2,5,9363.93,3.9715,18803.35,18803.3450,0.6684,1.2,15.1,9667667,11268168,,2023-W42,27170.39,1
2023-W40,2023-10-01,부산,02,SARS-CoV-2,3,1355424.44,6.1321,1349998.80,1213532.3475,0.1224,0.8,17.3,2961386,2464725,,2023-W42,233314.81,0
2023-W40,2023-10-01,대구,03,SARS-CoV-2,2,16363303.01,7.2139,9622198.54,9133822.6775,-1.5075,0.6,16.6,1948639,1679730,,2023-W42,5104532.78,0
2023-W40,2023-10-01,인천,04,SARS-CoV-2,5,52593.33,4.7209,38283.57,43799.7550,0.1394,1.3,15.8,2579599,1786450,,2023-W42,52519.57,0
2023-W40,2023-10-01,광주,05,SARS-CoV-2,3,1224.07,3.0882,6264.77,6261.0800,0.9023,3.0,16.3,691807,691807,,2023-W42,11369.05,1
2023-W40,2023-10-01,대전,06,SARS-CoV-2,2,144578.87,5.1601,137053.93,132836.6250,-0.7779,0.7,15.8,1439687,2913348,,2023-W42,195961.60,1
2023-W40,2023-10-01,울산,07,SARS-CoV-2,0,,,171867.19,165204.6550,,1.1,16.6,1218898,,no_measurement,2023-W42,204466.93,0
2023-W40,2023-10-01,세종,08,SARS-CoV-2,3,438286.05,5.6418,2084612.13,1833750.7000,0.8906,0.4,15.9,343577,336440,,2023-W42,111547.52,0
2023-W40,2023-10-01,경기,09,SARS-CoV-2,1,627643.41,5.7977,295799.71,261540.4025,-1.7834,0.3,14.7,6563383,45108,,2023-W42,119905.92,0
2023-W40,2023-10-01,강원,10,SARS-CoV-2,3,36235.93,4.5592,32096.87,29894.7000,-0.0141,1.4,11.4,816637,536638,,2023-W42,30405.17,0
2023-W40,2023-10-01,충북,11,SARS-CoV-2,0,,,16843.98,13870.4733,,0.9,14.5,374120,,no_measurement,2023-W42,10957.67,0
2023-W40,2023-10-01,충남,12,SARS-CoV-2,2,7500.00,3.8751,11136.28,10533.8300,,0.4,16.6,1408091,620168,,2023-W42,7500.00,0
2023-W40,2023-10-01,전북,13,SARS-CoV-2,2,52491.33,4.7201,116179.99,139260.7833,,0.8,15.5,1043386,635558,,2023-W42,193849.23,1
2023-W40,2023-10-01,전남,14,SARS-CoV-2,8,124617.39,5.0956,72158.70,81559.3025,-1.2216,5.2,16.2,1017979,898373,,2023-W42,69460.80,0
2023-W40,2023-10-01,경북,15,SARS-CoV-2,5,24532.21,4.3898,22718.88,27761.0675,-0.4952,0.1,15.4,1287477,623669,,2023-W42,49073.56,1
2023-W40,2023-10-01,경남,16,SARS-CoV-2,0,,,610.75,1007.2900,,0.7,16.3,1723394,,no_measurement,2023-W42,2578.42,1
2023-W40,2023-10-01,제주,17,SARS-CoV-2,8,558.31,2.7477,372.97,407.9175,-1.0765,9.2,14.5,563849,563849,,2023-W42,518.65,0
2023-W41,2023-10-08,서울,01,SARS-CoV-2,5,8840.30,3.9465,15482.33,15482.3300,0.0559,5.2,15.3,9667667,11268168,,2023-W43,,
2023-W41,2023-10-08,부산,02,SARS-CoV-2,3,156281.10,5.1939,1018704.66,1051569.3750,0.8847,3.1,17.4,2961386,2464725,,2023-W43,147167.28,0
2023-W41,2023-10-08,대구,03,SARS-CoV-2,2,16711445.40,7.2230,13200138.01,11394510.2550,-0.0213,1.0,16.8,1948639,1679730,,2023-W43,163751.54,0
2023-W41,2023-10-08,인천,04,SARS-CoV-2,5,35155.54,4.5460,49621.44,37501.5600,0.3316,6.8,16.0,2579599,1786450,,2023-W43,,
2023-W41,2023-10-08,광주,05,SARS-CoV-2,3,9165.45,3.9622,7640.66,6989.9425,-6.4877,2.5,16.4,691807,691807,,2023-W43,24478.69,1
2023-W41,2023-10-08,대전,06,SARS-CoV-2,2,138942.35,5.1428,121613.59,137526.0350,0.0390,1.3,16.1,1439687,2913348,,2023-W43,1526.94,0
2023-W41,2023-10-08,울산,07,SARS-CoV-2,4,133498.53,5.1255,133498.53,152682.8600,,2.0,16.7,1218898,1218898,,2023-W43,,
2023-W41,2023-10-08,세종,08,SARS-CoV-2,3,524785.05,5.7200,1656609.12,1694655.3575,-0.1974,1.0,15.9,343577,336440,,2023-W43,,
2023-W41,2023-10-08,경기,09,SARS-CoV-2,1,313323.23,5.4960,388819.68,300180.5925,0.5008,8.6,14.9,6563383,45108,,2023-W43,,
2023-W41,2023-10-08,강원,10,SARS-CoV-2,3,53304.25,4.7268,41757.03,37398.7175,-0.4710,3.5,11.0,816637,536638,,2023-W43,,
2023-W41,2023-10-08,충북,11,SARS-CoV-2,0,,,4787.31,16843.9750,,4.0,15.0,374120,,no_measurement,2023-W43,,
2023-W41,2023-10-08,충남,12,SARS-CoV-2,2,9300.21,3.9685,8400.10,10524.2533,-0.2400,1.6,17.1,1408091,620168,,2023-W43,,
2023-W41,2023-10-08,전북,13,SARS-CoV-2,2,104781.38,5.0203,78636.35,112380.4567,-0.9962,1.4,15.5,1043386,635558,,2023-W43,,
2023-W41,2023-10-08,전남,14,SARS-CoV-2,8,58556.09,4.7676,79755.33,68758.0425,0.5301,5.0,16.1,1017979,898373,,2023-W43,,
2023-W41,2023-10-08,경북,15,SARS-CoV-2,5,30451.26,4.4836,23796.92,24651.9750,-0.2413,6.0,15.4,1287477,623669,,2023-W43,,
2023-W41,2023-10-08,경남,16,SARS-CoV-2,0,,,610.75,,,4.5,16.3,1723394,,no_measurement,2023-W43,,
2023-W41,2023-10-08,제주,17,SARS-CoV-2,8,426.50,2.6309,417.90,386.3500,0.2361,9.8,14.4,563849,563849,,2023-W43,38.96,0
2023-W42,2023-10-15,서울,01,SARS-CoV-2,5,27170.39,4.4341,15124.87,18404.3450,-2.0735,8.1,12.3,9667667,11268168,,2023-W44,,
2023-W42,2023-10-15,부산,02,SARS-CoV-2,3,233314.81,5.3679,581673.45,822357.2000,-0.4929,1.8,14.9,2961386,2464725,,2023-W44,168946.42,0
2023-W42,2023-10-15,대구,03,SARS-CoV-2,2,5104532.78,6.7080,12726427.06,11176236.7050,0.6945,3.7,14.5,1948639,1679730,,2023-W44,227276.10,0
2023-W42,2023-10-15,인천,04,SARS-CoV-2,5,52519.57,4.7203,46756.15,50345.9725,-0.4939,9.9,13.2,2579599,1786450,,2023-W44,,
2023-W42,2023-10-15,광주,05,SARS-CoV-2,3,11369.05,4.0558,7252.86,8572.7575,-0.2404,7.6,14.1,691807,691807,,2023-W44,29297.52,1
2023-W42,2023-10-15,대전,06,SARS-CoV-2,2,195961.60,5.2922,159827.60,140200.5950,-0.4104,10.1,13.4,1439687,2913348,,2023-W44,4164.82,0
2023-W42,2023-10-15,울산,07,SARS-CoV-2,4,204466.93,5.3106,168982.73,168982.7300,-0.5316,1.2,14.0,1218898,1218898,,2023-W44,,
2023-W42,2023-10-15,세종,08,SARS-CoV-2,3,111547.52,5.0475,358206.21,1270343.7200,0.7874,8.1,13.2,343577,336440,,2023-W44,,
2023-W42,2023-10-15,경기,09,SARS-CoV-2,2,119905.92,5.0788,353624.19,321591.2375,0.6173,19.8,11.5,6563383,168061,,2023-W44,,
2023-W42,2023-10-15,강원,10,SARS-CoV-2,3,30405.17,4.4830,39981.78,38919.0650,0.4296,6.3,8.5,816637,536638,,2023-W44,,
2023-W42,2023-10-15,충북,11,SARS-CoV-2,5,10957.67,4.0398,10957.67,7872.4900,,8.2,12.1,374120,251076,,2023-W44,,
2023-W42,2023-10-15,충남,12,SARS-CoV-2,2,7500.00,3.8751,8100.07,8100.0700,0.1936,12.9,14.0,1408091,620168,,2023-W44,,
2023-W42,2023-10-15,전북,13,SARS-CoV-2,2,193849.23,5.2875,117040.65,117040.6467,-0.8500,10.0,12.9,1043386,635558,,2023-W44,,
2023-W42,2023-10-15,전남,14,SARS-CoV-2,5,69460.80,4.8417,84211.43,77181.7000,-0.1862,3.7,13.8,1017979,338842,,2023-W44,,
2023-W42,2023-10-15,경북,15,SARS-CoV-2,5,49073.56,4.6909,34685.68,30116.0825,-0.6115,7.1,12.9,1287477,623669,,2023-W44,,
2023-W42,2023-10-15,경남,16,SARS-CoV-2,3,2578.42,3.4115,2578.42,1594.5850,,5.9,14.1,1723394,1259707,,2023-W44,,
2023-W42,2023-10-15,제주,17,SARS-CoV-2,8,518.65,2.7157,501.16,443.0825,-0.2161,7.2,12.4,563849,563849,,2023-W44,38.49,0
2023-W43,2023-10-22,서울,01,SARS-CoV-2,0,,,18005.35,15124.8733,,10.5,12.7,9667667,,no_measurement,2023-W45,69652.86,1
2023-W43,2023-10-22,부산,02,SARS-CoV-2,3,147167.28,5.1678,178921.06,473046.9075,0.3692,0.2,14.2,2961386,2464725,,2023-W45,547953.16,0
2023-W43,2023-10-22,대구,03,SARS-CoV-2,2,163751.54,5.2142,7326576.57,9585758.1825,0.9679,3.6,14.4,1948639,1679730,,2023-W45,181028.56,0
2023-W43,2023-10-22,인천,04,SARS-CoV-2,0,,,43837.55,46756.1467,,9.3,13.5,2579599,,no_measurement,2023-W45,2549.84,0
2023-W43,2023-10-22,광주,05,SARS-CoV-2,3,24478.69,4.3888,15004.40,11559.3150,-1.1531,1.5,14.0,691807,691807,,2023-W45,2883.03,0
2023-W43,2023-10-22,대전,06,SARS-CoV-2,2,1526.94,3.1841,112143.63,120252.4400,0.9922,1.2,13.7,1439687,2913348,,2023-W45,191.29,0
2023-W43,2023-10-22,울산,07,SARS-CoV-2,0,,,168982.73,168982.7300,,0.4,13.1,1218898,,no_measurement,2023-W45,,
2023-W43,2023-10-22,세종,08,SARS-CoV-2,0,,,318166.29,358206.2067,,4.6,13.6,343577,,no_measurement,2023-W45,7188.89,0
2023-W43,2023-10-22,경기,09,SARS-CoV-2,0,,,216614.58,353624.1867,,4.1,12.1,6563383,,no_measurement,2023-W45,1161.47,0
2023-W43,2023-10-22,강원,10,SARS-CoV-2,0,,,41854.71,39981.7833,,2.8,8.4,816637,,no_measurement,2023-W45,324.38,0
2023-W43,2023-10-22,충북,11,SARS-CoV-2,0,,,10957.67,,,7.0,12.5,374120,,no_measurement,2023-W45,21702.43,
2023-W43,2023-10-22,충남,12,SARS-CoV-2,0,,,8400.10,8100.0700,,1.4,14.6,1408091,,no_measurement,2023-W45,1336.45,0
2023-W43,2023-10-22,전북,13,SARS-CoV-2,0,,,149315.30,117040.6467,,1.9,13.4,1043386,,no_measurement,2023-W45,,
2023-W43,2023-10-22,전남,14,SARS-CoV-2,0,,,64008.44,84211.4267,,0.2,13.9,1017979,,no_measurement,2023-W45,182341.59,1
2023-W43,2023-10-22,경북,15,SARS-CoV-2,0,,,39762.41,34685.6767,,0.3,12.6,1287477,,no_measurement,2023-W45,11889.15,0
2023-W43,2023-10-22,경남,16,SARS-CoV-2,0,,,2578.42,,,0.0,13.8,1723394,,no_measurement,2023-W45,,
2023-W43,2023-10-22,제주,17,SARS-CoV-2,8,38.96,1.6016,328.04,385.6050,0.9249,0.6,12.1,563849,563849,,2023-W45,37.82,0
2023-W44,2023-10-29,서울,01,SARS-CoV-2,0,,,27170.39,18005.3450,,20.4,14.9,9667667,,no_measurement,2023-W46,15716.23,0
2023-W44,2023-10-29,부산,02,SARS-CoV-2,3,168946.42,5.2278,183142.84,176427.4025,-0.1480,5.8,16.3,2961386,2464725,,2023-W46,338759.86,1
2023-W44,2023-10-29,대구,03,SARS-CoV-2,2,227276.10,5.3566,1831853.47,5551751.4550,-0.3879,3.5,16.3,1948639,1679730,,2023-W46,7917.59,0
2023-W44,2023-10-29,인천,04,SARS-CoV-2,0,,,52519.57,43837.5550,,36.2,15.5,2579599,,no_measurement,2023-W46,8433.65,0
2023-W44,2023-10-29,광주,05,SARS-CoV-2,3,29297.52,4.4668,21715.09,18577.6775,-0.1969,8.6,15.7,691807,691807,,2023-W46,54879.88,1
2023-W44,2023-10-29,대전,06,SARS-CoV-2,2,4164.82,3.6197,67217.79,85148.9275,-1.7276,0.3,16.2,1439687,2913348,,2023-W46,1898.70,0
2023-W44,2023-10-29,울산,07,SARS-CoV-2,0,,,204466.93,168982.7300,,4.4,15.2,1218898,,no_measurement,2023-W46,128517.98,0
2023-W44,2023-10-29,세종,08,SARS-CoV-2,0,,,111547.52,318166.2850,,1.4,15.9,343577,,no_measurement,2023-W46,33036.61,0
2023-W44,2023-10-29,경기,09,SARS-CoV-2,0,,,119905.92,216614.5750,,12.0,14.2,6563383,,no_measurement,2023-W46,1109.35,0
2023-W44,2023-10-29,강원,10,SARS-CoV-2,0,,,30405.17,41854.7100,,10.9,10.7,816637,,no_measurement,2023-W46,1535128.29,1
2023-W44,2023-10-29,충북,11,SARS-CoV-2,0,,,10957.67,,,12.4,14.9,374120,,no_measurement,2023-W46,4546.93,
2023-W44,2023-10-29,충남,12,SARS-CoV-2,0,,,7500.00,8400.1050,,3.0,16.8,1408091,,no_measurement,2023-W46,23399.54,1
2023-W44,2023-10-29,전북,13,SARS-CoV-2,0,,,193849.23,149315.3050,,6.6,15.5,1043386,,no_measurement,2023-W46,1807.65,0
2023-W44,2023-10-29,전남,14,SARS-CoV-2,0,,,69460.80,64008.4450,,1.0,15.4,1017979,,no_measurement,2023-W46,75969.19,0
2023-W44,2023-10-29,경북,15,SARS-CoV-2,0,,,49073.56,39762.4100,,3.4,14.3,1287477,,no_measurement,2023-W46,26098.42,0
2023-W44,2023-10-29,경남,16,SARS-CoV-2,0,,,2578.42,,,6.1,15.6,1723394,,no_measurement,2023-W46,3297.24,
2023-W44,2023-10-29,제주,17,SARS-CoV-2,8,38.49,1.5965,198.70,255.6500,0.0122,2.3,14.1,563849,563849,,2023-W46,37.91,0
2023-W45,2023-11-05,서울,01,SARS-CoV-2,5,69652.86,4.8429,69652.86,48411.6250,,69.6,7.6,9667667,11268168,,2023-W47,11952.15,0
2023-W45,2023-11-05,부산,02,SARS-CoV-2,3,547953.16,5.7387,288022.29,274345.4175,-2.2434,20.7,12.8,2961386,2464725,,2023-W47,206274.14,0
2023-W45,2023-11-05,대구,03,SARS-CoV-2,2,181028.56,5.2577,190685.40,1419147.2450,0.2035,34.8,11.7,1948639,1679730,,2023-W47,558.47,0
2023-W45,2023-11-05,인천,04,SARS-CoV-2,5,2549.84,3.4067,2549.84,27534.7050,,62.7,8.2,2579599,1786450,,2023-W47,6513.59,0
2023-W45,2023-11-05,광주,05,SARS-CoV-2,3,2883.03,3.4600,18886.41,17007.0725,0.9016,64.2,11.5,691807,691807,,2023-W47,101234.12,1
2023-W45,2023-11-05,대전,06,SARS-CoV-2,2,191.29,2.2840,1961.02,50461.1625,0.9541,53.5,10.1,1439687,2913348,,2023-W47,1308.79,0
2023-W45,2023-11-05,울산,07,SARS-CoV-2,0,,,,,,22.0,12.6,1218898,,no_measurement,2023-W47,,
2023-W45,2023-11-05,세종,08,SARS-CoV-2,3,7188.89,3.8567,7188.89,59368.2050,,58.7,9.8,343577,336440,,2023-W47,25102.14,0
2023-W45,2023-11-05,경기,09,SARS-CoV-2,1,1161.47,3.0654,1161.47,60533.6950,,61.3,7.9,6563383,45108,,2023-W47,486.99,0
2023-W45,2023-11-05,강원,10,SARS-CoV-2,3,324.38,2.5124,324.38,15364.7750,,66.2,5.3,816637,536638,,2023-W47,52427.74,1
2023-W45,2023-11-05,충북,11,SARS-CoV-2,5,21702.43,4.3365,21702.43,16330.0500,,42.0,8.8,374120,251076,,2023-W47,21453.51,1
2023-W45,2023-11-05,충남,12,SARS-CoV-2,1,1336.45,3.1263,1336.45,4418.2250,,55.7,10.2,1408091,76774,,2023-W47,481.18,0
2023-W45,2023-11-05,전북,13,SARS-CoV-2,0,,,,,,58.6,9.8,1043386,,no_measurement,2023-W47,1761.71,
2023-W45,2023-11-05,전남,14,SARS-CoV-2,8,182341.59,5.2609,182341.59,125901.1950,,78.3,10.8,1017979,885968,,2023-W47,21348.43,0
2023-W45,2023-11-05,경북,15,SARS-CoV-2,5,11889.15,4.0752,11889.15,30481.3550,,23.6,10.6,1287477,623669,,2023-W47,11822.56,0
2023-W45,2023-11-05,경남,16,SARS-CoV-2,0,,,,,,55.2,11.6,1723394,,no_measurement,2023-W47,38469.27,
2023-W45,2023-11-05,제주,17,SARS-CoV-2,8,37.82,1.5891,38.42,158.4800,0.0172,52.3,10.9,563849,563849,,2023-W47,36.36,0
2023-W46,2023-11-12,서울,01,SARS-CoV-2,5,15716.23,4.1964,42684.55,42684.5450,0.7744,10.0,1.4,9667667,11268168,,2023-W48,31446.18,0
2023-W46,2023-11-12,부산,02,SARS-CoV-2,3,338759.86,5.5299,351886.48,300706.6800,0.3818,9.7,4.9,2961386,2464725,,2023-W48,348407.15,0
2023-W46,2023-11-12,대구,03,SARS-CoV-2,2,7917.59,3.8986,138740.75,144993.4475,0.9563,9.0,4.1,1948639,1679730,,2023-W48,5991.71,0
2023-W46,2023-11-12,인천,04,SARS-CoV-2,5,8433.65,3.9261,5491.74,5491.7450,-2.3075,13.3,2.4,2579599,1786450,,2023-W48,8386.42,1
2023-W46,2023-11-12,광주,05,SARS-CoV-2,3,54879.88,4.7394,29020.14,27884.7800,-18.0355,18.8,5.4,691807,691807,,2023-W48,384735.22,1
2023-W46,2023-11-12,대전,06,SARS-CoV-2,2,1898.70,3.2787,2084.94,1945.4375,-8.9258,11.6,3.8,1439687,2913348,,2023-W48,864.95,0
2023-W46,2023-11-12,울산,07,SARS-CoV-2,4,128517.98,5.1090,128517.98,,,8.0,4.5,1218898,1218898,,2023-W48,,
2023-W46,2023-11-12,세종,08,SARS-CoV-2,3,33036.61,4.5190,20112.75,20112.7500,-3.5955,9.2,3.5,343577,336440,,2023-W48,21459.59,0
2023-W46,2023-11-12,경기,09,SARS-CoV-2,2,1109.35,3.0455,1135.41,1135.4100,0.0449,8.4,1.1,6563383,168061,,2023-W48,1841.90,1
2023-W46,2023-11-12,강원,10,SARS-CoV-2,2,1535128.29,6.1861,767726.34,767726.3350,-4731.4543,5.5,-2.1,816637,499558,,2023-W48,19829.20,0
2023-W46,2023-11-12,충북,11,SARS-CoV-2,5,4546.93,3.6578,13124.68,13124.6800,0.7905,9.1,1.9,374120,251076,,2023-W48,11089.52,0
2023-W46,2023-11-12,충남,12,SARS-CoV-2,2,23399.54,4.3692,12368.00,12367.9950,-16.5087,13.9,4.4,1408091,620168,,2023-W48,30254.69,1
2023-W46,2023-11-12,전북,13,SARS-CoV-2,2,1807.65,3.2574,1807.65,,,22.0,3.6,1043386,635558,,2023-W48,1765.84,
2023-W46,2023-11-12,전남,14,SARS-CoV-2,8,75969.19,4.8806,129155.39,129155.3900,0.5834,17.8,4.7,1017979,885968,,2023-W48,43001.31,0
2023-W46,2023-11-12,경북,15,SARS-CoV-2,5,26098.42,4.4166,18993.78,18993.7850,-1.1951,6.1,2.9,1287477,623669,,2023-W48,23424.10,0
2023-W46,2023-11-12,경남,16,SARS-CoV-2,3,3297.24,3.5183,3297.24,,,11.6,4.2,1723394,1259707,,2023-W48,14981698.52,
2023-W46,2023-11-12,제주,17,SARS-CoV-2,8,37.91,1.5901,38.07,38.2950,-0.0023,40.5,4.4,563849,563849,,2023-W48,1207.79,1
2023-W47,2023-11-19,서울,01,SARS-CoV-2,5,11952.15,4.0775,32440.41,32440.4133,0.2395,0.6,2.7,9667667,11268168,,2023-W49,94939.29,1
2023-W47,2023-11-19,부산,02,SARS-CoV-2,3,206274.14,5.3144,364329.05,315483.3950,0.3911,0.0,7.1,2961386,2464725,,2023-W49,391651.75,0
2023-W47,2023-11-19,대구,03,SARS-CoV-2,1,558.47,2.7478,63168.21,104195.1800,0.9295,0.0,6.5,1948639,792633,,2023-W49,3918.31,0
2023-W47,2023-11-19,인천,04,SARS-CoV-2,5,6513.59,3.8139,5832.36,5832.3600,0.2277,1.4,3.6,2579599,1786450,,2023-W49,17258.03,1
2023-W47,2023-11-19,광주,05,SARS-CoV-2,3,101234.12,5.0053,52999.01,47073.6375,-0.8446,0.2,6.7,691807,691807,,2023-W49,5573.75,0
2023-W47,2023-11-19,대전,06,SARS-CoV-2,2,1308.79,3.1172,1132.93,1890.9000,0.3107,0.9,5.2,1439687,2913348,,2023-W49,562.34,0
2023-W47,2023-11-19,울산,07,SARS-CoV-2,0,,,128517.98,,,0.0,6.2,1218898,,no_measurement,2023-W49,98638.37,
2023-W47,2023-11-19,세종,08,SARS-CoV-2,3,25102.14,4.3997,21775.88,21775.8800,0.2402,0.4,4.8,343577,336440,,2023-W49,200516.37,1
2023-W47,2023-11-19,경기,09,SARS-CoV-2,2,486.99,2.6884,919.27,919.2700,0.5610,1.5,2.4,6563383,168061,,2023-W49,14083.51,1
2023-W47,2023-11-19,강원,10,SARS-CoV-2,3,52427.74,4.7196,529293.47,529293.4700,0.9658,3.3,-0.2,816637,536638,,2023-W49,30931.03,0
2023-W47,2023-11-19,충북,11,SARS-CoV-2,5,21453.51,4.3315,15900.95,15900.9567,-3.7182,1.0,3.1,374120,251076,,2023-W49,15796.89,0
2023-W47,2023-11-19,충남,12,SARS-CoV-2,2,481.18,2.6832,8405.73,8405.7233,0.9794,1.0,5.7,1408091,620168,,2023-W49,215695.68,1
2023-W47,2023-11-19,전북,13,SARS-CoV-2,2,1761.71,3.2462,1784.68,1784.6800,0.0254,2.8,5.3,1043386,635558,,2023-W49,6656.89,1
2023-W47,2023-11-19,전남,14,SARS-CoV-2,8,21348.43,4.3294,93219.74,93219.7367,0.7190,1.6,6.3,1017979,885968,,2023-W49,41664.12,0
2023-W47,2023-11-19,경북,15,SARS-CoV-2,5,11822.56,4.0727,16603.38,16603.3767,0.5470,0.1,4.6,1287477,623669,,2023-W49,2135.10,0
2023-W47,2023-11-19,경남,16,SARS-CoV-2,3,38469.27,4.5851,20883.26,20883.2550,-10.6671,0.0,6.1,1723394,1259707,,2023-W49,1295.85,0
2023-W47,2023-11-19,제주,17,SARS-CoV-2,8,36.36,1.5724,37.37,37.6450,0.0408,3.3,6.3,563849,563849,,2023-W49,1699.18,1
2023-W48,2023-11-26,서울,01,SARS-CoV-2,5,31446.18,4.4976,19704.85,32191.8550,-1.6310,3.9,-0.9,9667667,11268168,,2023-W50,31667.71,0
2023-W48,2023-11-26,부산,02,SARS-CoV-2,3,348407.15,5.5421,297813.72,360348.5775,-0.6890,0.0,3.6,2961386,2464725,,2023-W50,354990.84,0
2023-W48,2023-11-26,대구,03,SARS-CoV-2,2,5991.71,3.7776,4822.59,48874.0825,-9.7288,0.1,2.6,1948639,1679730,,2023-W50,9489.56,0
2023-W48,2023-11-26,인천,04,SARS-CoV-2,5,8386.42,3.9236,7777.88,6470.8750,-0.2875,3.4,0.0,2579599,1786450,,2023-W50,11043.04,1
2023-W48,2023-11-26,광주,05,SARS-CoV-2,3,384735.22,5.5852,180283.07,135933.0625,-2.8004,1.1,3.8,691807,691807,,2023-W50,4595.21,0
2023-W48,2023-11-26,대전,06,SARS-CoV-2,2,864.95,2.9375,1357.48,1065.9325,0.3391,2.4,2.0,1439687,2913348,,2023-W50,1183.51,0
2023-W48,2023-11-26,울산,07,SARS-CoV-2,0,,,128517.98,,,0.1,3.0,1218898,,no_measurement,2023-W50,171227.10,
2023-W48,2023-11-26,세종,08,SARS-CoV-2,3,21459.59,4.3316,26532.78,21696.8075,0.1451,2.3,1.9,343577,336440,,2023-W50,79565.92,1
2023-W48,2023-11-26,경기,09,SARS-CoV-2,2,1841.90,3.2655,1146.08,1149.9275,-2.7822,2.9,-1.1,6563383,168061,,2023-W50,97207.14,1
2023-W48,2023-11-26,강원,10,SARS-CoV-2,3,19829.20,4.2973,535795.08,401927.4025,0.6218,4.7,-4.3,816637,536638,,2023-W50,45400.56,0
2023-W48,2023-11-26,충북,11,SARS-CoV-2,5,11089.52,4.0450,12363.32,14698.0975,0.4831,4.4,0.3,374120,251076,,2023-W50,34241.05,1
2023-W48,2023-11-26,충남,12,SARS-CoV-2,1,30254.69,4.4808,18045.14,13867.9650,-61.8754,2.8,2.3,1408091,543394,,2023-W50,49212.28,1
2023-W48,2023-11-26,전북,13,SARS-CoV-2,2,1765.84,3.2472,1778.40,1778.4000,-0.0023,6.3,1.9,1043386,635558,,2023-W50,5567.10,1
2023-W48,2023-11-26,전남,14,SARS-CoV-2,8,43001.31,4.6335,46772.98,80665.1300,-1.0143,0.9,3.0,1017979,885968,,2023-W50,37204.94,0
2023-W48,2023-11-26,경북,15,SARS-CoV-2,5,23424.10,4.3697,20448.36,18308.5575,-0.9813,0.4,1.0,1287477,623669,,2023-W50,44184.78,1
2023-W48,2023-11-26,경남,16,SARS-CoV-2,3,14981698.52,7.1756,5007821.68,5007821.6767,-388.4459,0.2,2.6,1723394,1259707,,2023-W50,3248.44,0
2023-W48,2023-11-26,제주,17,SARS-CoV-2,8,1207.79,3.0824,427.36,329.9700,-32.2137,19.9,3.3,563849,563849,,2023-W50,2434.94,1
2023-W49,2023-12-03,서울,01,SARS-CoV-2,5,94939.29,4.9775,46112.54,38513.4625,-2.0191,11.3,4.3,9667667,11268168,,2023-W51,71394.62,1
2023-W49,2023-12-03,부산,02,SARS-CoV-2,3,391651.75,5.5929,315444.35,321273.2250,-0.1241,0.9,7.4,2961386,2464725,,2023-W51,297153.86,0
2023-W49,2023-12-03,대구,03,SARS-CoV-2,2,3918.31,3.5932,3489.50,4596.5200,0.3460,0.5,6.9,1948639,1679730,,2023-W51,12047.70,1
2023-W49,2023-12-03,인천,04,SARS-CoV-2,5,17258.03,4.2370,10719.34,10147.9225,-1.0579,4.1,5.2,2579599,1786450,,2023-W51,6404.77,0
2023-W49,2023-12-03,광주,05,SARS-CoV-2,3,5573.75,3.7462,163847.70,136605.7425,0.9855,3.0,7.1,691807,691807,,2023-W51,7056.57,0
2023-W49,2023-12-03,대전,06,SARS-CoV-2,2,562.34,2.7508,912.03,1158.6950,0.3499,3.8,6.2,1439687,2913348,,2023-W51,1696.97,1
2023-W49,2023-12-03,울산,07,SARS-CoV-2,4,98638.37,4.9941,98638.37,113578.1750,,0.0,6.8,1218898,1218898,,2023-W51,77733.69,0
2023-W49,2023-12-03,세종,08,SARS-CoV-2,3,200516.37,5.3022,82359.37,70028.6775,-8.3439,3.3,5.8,343577,336440,,2023-W51,94166.80,1
2023-W49,2023-12-03,경기,09,SARS-CoV-2,2,14083.51,4.1487,5470.80,4380.4375,-6.6462,10.2,3.7,6563383,168061,,2023-W51,140042.24,1
2023-W49,2023-12-03,강원,10,SARS-CoV-2,3,30931.03,4.4904,34395.99,409579.0650,-0.5599,3.4,1.0,816637,536638,,2023-W51,34648.42,0
2023-W49,2023-12-03,충북,11,SARS-CoV-2,5,15796.89,4.1986,16113.31,13221.7125,-0.4245,5.2,4.7,374120,251076,,2023-W51,2712.24,0
2023-W49,2023-12-03,충남,12,SARS-CoV-2,2,215695.68,5.3338,82143.85,67457.7725,-6.1293,8.3,6.6,1408091,620168,,2023-W51,1138.68,0
2023-W49,2023-12-03,전북,13,SARS-CoV-2,2,6656.89,3.8233,3394.81,2998.0225,-2.7698,6.5,6.0,1043386,635558,,2023-W51,9830.60,1
2023-W49,2023-12-03,전남,14,SARS-CoV-2,8,41664.12,4.6198,35337.95,45495.7625,0.0311,2.1,7.0,1017979,885968,,2023-W51,28319.09,0
2023-W49,2023-12-03,경북,15,SARS-CoV-2,5,2135.10,3.3296,12460.59,15870.0450,0.9089,0.2,4.7,1287477,623669,,2023-W51,35643.47,1
2023-W49,2023-12-03,경남,16,SARS-CoV-2,3,1295.85,3.1129,5007154.55,3756190.2200,0.9999,0.0,6.5,1723394,1259707,,2023-W51,11770.04,0
2023-W49,2023-12-03,제주,17,SARS-CoV-2,8,1699.18,3.2305,981.11,745.3100,-0.4068,1.2,6.0,563849,563849,,2023-W51,1420.68,1
2023-W50,2023-12-10,서울,01,SARS-CoV-2,5,31667.71,4.5006,52684.40,42501.3325,0.6664,54.9,4.4,9667667,11268168,,2023-W52,,
2023-W50,2023-12-10,부산,02,SARS-CoV-2,3,354990.84,5.5502,365016.58,325330.9700,0.0936,96.5,10.0,2961386,2464725,,2023-W52,,
2023-W50,2023-12-10,대구,03,SARS-CoV-2,2,9489.56,3.9773,6466.53,4989.5125,-1.4218,70.3,8.3,1948639,1679730,,2023-W52,,
2023-W50,2023-12-10,인천,04,SARS-CoV-2,5,11043.04,4.0431,12229.16,10800.2700,0.3601,55.3,5.0,2579599,1786450,,2023-W52,,
2023-W50,2023-12-10,광주,05,SARS-CoV-2,3,4595.21,3.6624,131634.73,124034.5750,0.1756,61.1,10.2,691807,691807,,2023-W52,,
2023-W50,2023-12-10,대전,06,SARS-CoV-2,2,1183.51,3.0735,870.27,979.8975,-1.1046,86.8,8.7,1439687,2913348,,2023-W52,,
2023-W50,2023-12-10,울산,07,SARS-CoV-2,3,171227.10,5.2336,134932.74,134932.7350,-0.7359,96.9,9.1,1218898,704531,,2023-W52,,
2023-W50,2023-12-10,세종,08,SARS-CoV-2,3,79565.92,4.9007,100513.96,81661.0050,0.6032,88.4,8.2,343577,336440,,2023-W52,,
2023-W50,2023-12-10,경기,09,SARS-CoV-2,2,97207.14,4.9877,37710.85,28404.8850,-5.9022,58.3,5.0,6563383,168061,,2023-W52,,
2023-W50,2023-12-10,강원,10,SARS-CoV-2,3,45400.56,4.6571,32053.60,37147.1325,-0.4678,72.1,0.1,816637,536638,,2023-W52,,
2023-W50,2023-12-10,충북,11,SARS-CoV-2,5,34241.05,4.5346,20375.82,20645.2425,-1.1676,80.7,6.7,374120,251076,,2023-W52,,
2023-W50,2023-12-10,충남,12,SARS-CoV-2,2,49212.28,4.6921,98387.55,73910.9575,0.7718,70.4,8.3,1408091,620168,,2023-W52,,
2023-W50,2023-12-10,전북,13,SARS-CoV-2,2,5567.10,3.7457,4663.28,3937.8850,0.1637,103.1,8.7,1043386,635558,,2023-W52,,
2023-W50,2023-12-10,전남,14,SARS-CoV-2,8,37204.94,4.5706,40623.46,35804.7000,0.1070,63.2,9.0,1017979,885968,,2023-W52,,
2023-W50,2023-12-10,경북,15,SARS-CoV-2,5,44184.78,4.6453,23247.99,20391.6350,-19.6944,80.6,6.4,1287477,623669,,2023-W52,,
2023-W50,2023-12-10,경남,16,SARS-CoV-2,3,3248.44,3.5118,4995414.27,3756178.0200,-1.5068,77.0,8.0,1723394,1259707,,2023-W52,,
2023-W50,2023-12-10,제주,17,SARS-CoV-2,8,2434.94,3.3867,1780.64,1344.5675,-0.4330,65.7,9.2,563849,563849,,2023-W52,,
2023-W51,2023-12-17,서울,01,SARS-CoV-2,5,71394.62,4.8537,66000.54,57361.9500,-1.2545,0.1,-8.8,9667667,11268168,,2024-W01,66835.46,0
2023-W51,2023-12-17,부산,02,SARS-CoV-2,3,297153.86,5.4730,347932.15,348050.9000,0.1629,0.4,-3.7,2961386,2464725,,2024-W01,344061.83,0
2023-W51,2023-12-17,대구,03,SARS-CoV-2,2,12047.70,4.0809,8485.19,7861.8200,-0.2696,0.2,-5.1,1948639,1679730,,2024-W01,3952.60,0
2023-W51,2023-12-17,인천,04,SARS-CoV-2,5,6404.77,3.8066,11568.61,10773.0650,0.4200,0.3,-8.1,2579599,1786450,,2024-W01,8287.42,0
2023-W51,2023-12-17,광주,05,SARS-CoV-2,3,7056.57,3.8487,5741.84,100490.1875,-0.5356,2.2,-3.1,691807,691807,,2024-W01,9357.23,0
2023-W51,2023-12-17,대전,06,SARS-CoV-2,2,1696.97,3.2299,1147.61,1076.9425,-0.4339,0.4,-5.8,1439687,2913348,,2024-W01,1989.67,1
2023-W51,2023-12-17,울산,07,SARS-CoV-2,3,77733.69,4.8906,115866.39,115866.3867,0.5460,0.0,-3.9,1218898,704531,,2024-W01,108124.64,0
2023-W51,2023-12-17,세종,08,SARS-CoV-2,3,94166.80,4.9739,124749.70,98927.1700,-0.1835,0.5,-6.1,343577,336440,,2024-W01,75927.99,0
2023-W51,2023-12-17,경기,09,SARS-CoV-2,2,140042.24,5.1463,83777.63,63293.6975,-0.4407,0.2,-8.5,6563383,168061,,2024-W01,1666.72,0
2023-W51,2023-12-17,강원,10,SARS-CoV-2,3,34648.42,4.5397,36993.34,32702.3025,0.2368,1.2,-12.4,816637,536638,,2024-W01,38937.00,0
2023-W51,2023-12-17,충북,11,SARS-CoV-2,5,2712.24,3.4335,17583.39,15959.9250,0.9208,0.2,-7.6,374120,251076,,2024-W01,21353.26,1
2023-W51,2023-12-17,충남,12,SARS-CoV-2,2,1138.68,3.0568,88682.21,74075.3325,0.9769,1.7,-6.7,1408091,620168,,2024-W01,73471.21,0
2023-W51,2023-12-17,전북,13,SARS-CoV-2,2,9830.60,3.9926,7351.53,5955.1075,-0.7658,1.7,-5.8,1043386,635558,,2024-W01,2135.88,0
2023-W51,2023-12-17,전남,14,SARS-CoV-2,8,28319.09,4.4521,35729.38,37547.3650,0.2388,2.3,-3.9,1017979,885968,,2024-W01,33795.01,0
2023-W51,2023-12-17,경북,15,SARS-CoV-2,5,35643.47,4.5520,27321.12,26346.8625,0.1933,0.0,-6.3,1287477,623669,,2024-W01,,
2023-W51,2023-12-17,경남,16,SARS-CoV-2,3,11770.04,4.0708,5438.11,3749503.2125,-2.6233,0.5,-4.4,1723394,1259707,,2024-W01,,
2023-W51,2023-12-17,제주,17,SARS-CoV-2,8,1420.68,3.1528,1851.60,1690.6475,0.4165,43.0,-3.3,563849,563849,,2024-W01,6348.15,1
2023-W52,2023-12-24,서울,01,SARS-CoV-2,0,,,,66000.5400,,12.5,-1.3,9667667,,no_source_row,2024-W02,55606.93,0
2023-W52,2023-12-24,부산,02,SARS-CoV-2,0,,,,347932.1500,,1.6,1.2,2961386,,no_source_row,2024-W02,4524170.22,1
2023-W52,2023-12-24,대구,03,SARS-CoV-2,0,,,,8485.1900,,0.2,1.3,1948639,,no_source_row,2024-W02,9742.06,0
2023-W52,2023-12-24,인천,04,SARS-CoV-2,0,,,,11568.6133,,13.4,-0.7,2579599,,no_source_row,2024-W02,6543.00,0
2023-W52,2023-12-24,광주,05,SARS-CoV-2,0,,,,5741.8433,,2.3,1.6,691807,,no_source_row,2024-W02,24315.49,1
2023-W52,2023-12-24,대전,06,SARS-CoV-2,0,,,,1147.6067,,3.0,1.1,1439687,,no_source_row,2024-W02,7913.60,1
2023-W52,2023-12-24,울산,07,SARS-CoV-2,0,,,,115866.3867,,0.9,0.8,1218898,,no_source_row,2024-W02,58008.79,0
2023-W52,2023-12-24,세종,08,SARS-CoV-2,0,,,,124749.6967,,3.0,0.2,343577,,no_source_row,2024-W02,422996.57,1
2023-W52,2023-12-24,경기,09,SARS-CoV-2,0,,,,83777.6300,,9.5,-1.4,6563383,,no_source_row,2024-W02,9931.15,0
2023-W52,2023-12-24,강원,10,SARS-CoV-2,0,,,,36993.3367,,5.1,-5.2,816637,,no_source_row,2024-W02,76420.46,1
2023-W52,2023-12-24,충북,11,SARS-CoV-2,0,,,,17583.3933,,3.8,-0.6,374120,,no_source_row,2024-W02,105076.29,1
2023-W52,2023-12-24,충남,12,SARS-CoV-2,0,,,,88682.2133,,4.8,1.4,1408091,,no_source_row,2024-W02,48966.35,0
2023-W52,2023-12-24,전북,13,SARS-CoV-2,0,,,,7351.5300,,4.1,1.0,1043386,,no_source_row,2024-W02,2849.25,0
2023-W52,2023-12-24,전남,14,SARS-CoV-2,0,,,,35729.3833,,1.8,1.8,1017979,,no_source_row,2024-W02,22153.98,0
2023-W52,2023-12-24,경북,15,SARS-CoV-2,0,,,,27321.1167,,2.2,-0.2,1287477,,no_source_row,2024-W02,42079.18,1
2023-W52,2023-12-24,경남,16,SARS-CoV-2,0,,,,5438.1100,,0.0,1.2,1723394,,no_source_row,2024-W02,,
2023-W52,2023-12-24,제주,17,SARS-CoV-2,0,,,,1851.6000,,11.2,1.8,563849,,no_source_row,2024-W02,6924.30,1
2024-W01,2023-12-31,서울,01,SARS-CoV-2,5,66835.46,4.8250,66835.46,56632.5967,,3.4,0.4,9667667,11268168,,2024-W03,75201.49,1
2024-W01,2023-12-31,부산,02,SARS-CoV-2,6,344061.83,5.5366,344061.83,332068.8433,,2.0,3.7,2961386,2961386,,2024-W03,131816.52,0
2024-W01,2023-12-31,대구,03,SARS-CoV-2,4,3952.60,3.5970,3952.60,8496.6200,,3.4,3.0,1948639,1948639,,2024-W03,17759.64,1
2024-W01,2023-12-31,인천,04,SARS-CoV-2,6,8287.42,3.9185,8287.42,8578.4100,,6.5,1.3,2579599,2048237,,2024-W03,8159.56,0
2024-W01,2023-12-31,광주,05,SARS-CoV-2,3,9357.23,3.9712,9357.23,7003.0033,,6.2,3.5,691807,691807,,2024-W03,11448.53,1
2024-W01,2023-12-31,대전,06,SARS-CoV-2,2,1989.67,3.2990,1989.67,1623.3833,,4.7,2.5,1439687,2913348,,2024-W03,7913.60,1
2024-W01,2023-12-31,울산,07,SARS-CoV-2,4,108124.64,5.0339,108124.64,119028.4767,,1.0,3.1,1218898,1218898,,2024-W03,118955.10,0
2024-W01,2023-12-31,세종,08,SARS-CoV-2,3,75927.99,4.8804,75927.99,83220.2367,,8.2,1.9,343577,336440,,2024-W03,20767.96,0
2024-W01,2023-12-31,경기,09,SARS-CoV-2,2,1666.72,3.2221,1666.72,79638.7000,,3.1,0.2,6563383,677237,,2024-W03,6722.09,0
2024-W01,2023-12-31,강원,10,SARS-CoV-2,5,38937.00,4.5904,38937.00,39661.9933,,11.8,-3.3,816637,733130,,2024-W03,111960.11,1
2024-W01,2023-12-31,충북,11,SARS-CoV-2,5,21353.26,4.3295,21353.26,19435.5167,,4.5,0.8,374120,370590,,2024-W03,76256.54,1
2024-W01,2023-12-31,충남,12,SARS-CoV-2,6,73471.21,4.8661,73471.21,41274.0567,,5.0,2.4,1408091,1132023,,2024-W03,41709.31,0
2024-W01,2023-12-31,전북,13,SARS-CoV-2,3,2135.88,3.3298,2135.88,5844.5267,,11.4,2.0,1043386,652526,,2024-W03,1495.38,0
2024-W01,2023-12-31,전남,14,SARS-CoV-2,9,33795.01,4.5289,33795.01,33106.3467,,6.3,3.1,1017979,945134,,2024-W03,28463.82,0
2024-W01,2023-12-31,경북,15,SARS-CoV-2,0,,,,39914.1250,,5.7,1.8,1287477,,no_measurement,2024-W03,55201.83,1
2024-W01,2023-12-31,경남,16,SARS-CoV-2,0,,,,7509.2400,,7.3,3.0,1723394,,no_measurement,2024-W03,,
2024-W01,2023-12-31,제주,17,SARS-CoV-2,8,6348.15,3.8027,6348.15,3401.2567,,16.7,3.0,563849,563849,,2024-W03,8683.59,1
2024-W02,2024-01-07,서울,01,SARS-CoV-2,5,55606.93,4.7451,61221.20,64612.3367,0.1680,2.4,-3.1,9667667,11268168,,2024-W04,101843.61,1
2024-W02,2024-01-07,부산,02,SARS-CoV-2,6,4524170.22,6.6555,2434116.02,1721795.3033,-12.1493,7.2,0.7,2961386,2961386,,2024-W04,240800.19,0
2024-W02,2024-01-07,대구,03,SARS-CoV-2,4,9742.06,3.9887,6847.33,8580.7867,-1.4647,1.7,0.2,1948639,1948639,,2024-W04,,
2024-W02,2024-01-07,인천,04,SARS-CoV-2,6,6543.00,3.8158,7415.21,7078.3967,0.2105,3.8,-2.4,2579599,2048237,,2024-W04,10608.88,1
2024-W02,2024-01-07,광주,05,SARS-CoV-2,3,24315.49,4.3859,16836.36,13576.4300,-1.5986,3.9,0.3,691807,691807,,2024-W04,12607.21,0
2024-W02,2024-01-07,대전,06,SARS-CoV-2,2,7913.60,3.8984,4951.63,3866.7467,-2.9773,3.2,-0.9,1439687,2913348,,2024-W04,7498.94,1
2024-W02,2024-01-07,울산,07,SARS-CoV-2,4,58008.79,4.7635,83066.71,81289.0400,0.4635,5.8,0.0,1218898,1218898,,2024-W04,141898.36,1
2024-W02,2024-01-07,세종,08,SARS-CoV-2,3,422996.57,5.6263,249462.28,197697.1200,-4.5710,3.9,-1.2,343577,336440,,2024-W04,45269.78,0
2024-W02,2024-01-07,경기,09,SARS-CoV-2,4,9931.15,3.9970,5798.93,50546.7033,-4.9585,2.8,-3.0,6563383,2478387,,2024-W04,9434.61,0
2024-W02,2024-01-07,강원,10,SARS-CoV-2,5,76420.46,4.8832,57678.73,50001.9600,-0.9627,1.4,-7.1,816637,733130,,2024-W04,66316.93,1
2024-W02,2024-01-07,충북,11,SARS-CoV-2,6,105076.29,5.0215,63214.77,43047.2633,-3.9209,4.0,-2.4,374120,374120,,2024-W04,94132.69,1
2024-W02,2024-01-07,충남,12,SARS-CoV-2,6,48966.35,4.6899,61218.78,41192.0800,0.3335,3.1,-0.6,1408091,1132023,,2024-W04,58743.89,1
2024-W02,2024-01-07,전북,13,SARS-CoV-2,3,2849.25,3.4549,2492.56,4938.5767,-0.3340,5.1,-0.8,1043386,652526,,2024-W04,1591.57,0
2024-W02,2024-01-07,전남,14,SARS-CoV-2,10,22153.98,4.3455,27974.50,28089.3600,0.3445,4.1,0.1,1017979,995487,,2024-W04,12939.43,0
2024-W02,2024-01-07,경북,15,SARS-CoV-2,6,42079.18,4.6241,42079.18,38861.3250,0.7967,2.5,-1.1,1287477,912078,,2024-W04,30681.19,0
2024-W02,2024-01-07,경남,16,SARS-CoV-2,0,,,599597.31,,-1.1945,4.1,0.2,1723394,,no_measurement,2024-W04,53940.60,
2024-W02,2024-01-07,제주,17,SARS-CoV-2,8,6924.30,3.8404,6636.23,4897.7100,-0.0908,13.0,0.9,563849,563849,,2024-W04,3990.68,0
2024-W03,2024-01-14,서울,01,SARS-CoV-2,5,75201.49,4.8762,65881.29,65881.2933,-0.3524,13.6,-0.7,9667667,11268168,,2024-W05,119353.79,1
2024-W03,2024-01-14,부산,02,SARS-CoV-2,6,131816.52,5.1200,1666682.86,1666682.8567,0.9709,42.3,4.6,2961386,2961386,,2024-W05,150801.20,0
2024-W03,2024-01-14,대구,03,SARS-CoV-2,3,17759.64,4.2495,10484.77,10484.7667,-0.8230,21.7,3.6,1948639,1891228,,2024-W05,,
2024-W03,2024-01-14,인천,04,SARS-CoV-2,6,8159.56,3.9117,7663.32,7663.3267,-0.2471,14.0,-0.2,2579599,2048237,,2024-W05,11610.13,1
2024-W03,2024-01-14,광주,05,SARS-CoV-2,3,11448.53,4.0588,15040.41,15040.4167,0.5292,40.2,3.9,691807,691807,,2024-W05,2391.36,0
2024-W03,2024-01-14,대전,06,SARS-CoV-2,2,7913.60,3.8984,5938.96,5938.9567,0.0000,23.7,2.1,1439687,2913348,,2024-W05,3986.67,0
2024-W03,2024-01-14,울산,07,SARS-CoV-2,4,118955.10,5.0754,95029.51,95029.5100,-1.0506,38.7,4.3,1218898,1218898,,2024-W05,164198.14,1
2024-W03,2024-01-14,세종,08,SARS-CoV-2,3,20767.96,4.3174,173230.84,173230.8400,0.9509,20.6,1.4,343577,336440,,2024-W05,64607.05,0
2024-W03,2024-01-14,경기,09,SARS-CoV-2,4,6722.09,3.8276,6106.65,6106.6533,0.3231,11.8,-0.2,6563383,2478387,,2024-W05,9360.06,1
2024-W03,2024-01-14,강원,10,SARS-CoV-2,5,111960.11,5.0491,75772.52,75772.5233,-0.4651,16.4,-4.8,816637,733130,,2024-W05,48694.47,0
2024-W03,2024-01-14,충북,11,SARS-CoV-2,6,76256.54,4.8823,67562.03,67562.0300,0.2743,17.4,0.5,374120,374120,,2024-W05,173374.17,1
2024-W03,2024-01-14,충남,12,SARS-CoV-2,6,41709.31,4.6202,54715.62,54715.6233,0.1482,21.3,2.0,1408091,1132023,,2024-W05,106811.29,1
2024-W03,2024-01-14,전북,13,SARS-CoV-2,3,1495.38,3.1750,2160.17,2160.1700,0.4752,37.6,2.9,1043386,652526,,2024-W05,2783.59,0
2024-W03,2024-01-14,전남,14,SARS-CoV-2,10,28463.82,4.4543,28137.60,28137.6033,-0.2848,36.3,3.7,1017979,995487,,2024-W05,22977.64,0
2024-W03,2024-01-14,경북,15,SARS-CoV-2,6,55201.83,4.7420,48640.50,48640.5050,-0.3119,13.0,1.7,1287477,912078,,2024-W05,72078.73,1
2024-W03,2024-01-14,경남,16,SARS-CoV-2,0,,,401029.68,,0.9953,29.1,3.6,1723394,,no_measurement,2024-W05,33918.01,
2024-W03,2024-01-14,제주,17,SARS-CoV-2,8,8683.59,3.9387,7318.68,7318.6800,-0.2541,93.3,4.7,563849,563849,,2024-W05,11278.88,1
2024-W04,2024-01-21,서울,01,SARS-CoV-2,5,101843.61,5.0079,77550.68,74871.8725,-0.3543,0.1,-5.9,9667667,11268168,,2024-W06,134671.36,1
2024-W04,2024-01-21,부산,02,SARS-CoV-2,6,240800.19,5.3817,1632262.31,1310212.1900,-0.8268,3.3,-1.3,2961386,2961386,,2024-W06,97698.64,0
2024-W04,2024-01-21,대구,03,SARS-CoV-2,0,,,13750.85,10484.7667,0.7611,2.0,-2.3,1948639,,no_measurement,2024-W06,,
2024-W04,2024-01-21,인천,04,SARS-CoV-2,6,10608.88,4.0257,8437.15,8399.7150,-0.3002,0.2,-5.2,2579599,2048237,,2024-W06,15749.66,1
2024-W04,2024-01-21,광주,05,SARS-CoV-2,3,12607.21,4.1007,16123.74,14432.1150,-0.1012,2.8,-1.7,691807,691807,,2024-W06,9946.53,0
2024-W04,2024-01-21,대전,06,SARS-CoV-2,2,7498.94,3.8751,7775.38,6328.9525,0.0524,1.1,-3.2,1439687,2913348,,2024-W06,11032.73,1
2024-W04,2024-01-21,울산,07,SARS-CoV-2,4,141898.36,5.1520,106287.42,106746.7225,-0.1929,2.8,-1.6,1218898,1218898,,2024-W06,115837.13,0
2024-W04,2024-01-21,세종,08,SARS-CoV-2,3,45269.78,4.6558,163011.44,141240.5750,-1.1798,1.0,-3.7,343577,336440,,2024-W06,122096.35,0
2024-W04,2024-01-21,경기,09,SARS-CoV-2,4,9434.61,3.9748,8695.95,6938.6425,-0.4035,0.0,-5.7,6563383,2478387,,2024-W06,13742.08,1
2024-W04,2024-01-21,강원,10,SARS-CoV-2,5,66316.93,4.8216,84899.17,73408.6250,0.4077,1.7,-9.8,816637,733130,,2024-W06,53197.68,0
2024-W04,2024-01-21,충북,11,SARS-CoV-2,6,94132.69,4.9737,91821.84,74204.6950,-0.2344,0.7,-5.2,374120,374120,,2024-W06,111537.10,1
2024-W04,2024-01-21,충남,12,SARS-CoV-2,6,58743.89,4.7690,49806.52,55722.6900,-0.4084,1.5,-3.1,1408091,1132023,,2024-W06,30532.72,0
2024-W04,2024-01-21,전북,13,SARS-CoV-2,3,1591.57,3.2021,1978.73,2018.0200,-0.0643,2.7,-3.8,1043386,652526,,2024-W06,1341.61,0
2024-W04,2024-01-21,전남,14,SARS-CoV-2,10,12939.43,4.1119,21185.74,24338.0600,0.5454,1.8,-2.0,1017979,995487,,2024-W06,15356.96,0
2024-W04,2024-01-21,경북,15,SARS-CoV-2,6,30681.19,4.4869,42654.06,42654.0667,0.4442,2.5,-4.0,1287477,912078,,2024-W06,15803.83,0
2024-W04,2024-01-21,경남,16,SARS-CoV-2,5,53940.60,4.7319,53940.60,,-7.0382,1.8,-1.9,1723394,1657639,,2024-W06,11159.46,
2024-W04,2024-01-21,제주,17,SARS-CoV-2,8,3990.68,3.6012,6532.85,6486.6800,0.5404,46.5,-1.5,563849,563849,,2024-W06,3959.28,0
2024-W05,2024-01-28,서울,01,SARS-CoV-2,5,119353.79,5.0768,98799.63,88001.4550,-0.1719,1.4,-0.3,9667667,11268168,,2024-W07,159384.46,1
2024-W05,2024-01-28,부산,02,SARS-CoV-2,6,150801.20,5.1784,174472.63,1261897.0325,0.3737,7.6,3.5,2961386,2961386,,2024-W07,412956.96,0
2024-W05,2024-01-28,대구,03,SARS-CoV-2,0,,,17759.64,13750.8500,-2.4387,4.3,3.3,1948639,,no_measurement,2024-W07,,
2024-W05,2024-01-28,인천,04,SARS-CoV-2,6,11610.13,4.0649,10126.19,9230.3925,-0.0944,2.6,-0.0,2579599,2048237,,2024-W07,9818.03,0
2024-W05,2024-01-28,광주,05,SARS-CoV-2,3,2391.36,3.3788,8815.70,12690.6475,0.8103,6.6,3.1,691807,691807,,2024-W07,9110.92,0
2024-W05,2024-01-28,대전,06,SARS-CoV-2,2,3986.67,3.6007,6466.40,6828.2025,0.4684,2.2,2.0,1439687,2913348,,2024-W07,13908.89,1
2024-W05,2024-01-28,울산,07,SARS-CoV-2,4,164198.14,5.2154,141683.87,120765.0975,-0.1572,7.0,3.6,1218898,1218898,,2024-W07,67537.70,0
2024-W05,2024-01-28,세종,08,SARS-CoV-2,3,64607.05,4.8103,43548.26,138410.3400,-0.4272,2.1,1.4,343577,336440,,2024-W07,279549.54,1
2024-W05,2024-01-28,경기,09,SARS-CoV-2,4,9360.06,3.9713,8505.59,8861.9775,0.0079,0.7,0.3,6563383,2478387,,2024-W07,13500.53,1
2024-W05,2024-01-28,강원,10,SARS-CoV-2,5,48694.47,4.6875,75657.17,75847.9925,0.2657,1.3,-3.5,816637,733130,,2024-W07,119933.77,1
2024-W05,2024-01-28,충북,11,SARS-CoV-2,6,173374.17,5.2390,114587.80,112209.9225,-0.8418,2.0,0.5,374120,374120,,2024-W07,137683.78,0
2024-W05,2024-01-28,충남,12,SARS-CoV-2,6,106811.29,5.0286,69088.16,64057.7100,-0.8183,4.2,1.6,1408091,1132023,,2024-W07,47811.43,0
2024-W05,2024-01-28,전북,13,SARS-CoV-2,3,2783.59,3.4448,1956.84,2179.9475,-0.7490,4.5,1.8,1043386,652526,,2024-W07,5063.83,1
2024-W05,2024-01-28,전남,14,SARS-CoV-2,10,22977.64,4.3613,21460.29,21633.7175,-0.7758,14.9,3.0,1017979,995487,,2024-W07,27988.27,0
2024-W05,2024-01-28,경북,15,SARS-CoV-2,6,72078.73,4.8578,52653.91,50010.2325,-1.3493,1.8,1.3,1287477,912078,,2024-W07,70576.61,1
2024-W05,2024-01-28,경남,16,SARS-CoV-2,5,33918.01,4.5304,43929.31,43929.3050,0.3712,5.5,3.3,1723394,1657639,,2024-W07,18887.07,0
2024-W05,2024-01-28,제주,17,SARS-CoV-2,8,11278.88,4.0523,7984.38,7719.3625,-1.8263,63.6,2.9,563849,563849,,2024-W07,1996.92,0
2024-W06,2024-02-04,서울,01,SARS-CoV-2,5,134671.36,5.1293,118622.92,107767.5625,-0.1283,8.6,0.1,9667667,11268168,,2024-W08,95206.26,0
2024-W06,2024-02-04,부산,02,SARS-CoV-2,6,97698.64,4.9899,163100.01,155279.1375,0.3521,21.7,3.9,2961386,2961386,,2024-W08,42210.27,0
2024-W06,2024-02-04,대구,03,SARS-CoV-2,0,,,6159932.55,,0.1841,16.4,2.7,1948639,,no_measurement,2024-W08,2953.64,
2024-W06,2024-02-04,인천,04,SARS-CoV-2,6,15749.66,4.1973,12656.23,11532.0575,-0.3565,10.0,0.5,2579599,2048237,,2024-W08,11482.46,0
2024-W06,2024-02-04,광주,05,SARS-CoV-2,3,9946.53,3.9977,8315.03,9098.4075,-3.1594,23.4,2.9,691807,691807,,2024-W08,13473.52,1
2024-W06,2024-02-04,대전,06,SARS-CoV-2,2,11032.73,4.0427,7506.11,7607.9850,-1.7674,17.2,1.6,1439687,2913348,,2024-W08,10430.20,1
2024-W06,2024-02-04,울산,07,SARS-CoV-2,4,115837.13,5.0639,140644.54,135222.1825,0.2945,29.6,3.7,1218898,1218898,,2024-W08,53751.05,0
2024-W06,2024-02-04,세종,08,SARS-CoV-2,3,122096.35,5.0867,77324.39,63185.2850,-0.8898,16.2,1.5,343577,336440,,2024-W08,187799.57,1
2024-W06,2024-02-04,경기,09,SARS-CoV-2,4,13742.08,4.1381,10845.58,9814.7100,-0.4682,7.2,0.2,6563383,2478387,,2024-W08,10051.26,0
2024-W06,2024-02-04,강원,10,SARS-CoV-2,5,53197.68,4.7259,56069.69,70042.2975,-0.0925,19.3,-4.8,816637,733130,,2024-W08,66971.91,0
2024-W06,2024-02-04,충북,11,SARS-CoV-2,6,111537.10,5.0474,126347.99,113825.1250,0.3567,12.7,0.3,374120,374120,,2024-W08,76614.26,0
2024-W06,2024-02-04,충남,12,SARS-CoV-2,6,30532.72,4.4848,65362.63,59449.3025,0.7141,17.8,1.7,1408091,1132023,,2024-W08,12780.97,0
2024-W06,2024-02-04,전북,13,SARS-CoV-2,3,1341.61,3.1279,1905.59,1803.0375,0.5180,28.9,1.3,1043386,652526,,2024-W08,366.04,0
2024-W06,2024-02-04,전남,14,SARS-CoV-2,10,15356.96,4.1863,17091.34,19934.4625,0.3317,25.2,2.2,1017979,995487,,2024-W08,18238.98,0
2024-W06,2024-02-04,경북,15,SARS-CoV-2,6,15803.83,4.1988,39521.25,43441.3950,0.7807,17.1,0.8,1287477,912078,,2024-W08,55982.34,0
2024-W06,2024-02-04,경남,16,SARS-CoV-2,5,11159.46,4.0477,33006.02,33006.0233,0.6710,23.9,2.7,1723394,1657639,,2024-W08,19370.09,0
2024-W06,2024-02-04,제주,17,SARS-CoV-2,8,3959.28,3.5977,6409.62,6978.1075,0.6490,45.4,2.1,563849,563849,,2024-W08,1439.50,0
2024-W07,2024-02-11,서울,01,SARS-CoV-2,5,159384.46,5.2024,137803.21,128813.3050,-0.1835,9.6,2.7,9667667,11268168,,2024-W09,33875.44,0
2024-W07,2024-02-11,부산,02,SARS-CoV-2,6,412956.96,5.6159,220485.60,225564.2475,-3.2268,4.9,5.9,2961386,2961386,,2024-W09,66151.56,0
2024-W07,2024-02-11,대구,03,SARS-CoV-2,0,,,7149663.46,,0.2287,0.9,5.7,1948639,,no_measurement,2024-W09,3837.86,
2024-W07,2024-02-11,인천,04,SARS-CoV-2,6,9818.03,3.9921,12392.61,11946.6750,0.3766,7.5,3.3,2579599,2048237,,2024-W09,6377.28,0
2024-W07,2024-02-11,광주,05,SARS-CoV-2,3,9110.92,3.9596,7149.60,8514.0050,0.0840,7.6,5.1,691807,691807,,2024-W09,14616.61,1
2024-W07,2024-02-11,대전,06,SARS-CoV-2,2,13908.89,4.1433,9642.76,9106.8075,-0.2607,7.3,5.0,1439687,2913348,,2024-W09,9814.54,0
2024-W07,2024-02-11,울산,07,SARS-CoV-2,4,67537.70,4.8296,115857.66,122367.8325,0.4170,1.7,5.3,1218898,1218898,,2024-W09,138120.88,0
2024-W07,2024-02-11,세종,08,SARS-CoV-2,3,279549.54,5.4465,155417.65,127880.6800,-1.2896,2.1,4.0,343577,336440,,2024-W09,100073.85,0
2024-W07,2024-02-11,경기,09,SARS-CoV-2,4,13500.53,4.1304,12200.89,11509.3200,0.0176,7.6,2.8,6563383,2478387,,2024-W09,5612.91,0
2024-W07,2024-02-11,강원,10,SARS-CoV-2,5,119933.77,5.0789,73941.97,72035.7125,-1.2545,19.0,-1.7,816637,733130,,2024-W09,90064.00,0
2024-W07,2024-02-11,충북,11,SARS-CoV-2,6,137683.78,5.1389,140865.01,129181.9350,-0.2344,4.8,3.4,374120,374120,,2024-W09,136401.05,0
2024-W07,2024-02-11,충남,12,SARS-CoV-2,6,47811.43,4.6795,61718.48,60974.8325,-0.5659,4.5,5.0,1408091,1132023,,2024-W09,38569.06,0
2024-W07,2024-02-11,전북,13,SARS-CoV-2,3,5063.83,3.7046,3063.01,2695.1500,-2.7744,7.9,4.7,1043386,652526,,2024-W09,777.31,0
2024-W07,2024-02-11,전남,14,SARS-CoV-2,10,27988.27,4.4470,22107.62,19815.5750,-0.8225,7.2,5.0,1017979,995487,,2024-W09,14037.22,0
2024-W07,2024-02-11,경북,15,SARS-CoV-2,6,70576.61,4.8487,52819.72,47285.0900,-3.4658,3.7,3.9,1287477,912078,,2024-W09,34570.16,0
2024-W07,2024-02-11,경남,16,SARS-CoV-2,5,18887.07,4.2762,21321.51,29476.2850,-0.6925,2.4,5.4,1723394,1657639,,2024-W09,36021.64,0
2024-W07,2024-02-11,제주,17,SARS-CoV-2,8,1996.92,3.3006,5745.03,5306.4400,0.4956,13.0,4.4,563849,563849,,2024-W09,5321.65,0
2024-W08,2024-02-18,서울,01,SARS-CoV-2,5,95206.26,4.9787,129754.03,127153.9675,0.4027,42.4,2.6,9667667,11268168,,2024-W10,72099.75,0
2024-W08,2024-02-18,부산,02,SARS-CoV-2,6,42210.27,4.6254,184288.63,175916.7675,0.8978,71.7,7.4,2961386,2961386,,2024-W10,149173.10,0
2024-W08,2024-02-18,대구,03,SARS-CoV-2,4,2953.64,3.4705,2953.64,,0.8051,53.7,6.2,1948639,1948639,,2024-W10,3508.20,
2024-W08,2024-02-18,인천,04,SARS-CoV-2,6,11482.46,4.0601,12350.05,12165.0700,-0.1695,47.9,3.1,2579599,2048237,,2024-W10,7118.64,0
2024-W08,2024-02-18,광주,05,SARS-CoV-2,3,13473.52,4.1295,10843.66,8730.5825,-0.4788,101.2,7.1,691807,691807,,2024-W10,11793.85,1
2024-W08,2024-02-18,대전,06,SARS-CoV-2,2,10430.20,4.0183,11790.61,9839.6225,0.2501,59.6,4.9,1439687,2913348,,2024-W10,8234.75,0
2024-W08,2024-02-18,울산,07,SARS-CoV-2,4,53751.05,4.7304,79041.96,100331.0050,0.2041,63.0,7.1,1218898,1218898,,2024-W10,114002.96,0
2024-W08,2024-02-18,세종,08,SARS-CoV-2,3,187799.57,5.2737,196481.82,163513.1275,0.3282,47.8,4.8,343577,336440,,2024-W10,76462.88,0
2024-W08,2024-02-18,경기,09,SARS-CoV-2,4,10051.26,4.0023,12431.29,11663.4825,0.2555,45.3,3.0,6563383,2478387,,2024-W10,5027.98,0
2024-W08,2024-02-18,강원,10,SARS-CoV-2,5,66971.91,4.8259,80034.45,72199.4575,0.4416,43.0,-1.8,816637,733130,,2024-W10,46359.27,0
2024-W08,2024-02-18,충북,11,SARS-CoV-2,6,76614.26,4.8843,108611.71,124802.3275,0.4435,55.8,3.8,374120,374120,,2024-W10,100506.88,0
2024-W08,2024-02-18,충남,12,SARS-CoV-2,6,12780.97,4.1066,30375.04,49484.1025,0.7327,70.2,5.1,1408091,1132023,,2024-W10,51541.11,0
2024-W08,2024-02-18,전북,13,SARS-CoV-2,3,366.04,2.5647,2257.16,2388.7675,0.9277,102.1,5.4,1043386,652526,,2024-W10,2024.80,0
2024-W08,2024-02-18,전남,14,SARS-CoV-2,10,18238.98,4.2610,20528.07,21140.4625,0.3483,100.7,5.8,1017979,995487,,2024-W10,26571.44,0
2024-W08,2024-02-18,경북,15,SARS-CoV-2,6,55982.34,4.7481,47454.26,53610.3775,0.2068,49.3,4.5,1287477,912078,,2024-W10,59077.89,0
2024-W08,2024-02-18,경남,16,SARS-CoV-2,5,19370.09,4.2872,16472.21,20833.6575,-0.0256,86.9,5.7,1723394,1657639,,2024-W10,16451.77,0
2024-W08,2024-02-18,제주,17,SARS-CoV-2,8,1439.50,3.1585,2465.23,4668.6450,0.2791,195.6,7.3,563849,563849,,2024-W10,4665.33,0
2024-W09,2024-02-25,서울,01,SARS-CoV-2,5,33875.44,4.5299,96155.39,105784.3800,0.6442,5.8,0.8,9667667,11268168,,2024-W11,,
2024-W09,2024-02-25,부산,02,SARS-CoV-2,6,66151.56,4.8205,173772.93,154754.3575,-0.5672,13.2,3.0,2961386,2961386,,2024-W11,137121.38,0
2024-W09,2024-02-25,대구,03,SARS-CoV-2,3,3837.86,3.5842,3395.75,3395.7500,-0.2994,8.5,2.0,1948639,1891228,,2024-W11,,
2024-W09,2024-02-25,인천,04,SARS-CoV-2,6,6377.28,3.8047,9225.92,10856.8575,0.4446,5.0,1.3,2579599,2048237,,2024-W11,8959.56,0
2024-W09,2024-02-25,광주,05,SARS-CoV-2,3,14616.61,4.1649,12400.35,11786.8950,-0.0848,4.1,3.2,691807,691807,,2024-W11,10940.40,0
2024-W09,2024-02-25,대전,06,SARS-CoV-2,2,9814.54,3.9919,11384.54,11296.5900,0.0590,3.4,2.1,1439687,2913348,,2024-W11,5429.46,0
2024-W09,2024-02-25,울산,07,SARS-CoV-2,4,138120.88,5.1403,86469.88,93811.6900,-1.5696,11.3,2.9,1218898,1218898,,2024-W11,47952.14,0
2024-W09,2024-02-25,세종,08,SARS-CoV-2,3,100073.85,5.0003,189140.99,172379.8275,0.4671,3.1,1.8,343577,336440,,2024-W11,258170.10,1
2024-W09,2024-02-25,경기,09,SARS-CoV-2,4,5612.91,3.7493,9721.56,10726.6950,0.4416,4.6,0.3,6563383,2478387,,2024-W11,12317.86,0
2024-W09,2024-02-25,강원,10,SARS-CoV-2,5,90064.00,4.9546,92323.23,82541.8400,-0.3448,2.4,-5.2,816637,733130,,2024-W11,86349.25,0
2024-W09,2024-02-25,충북,11,SARS-CoV-2,6,136401.05,5.1348,116899.70,115559.0475,-0.7804,2.7,0.8,374120,374120,,2024-W11,58675.38,0
2024-W09,2024-02-25,충남,12,SARS-CoV-2,6,38569.06,4.5863,33053.82,32423.5450,-2.0177,2.7,2.3,1408091,1132023,,2024-W11,34856.67,0
2024-W09,2024-02-25,전북,13,SARS-CoV-2,3,777.31,2.8912,2069.06,1887.1975,-1.1236,3.6,1.4,1043386,652526,,2024-W11,1612.17,0
2024-W09,2024-02-25,전남,14,SARS-CoV-2,10,14037.22,4.1473,20088.15,18905.3575,0.2304,6.1,2.3,1017979,995487,,2024-W11,20221.70,0
2024-W09,2024-02-25,경북,15,SARS-CoV-2,6,34570.16,4.5387,53709.70,44233.2350,0.3825,5.5,1.0,1287477,912078,,2024-W11,62637.08,1
2024-W09,2024-02-25,경남,16,SARS-CoV-2,5,36021.64,4.5566,24759.60,21359.5650,-0.8597,9.5,1.8,1723394,1657639,,2024-W11,17922.58,0
2024-W09,2024-02-25,제주,17,SARS-CoV-2,8,5321.65,3.7261,2919.36,3179.3375,-2.6969,52.9,1.4,563849,563849,,2024-W11,4422.17,1
2024-W10,2024-03-03,서울,01,SARS-CoV-2,5,72099.75,4.8579,67060.49,90141.4775,-1.1284,3.1,2.2,9667667,11268168,,2024-W12,50828.18,0
2024-W10,2024-03-03,부산,02,SARS-CoV-2,6,149173.10,5.1737,85844.98,167622.9725,-1.2550,13.4,5.1,2961386,2961386,,2024-W12,301353.82,1
2024-W10,2024-03-03,대구,03,SARS-CoV-2,3,3508.20,3.5452,3433.23,3433.2333,0.0859,9.3,4.7,1948639,1156006,,2024-W12,13246.80,1
2024-W10,2024-03-03,인천,04,SARS-CoV-2,6,7118.64,3.8525,8326.13,8699.1025,-0.1163,1.7,3.0,2579599,2048237,,2024-W12,8821.92,0
2024-W10,2024-03-03,광주,05,SARS-CoV-2,3,11793.85,4.0717,13294.66,12248.7250,0.1931,12.9,4.7,691807,691807,,2024-W12,9840.23,0
2024-W10,2024-03-03,대전,06,SARS-CoV-2,2,8234.75,3.9157,9493.16,10597.0950,0.1610,7.3,4.4,1439687,2913348,,2024-W12,2622.40,0
2024-W10,2024-03-03,울산,07,SARS-CoV-2,4,114002.96,5.0569,101958.30,93353.1475,0.1746,17.3,4.7,1218898,1218898,,2024-W12,56528.09,0
2024-W10,2024-03-03,세종,08,SARS-CoV-2,3,76462.88,4.8835,121445.43,160971.4600,0.2359,5.2,4.1,343577,336440,,2024-W12,38520.01,0
2024-W10,2024-03-03,경기,09,SARS-CoV-2,3,5027.98,3.7015,6897.38,8548.1700,0.1042,5.1,2.0,6563383,800190,,2024-W12,9221.21,0
2024-W10,2024-03-03,강원,10,SARS-CoV-2,5,46359.27,4.6661,67798.40,80832.2375,0.4853,6.1,-2.7,816637,733130,,2024-W12,47479.12,0
2024-W10,2024-03-03,충북,11,SARS-CoV-2,6,100506.88,5.0022,104507.40,112801.4925,0.2632,6.8,3.1,374120,374120,,2024-W12,30365.38,0
2024-W10,2024-03-03,충남,12,SARS-CoV-2,6,51541.11,4.7122,34297.05,37675.6425,-0.3363,5.0,4.1,1408091,1132023,,2024-W12,30704.68,0
2024-W10,2024-03-03,전북,13,SARS-CoV-2,2,2024.80,3.3066,1056.05,2057.9950,-1.6049,9.5,3.6,1043386,643606,,2024-W12,3206.04,1
2024-W10,2024-03-03,전남,14,SARS-CoV-2,10,26571.44,4.4244,19615.88,21708.9775,-0.8929,13.5,4.2,1017979,995487,,2024-W12,19729.35,0
2024-W10,2024-03-03,경북,15,SARS-CoV-2,6,59077.89,4.7714,49876.80,55051.7500,-0.7089,6.6,3.4,1287477,912078,,2024-W12,44146.95,0
2024-W10,2024-03-03,경남,16,SARS-CoV-2,5,16451.77,4.2162,23947.83,22682.6425,0.5433,14.2,4.3,1723394,1657639,,2024-W12,42289.10,1
2024-W10,2024-03-03,제주,17,SARS-CoV-2,8,4665.33,3.6690,3808.83,3355.8500,0.1233,64.3,2.9,563849,563849,,2024-W12,12933.54,1
2024-W11,2024-03-10,서울,01,SARS-CoV-2,0,,,52987.60,67060.4833,,2.1,4.5,9667667,,no_measurement,2024-W13,41002.64,0
2024-W11,2024-03-10,부산,02,SARS-CoV-2,6,137121.38,5.1371,117482.01,98664.0775,0.0808,12.9,6.7,2961386,2961386,,2024-W13,387094.09,1
2024-W11,2024-03-10,대구,03,SARS-CoV-2,0,,,3673.03,3433.2333,0.7051,2.2,7.5,1948639,,no_measurement,2024-W13,2825.36,0
2024-W11,2024-03-10,인천,04,SARS-CoV-2,6,8959.56,3.9523,7485.16,8484.4850,-0.2586,1.0,5.1,2579599,2048237,,2024-W13,5529.76,0
2024-W11,2024-03-10,광주,05,SARS-CoV-2,3,10940.40,4.0391,12450.29,12706.0950,0.0724,3.7,5.2,691807,691807,,2024-W13,12618.99,0
2024-W11,2024-03-10,대전,06,SARS-CoV-2,2,5429.46,3.7348,7826.25,8477.2375,0.3407,3.4,5.6,1439687,2913348,,2024-W13,5105.98,0
2024-W11,2024-03-10,울산,07,SARS-CoV-2,4,47952.14,4.6808,100025.33,88456.7575,0.5794,7.8,6.5,1218898,1218898,,2024-W13,35154.84,0
2024-W11,2024-03-10,세종,08,SARS-CoV-2,3,258170.10,5.4119,144902.27,155626.6000,-2.3764,1.4,5.6,343577,336440,,2024-W13,292943.58,1
2024-W11,2024-03-10,경기,09,SARS-CoV-2,4,12317.86,4.0906,7652.92,8252.5025,-1.4499,0.9,4.5,6563383,2478387,,2024-W13,7245.11,0
2024-W11,2024-03-10,강원,10,SARS-CoV-2,5,86349.25,4.9363,74257.51,72436.1075,-0.8626,1.1,1.1,816637,733130,,2024-W13,52899.76,0
2024-W11,2024-03-10,충북,11,SARS-CoV-2,6,58675.38,4.7685,98527.77,93049.3925,0.4162,2.2,4.8,374120,374120,,2024-W13,65804.06,0
2024-W11,2024-03-10,충남,12,SARS-CoV-2,6,34856.67,4.5423,41655.61,34436.9525,0.3237,2.0,6.1,1408091,1132023,,2024-W13,27477.87,0
2024-W11,2024-03-10,전북,13,SARS-CoV-2,3,1612.17,3.2077,1471.43,1195.0800,0.2038,4.8,4.9,1043386,652526,,2024-W13,2480.90,1
2024-W11,2024-03-10,전남,14,SARS-CoV-2,10,20221.70,4.3058,20276.78,19767.3350,0.2390,3.6,5.5,1017979,995487,,2024-W13,14033.33,0
2024-W11,2024-03-10,경북,15,SARS-CoV-2,6,62637.08,4.7968,52095.05,53066.8675,-0.0602,2.9,5.5,1287477,912078,,2024-W13,28534.36,0
2024-W11,2024-03-10,경남,16,SARS-CoV-2,5,17922.58,4.2534,23465.33,22441.5200,-0.0894,5.4,6.4,1723394,1657639,,2024-W13,57601.65,1
2024-W11,2024-03-10,제주,17,SARS-CoV-2,8,4422.17,3.6457,4803.05,3962.1625,0.0521,33.9,4.6,563849,563849,,2024-W13,6097.01,1
2024-W12,2024-03-17,서울,01,SARS-CoV-2,5,50828.18,4.7061,61463.96,52267.7900,,18.4,5.8,9667667,11268168,,2024-W14,30790.84,0
2024-W12,2024-03-17,부산,02,SARS-CoV-2,6,301353.82,5.4791,195882.77,163449.9650,-1.1977,13.4,9.1,2961386,2961386,,2024-W14,206031.88,0
2024-W12,2024-03-17,대구,03,SARS-CoV-2,4,13246.80,4.1221,8377.50,6864.2867,,3.9,8.6,1948639,1948639,,2024-W14,5844.27,0
2024-W12,2024-03-17,인천,04,SARS-CoV-2,6,8821.92,3.9456,8300.04,7819.3500,0.0154,5.6,6.3,2579599,2048237,,2024-W14,4428.97,0
2024-W12,2024-03-17,광주,05,SARS-CoV-2,3,9840.23,3.9930,10858.16,11797.7725,0.1006,0.6,7.9,691807,691807,,2024-W14,15945.99,1
2024-W12,2024-03-17,대전,06,SARS-CoV-2,2,2622.40,3.4189,5428.87,6525.2875,0.5170,2.7,7.3,1439687,2913348,,2024-W14,3647.47,0
2024-W12,2024-03-17,울산,07,SARS-CoV-2,4,56528.09,4.7523,72827.73,89151.0175,-0.1788,7.0,8.6,1218898,1218898,,2024-W14,56006.23,0
2024-W12,2024-03-17,세종,08,SARS-CoV-2,3,38520.01,4.5857,124384.33,118306.7100,0.8508,4.3,7.3,343577,336440,,2024-W14,81453.34,0
2024-W12,2024-03-17,경기,09,SARS-CoV-2,4,9221.21,3.9648,8855.68,8044.9900,0.2514,19.5,5.7,6563383,2478387,,2024-W14,4834.55,0
2024-W12,2024-03-17,강원,10,SARS-CoV-2,5,47479.12,4.6765,60062.55,67562.9100,0.4502,25.3,1.5,816637,733130,,2024-W14,50042.07,0
2024-W12,2024-03-17,충북,11,SARS-CoV-2,6,30365.38,4.4824,63182.54,81487.1725,0.4825,9.2,6.2,374120,374120,,2024-W14,35769.83,0
2024-W12,2024-03-17,충남,12,SARS-CoV-2,6,30704.68,4.4872,39034.15,38917.8800,0.1191,8.0,7.1,1408091,1132023,,2024-W14,28148.19,0
2024-W12,2024-03-17,전북,13,SARS-CoV-2,3,3206.04,3.5061,2281.00,1905.0800,-0.9886,11.8,6.3,1043386,652526,,2024-W14,5001.10,1
2024-W12,2024-03-17,전남,14,SARS-CoV-2,9,19729.35,4.2951,22174.16,20139.9275,0.0243,2.5,7.3,1017979,945134,,2024-W14,13048.18,0
2024-W12,2024-03-17,경북,15,SARS-CoV-2,6,44146.95,4.6449,55287.31,50108.0200,0.2952,6.3,6.9,1287477,912078,,2024-W14,696.74,0
2024-W12,2024-03-17,경남,16,SARS-CoV-2,5,42289.10,4.6262,25554.48,28171.2725,-1.3595,5.9,8.3,1723394,1657639,,2024-W14,18940.87,0
2024-W12,2024-03-17,제주,17,SARS-CoV-2,8,12933.54,4.1118,7340.34,6835.6725,-1.9247,21.4,6.3,563849,563849,,2024-W14,2462.88,0
2024-W13,2024-03-24,서울,01,SARS-CoV-2,5,41002.64,4.6128,45915.41,54643.5233,0.1933,23.9,8.1,9667667,11268168,,2024-W15,43188.97,0
2024-W13,2024-03-24,부산,02,SARS-CoV-2,6,387094.09,5.5878,275189.76,243685.5975,-0.2845,82.0,10.0,2961386,2961386,,2024-W15,206514.57,0
2024-W13,2024-03-24,대구,03,SARS-CoV-2,4,2825.36,3.4512,8036.08,6526.7867,0.7867,65.8,9.9,1948639,1948639,,2024-W15,13374.68,1
2024-W13,2024-03-24,인천,04,SARS-CoV-2,6,5529.76,3.7428,7770.42,7607.4700,0.3732,25.3,8.6,2579599,2048237,,2024-W15,3107.01,0
2024-W13,2024-03-24,광주,05,SARS-CoV-2,3,12618.99,4.1011,11133.21,11298.3675,-0.2824,67.6,10.7,691807,691807,,2024-W15,5930.32,0
2024-W13,2024-03-24,대전,06,SARS-CoV-2,2,5105.98,3.7082,4385.95,5348.1475,-0.9471,46.0,9.5,1439687,2913348,,2024-W15,3656.02,0
2024-W13,2024-03-24,울산,07,SARS-CoV-2,4,35154.84,4.5460,46545.02,63409.5075,0.3781,78.3,9.7,1218898,1218898,,2024-W15,124363.53,1
2024-W13,2024-03-24,세종,08,SARS-CoV-2,3,292943.58,5.4668,196544.56,166524.1425,-6.6050,37.5,9.4,343577,336440,,2024-W15,28416.64,0
2024-W13,2024-03-24,경기,09,SARS-CoV-2,4,7245.11,3.8601,9594.73,8453.0400,0.2143,21.6,7.9,6563383,2478387,,2024-W15,5048.41,0
2024-W13,2024-03-24,강원,10,SARS-CoV-2,5,52899.76,4.7235,62242.71,58271.8500,-0.1142,24.9,3.2,816637,733130,,2024-W15,24661.47,0
2024-W13,2024-03-24,충북,11,SARS-CoV-2,6,65804.06,4.8183,51614.94,63837.9250,-1.1671,37.2,8.4,374120,374120,,2024-W15,26326.12,0
2024-W13,2024-03-24,충남,12,SARS-CoV-2,6,27477.87,4.4390,31013.07,36145.0825,0.1051,33.6,9.6,1408091,1132023,,2024-W15,19625.29,0
2024-W13,2024-03-24,전북,13,SARS-CoV-2,3,2480.90,3.3948,2433.04,2330.9775,0.2262,56.0,9.5,1043386,652526,,2024-W15,1637.88,0
2024-W13,2024-03-24,전남,14,SARS-CoV-2,10,14033.33,4.1472,17994.79,20138.9550,0.2887,55.9,9.8,1017979,995487,,2024-W15,11419.49,0
2024-W13,2024-03-24,경북,15,SARS-CoV-2,6,28534.36,4.4554,45106.13,48599.0700,0.3537,53.5,8.3,1287477,912078,,2024-W15,253.98,0
2024-W13,2024-03-24,경남,16,SARS-CoV-2,5,57601.65,4.7604,39271.11,33566.2750,-0.3621,66.5,9.1,1723394,1657639,,2024-W15,35047.50,0
2024-W13,2024-03-24,제주,17,SARS-CoV-2,8,6097.01,3.7852,7817.57,7029.5125,0.5286,285.6,9.7,563849,563849,,2024-W15,1773.83,0
2024-W14,2024-03-31,서울,01,SARS-CoV-2,5,30790.84,4.4884,40873.89,40873.8867,0.2491,0.6,10.7,9667667,11268168,,2024-W16,29191.13,0
2024-W14,2024-03-31,부산,02,SARS-CoV-2,6,206031.88,5.3139,298159.93,257900.2925,0.4677,57.0,11.9,2961386,2961386,,2024-W16,122123.79,0
2024-W14,2024-03-31,대구,03,SARS-CoV-2,3,5844.27,3.7668,7305.48,7305.4767,-1.0685,36.8,12.6,1948639,1156006,,2024-W16,4235.58,0
2024-W14,2024-03-31,인천,04,SARS-CoV-2,6,4428.97,3.6464,6260.22,6935.0525,0.1991,1.8,10.9,2579599,2048237,,2024-W16,2513.22,0
2024-W14,2024-03-31,광주,05,SARS-CoV-2,3,15945.99,4.2027,12801.74,12336.4025,-0.2637,51.5,12.6,691807,691807,,2024-W16,4700.73,0
2024-W14,2024-03-31,대전,06,SARS-CoV-2,2,3647.47,3.5621,3791.95,4201.3275,0.2856,19.1,11.9,1439687,2913348,,2024-W16,2427.52,0
2024-W14,2024-03-31,울산,07,SARS-CoV-2,4,56006.23,4.7482,49229.72,48910.3250,-0.5931,56.4,11.4,1218898,1218898,,2024-W16,137384.47,1
2024-W14,2024-03-31,세종,08,SARS-CoV-2,3,81453.34,4.9109,137638.98,167771.7575,0.7219,14.4,11.7,343577,336440,,2024-W16,37717.25,0
2024-W14,2024-03-31,경기,09,SARS-CoV-2,4,4834.55,3.6844,7100.29,8404.6825,0.3327,2.2,10.8,6563383,2478387,,2024-W16,4043.47,0
2024-W14,2024-03-31,강원,10,SARS-CoV-2,5,50042.07,4.6993,50140.31,59192.5500,0.0540,0.6,6.3,816637,733130,,2024-W16,23249.22,0
2024-W14,2024-03-31,충북,11,SARS-CoV-2,6,35769.83,4.5535,43979.76,47653.6625,0.4564,11.0,11.0,374120,374120,,2024-W16,49577.57,0
2024-W14,2024-03-31,충남,12,SARS-CoV-2,6,28148.19,4.4495,28776.91,30296.8525,-0.0244,17.4,12.1,1408091,1132023,,2024-W16,10123.83,0
2024-W14,2024-03-31,전북,13,SARS-CoV-2,3,5001.10,3.6992,3562.68,3075.0525,-1.0158,57.2,11.9,1043386,652526,,2024-W16,3768.36,0
2024-W14,2024-03-31,전남,14,SARS-CoV-2,6,13048.18,4.1156,15603.62,16758.1400,0.0702,46.8,11.9,1017979,385603,,2024-W16,6835.67,0
2024-W14,2024-03-31,경북,15,SARS-CoV-2,6,696.74,2.8437,24459.35,34003.7825,0.9756,19.5,11.0,1287477,912078,,2024-W16,1808.00,0
2024-W14,2024-03-31,경남,16,SARS-CoV-2,5,18940.87,4.2774,39610.54,34188.5500,0.6712,54.3,11.9,1723394,1657639,,2024-W16,38843.22,0
2024-W14,2024-03-31,제주,17,SARS-CoV-2,8,2462.88,3.3916,7164.48,6478.9000,0.5961,61.7,11.9,563849,563849,,2024-W16,778.15,0
2024-W15,2024-04-07,서울,01,SARS-CoV-2,5,43188.97,4.6354,38327.48,41452.6575,-0.4027,0.5,13.1,9667667,11268168,,2024-W17,12292.53,0
2024-W15,2024-04-07,부산,02,SARS-CoV-2,6,206514.57,5.3150,266546.85,275248.5900,-0.0023,1.5,13.5,2961386,2961386,,2024-W17,43361.59,0
2024-W15,2024-04-07,대구,03,SARS-CoV-2,3,13374.68,4.1263,7348.11,8822.7775,-1.2885,0.0,15.4,1948639,1156006,,2024-W17,3979.04,0
2024-W15,2024-04-07,인천,04,SARS-CoV-2,6,3107.01,3.4925,4355.25,5471.9150,0.2985,0.7,13.2,2579599,2048237,,2024-W17,2144.49,0
2024-W15,2024-04-07,광주,05,SARS-CoV-2,3,5930.32,3.7732,11498.43,11083.8825,0.6281,1.3,13.9,691807,691807,,2024-W17,4787.30,0
2024-W15,2024-04-07,대전,06,SARS-CoV-2,2,3656.02,3.5631,4136.49,3757.9675,-0.0023,0.0,14.6,1439687,2913348,,2024-W17,2416.19,0
2024-W15,2024-04-07,울산,07,SARS-CoV-2,4,124363.53,5.0947,71841.53,68013.1725,-1.2205,0.5,12.9,1218898,1218898,,2024-W17,33109.77,0
2024-W15,2024-04-07,세종,08,SARS-CoV-2,3,28416.64,4.4536,134271.18,110333.3925,0.6511,0.0,14.5,343577,336440,,2024-W17,11788.51,0
2024-W15,2024-04-07,경기,09,SARS-CoV-2,4,5048.41,3.7032,5709.36,6587.3200,-0.0442,2.7,14.0,6563383,2478387,,2024-W17,3822.24,0
2024-W15,2024-04-07,강원,10,SARS-CoV-2,5,24661.47,4.3920,42534.43,43770.6050,0.5072,3.0,9.6,816637,733130,,2024-W17,13560.06,0
2024-W15,2024-04-07,충북,11,SARS-CoV-2,6,26326.12,4.4204,42633.34,39566.3475,0.2640,0.0,14.0,374120,374120,,2024-W17,14529.70,0
2024-W15,2024-04-07,충남,12,SARS-CoV-2,5,19625.29,4.2928,25083.78,26489.0075,0.3028,0.0,14.7,1408091,1048023,,2024-W17,12073.09,0
2024-W15,2024-04-07,전북,13,SARS-CoV-2,3,1637.88,3.2145,3039.96,3081.4800,0.6725,0.8,13.9,1043386,652526,,2024-W17,13169.62,1
2024-W15,2024-04-07,전남,14,SARS-CoV-2,10,11419.49,4.0577,12833.66,14557.5875,0.1248,0.7,13.2,1017979,995487,,2024-W17,4952.70,0
2024-W15,2024-04-07,경북,15,SARS-CoV-2,5,253.98,2.4065,9828.36,18408.0075,0.6355,0.0,13.5,1287477,807088,,2024-W17,2863.47,0
2024-W15,2024-04-07,경남,16,SARS-CoV-2,5,35047.50,4.5447,37196.67,38469.7800,-0.8504,0.0,13.8,1723394,1657639,,2024-W17,11531.27,0
2024-W15,2024-04-07,제주,17,SARS-CoV-2,8,1773.83,3.2492,3444.57,5816.8150,0.2798,17.9,12.0,563849,563849,,2024-W17,1012.49,0
2024-W16,2024-04-14,서울,01,SARS-CoV-2,5,29191.13,4.4653,34390.31,36043.3950,0.3241,25.6,14.1,9667667,11268168,,2024-W18,14487.14,0
2024-W16,2024-04-14,부산,02,SARS-CoV-2,6,122123.79,5.0868,178223.41,230441.0825,0.4086,23.3,15.5,2961386,2961386,,2024-W18,54857.92,0
2024-W16,2024-04-14,대구,03,SARS-CoV-2,4,4235.58,3.6270,7818.18,6569.9725,0.6833,21.7,17.0,1948639,1948639,,2024-W18,5633.39,0
2024-W16,2024-04-14,인천,04,SARS-CoV-2,6,2513.22,3.4004,3349.73,3894.7400,0.1911,22.9,13.4,2579599,2048237,,2024-W18,1790.84,0
2024-W16,2024-04-14,광주,05,SARS-CoV-2,3,4700.73,3.6723,8859.01,9799.0075,0.2073,22.1,15.3,691807,691807,,2024-W18,1791.25,0
2024-W16,2024-04-14,대전,06,SARS-CoV-2,2,2427.52,3.3853,3243.67,3709.2475,0.3360,23.0,15.5,1439687,2913348,,2024-W18,1394.15,0
2024-W16,2024-04-14,울산,07,SARS-CoV-2,3,137384.47,5.1379,105918.08,88227.2675,-0.1047,15.2,15.1,1218898,704531,,2024-W18,23143.95,0
2024-W16,2024-04-14,세종,08,SARS-CoV-2,3,37717.25,4.5766,49195.74,110132.7025,-0.3273,24.1,15.5,343577,336440,,2024-W18,15830.97,0
2024-W16,2024-04-14,경기,09,SARS-CoV-2,4,4043.47,3.6069,4642.15,5292.8850,0.1991,25.6,15.1,6563383,2478387,,2024-W18,2639.17,0
2024-W16,2024-04-14,강원,10,SARS-CoV-2,5,23249.22,4.3664,32650.92,37713.1300,0.0573,24.7,12.0,816637,733130,,2024-W18,17532.65,0
2024-W16,2024-04-14,충북,11,SARS-CoV-2,6,49577.57,4.6953,37224.51,44369.3950,-0.8832,31.4,15.2,374120,374120,,2024-W18,7806.20,0
2024-W16,2024-04-14,충남,12,SARS-CoV-2,6,10123.83,4.0054,19299.10,21343.7950,0.4841,31.9,15.4,1408091,1132023,,2024-W18,7638.11,0
2024-W16,2024-04-14,전북,13,SARS-CoV-2,3,3768.36,3.5763,3469.11,3222.0600,-1.3007,23.0,14.6,1043386,652526,,2024-W18,91.74,0
2024-W16,2024-04-14,전남,14,SARS-CoV-2,10,6835.67,3.8348,10434.45,11334.1675,0.4014,30.3,14.6,1017979,995487,,2024-W18,5090.17,0
2024-W16,2024-04-14,경북,15,SARS-CoV-2,6,1808.00,3.2574,919.57,7823.2700,-6.1185,33.0,15.5,1287477,912078,,2024-W18,178.63,0
2024-W16,2024-04-14,경남,16,SARS-CoV-2,5,38843.22,4.5893,30943.86,37608.3100,-0.1083,34.6,15.4,1723394,1657639,,2024-W18,3381.80,0
2024-W16,2024-04-14,제주,17,SARS-CoV-2,8,778.15,2.8916,1671.62,2777.9675,0.5613,81.7,13.7,563849,563849,,2024-W18,573.88,0
2024-W17,2024-04-21,서울,01,SARS-CoV-2,5,12292.53,4.0897,28224.21,28865.8675,0.5789,13.4,14.9,9667667,11268168,,2024-W19,5832.58,0
2024-W17,2024-04-21,부산,02,SARS-CoV-2,6,43361.59,4.6371,123999.98,144507.9575,0.6449,15.3,14.9,2961386,2961386,,2024-W19,35707.18,0
2024-W17,2024-04-21,대구,03,SARS-CoV-2,4,3979.04,3.5999,7196.43,6858.3925,0.0606,8.0,16.5,1948639,1948639,,2024-W19,778.74,0
2024-W17,2024-04-21,인천,04,SARS-CoV-2,6,2144.49,3.3315,2588.24,3048.4225,0.1467,18.0,14.8,2579599,2048237,,2024-W19,1002.51,0
2024-W17,2024-04-21,광주,05,SARS-CoV-2,3,4787.30,3.6802,5139.45,7841.0850,-0.0184,8.2,15.2,691807,691807,,2024-W19,6522.89,0
2024-W17,2024-04-21,대전,06,SARS-CoV-2,2,2416.19,3.3833,2833.24,3036.8000,0.0047,4.4,15.9,1439687,2913348,,2024-W19,610.34,0
2024-W17,2024-04-21,울산,07,SARS-CoV-2,4,33109.77,4.5200,98285.92,87716.0000,0.7590,19.3,14.8,1218898,1218898,,2024-W19,38388.72,0
2024-W17,2024-04-21,세종,08,SARS-CoV-2,3,11788.51,4.0715,25974.13,39843.9350,0.6875,7.3,15.7,343577,336440,,2024-W19,12557.35,0
2024-W17,2024-04-21,경기,09,SARS-CoV-2,4,3822.24,3.5824,4304.71,4437.1675,0.0547,11.9,15.1,6563383,2478387,,2024-W19,1092.36,0
2024-W17,2024-04-21,강원,10,SARS-CoV-2,5,13560.06,4.1323,20490.25,27878.2050,0.4168,6.2,10.5,816637,733130,,2024-W19,11000.37,0
2024-W17,2024-04-21,충북,11,SARS-CoV-2,6,14529.70,4.1623,30144.46,31550.8050,0.7069,6.1,15.0,374120,374120,,2024-W19,2488.84,0
2024-W17,2024-04-21,충남,12,SARS-CoV-2,6,12073.09,4.0819,13940.73,17492.6000,-0.1925,9.9,15.7,1408091,1132023,,2024-W19,14570.73,0
2024-W17,2024-04-21,전북,13,SARS-CoV-2,1,13169.62,4.1196,6191.95,5894.2400,-2.4948,8.3,14.6,1043386,626638,,2024-W19,996.64,0
2024-W17,2024-04-21,전남,14,SARS-CoV-2,10,4952.70,3.6949,7735.95,9064.0100,0.2755,4.6,14.4,1017979,995487,,2024-W19,2683.34,0
2024-W17,2024-04-21,경북,15,SARS-CoV-2,6,2863.47,3.4570,1641.82,1405.5475,-0.5838,11.8,14.8,1287477,912078,,2024-W19,1352.64,0
2024-W17,2024-04-21,경남,16,SARS-CoV-2,5,11531.27,4.0619,28474.00,26090.7150,0.7031,7.3,15.0,1723394,1657639,,2024-W19,3139.34,0
2024-W17,2024-04-21,제주,17,SARS-CoV-2,8,1012.49,3.0058,1188.16,1506.8375,-0.3012,20.9,12.9,563849,563849,,2024-W19,1374.08,0
2024-W18,2024-04-28,서울,01,SARS-CoV-2,5,14487.14,4.1610,18656.93,24789.9425,-0.1785,0.2,17.2,9667667,11268168,,2024-W20,6711.76,0
2024-W18,2024-04-28,부산,02,SARS-CoV-2,6,54857.92,4.7392,73447.76,106714.4675,-0.2651,33.2,15.0,2961386,2961386,,2024-W20,45545.62,0
2024-W18,2024-04-28,대구,03,SARS-CoV-2,4,5633.39,3.7508,4616.00,6805.6725,-0.4158,20.2,16.8,1948639,1948639,,2024-W20,1982.52,0
2024-W18,2024-04-28,인천,04,SARS-CoV-2,6,1790.84,3.2533,2149.52,2388.8900,0.1649,0.0,16.4,2579599,2048237,,2024-W20,1189.21,0
2024-W18,2024-04-28,광주,05,SARS-CoV-2,3,1791.25,3.2534,3759.76,4302.4000,0.6258,50.3,16.2,691807,691807,,2024-W20,2161.57,0
2024-W18,2024-04-28,대전,06,SARS-CoV-2,2,1394.15,3.1446,2079.29,2473.4700,0.4230,1.1,17.0,1439687,2913348,,2024-W20,329.06,0
2024-W18,2024-04-28,울산,07,SARS-CoV-2,3,23143.95,4.3645,64546.06,79500.4300,0.3010,22.9,14.6,1218898,704531,,2024-W20,12900.54,0
2024-W18,2024-04-28,세종,08,SARS-CoV-2,3,15830.97,4.1995,21778.91,23438.3425,-0.3429,0.1,17.4,343577,336440,,2024-W20,12039.41,0
2024-W18,2024-04-28,경기,09,SARS-CoV-2,4,2639.17,3.4216,3501.63,3888.3225,0.3095,0.3,17.5,6563383,2478387,,2024-W20,1047.40,0
2024-W18,2024-04-28,강원,10,SARS-CoV-2,5,17532.65,4.2439,18113.97,19750.8500,-0.2930,1.0,12.1,816637,733130,,2024-W20,6238.31,0
2024-W18,2024-04-28,충북,11,SARS-CoV-2,6,7806.20,3.8925,23971.16,24559.8975,0.4627,0.4,17.2,374120,374120,,2024-W20,1427.69,0
2024-W18,2024-04-28,충남,12,SARS-CoV-2,5,7638.11,3.8830,9945.01,12365.0800,0.3673,0.0,17.2,1408091,588629,,2024-W20,5258.54,0
2024-W18,2024-04-28,전북,13,SARS-CoV-2,1,91.74,1.9673,5676.57,4666.9000,0.9930,12.2,15.9,1043386,8920,,2024-W20,686.74,0
2024-W18,2024-04-28,전남,14,SARS-CoV-2,10,5090.17,3.7068,5626.18,7074.5075,-0.0278,43.2,15.3,1017979,995487,,2024-W20,3249.17,0
2024-W18,2024-04-28,경북,15,SARS-CoV-2,2,178.63,2.2544,1616.70,1276.0200,0.9376,5.5,15.5,1287477,453465,,2024-W20,352.47,0
2024-W18,2024-04-28,경남,16,SARS-CoV-2,5,3381.80,3.5293,17918.76,22200.9475,0.7067,76.2,15.7,1723394,1657639,,2024-W20,32004.83,1
2024-W18,2024-04-28,제주,17,SARS-CoV-2,8,573.88,2.7596,788.17,1034.5875,0.4332,52.4,13.8,563849,563849,,2024-W20,1130.86,0
2024-W19,2024-05-05,서울,01,SARS-CoV-2,5,5832.58,3.7659,10870.75,15450.8450,0.5974,91.3,14.6,9667667,11268168,,2024-W21,8204.11,0
2024-W19,2024-05-05,부산,02,SARS-CoV-2,6,35707.18,4.5528,44642.23,64012.6200,0.3491,73.4,15.9,2961386,2961386,,2024-W21,127526.69,1
2024-W19,2024-05-05,대구,03,SARS-CoV-2,4,778.74,2.8919,3463.73,3656.6875,0.8618,63.9,16.7,1948639,1948639,,2024-W21,2183.66,0
2024-W19,2024-05-05,인천,04,SARS-CoV-2,6,1002.51,3.0015,1645.95,1862.7650,0.4402,86.6,14.8,2579599,2048237,,2024-W21,1521.80,0
2024-W19,2024-05-05,광주,05,SARS-CoV-2,3,6522.89,3.8145,4367.15,4450.5425,-2.6415,110.7,15.9,691807,691807,,2024-W21,1514.58,0
2024-W19,2024-05-05,대전,06,SARS-CoV-2,2,610.34,2.7863,1473.56,1712.0500,0.5622,87.9,16.0,1439687,2913348,,2024-W21,486.40,0
2024-W19,2024-05-05,울산,07,SARS-CoV-2,4,38388.72,4.5842,31547.48,58006.7275,-0.6587,57.3,16.0,1218898,1218898,,2024-W21,15155.55,0
2024-W19,2024-05-05,세종,08,SARS-CoV-2,3,12557.35,4.0989,13392.28,19473.5200,0.2068,76.6,15.8,343577,336440,,2024-W21,5760.80,0
2024-W19,2024-05-05,경기,09,SARS-CoV-2,4,1092.36,3.0388,2517.92,2899.3100,0.5861,99.3,14.7,6563383,2478387,,2024-W21,1745.75,0
2024-W19,2024-05-05,강원,10,SARS-CoV-2,5,11000.37,4.0414,14031.03,16335.5750,0.3726,73.4,11.4,816637,733130,,2024-W21,3715.93,0
2024-W19,2024-05-05,충북,11,SARS-CoV-2,6,2488.84,3.3962,8274.91,18600.5775,0.6812,70.8,15.1,374120,374120,,2024-W21,4056.23,0
2024-W19,2024-05-05,충남,12,SARS-CoV-2,2,14570.73,4.1635,11427.31,11101.4400,-0.9076,101.3,15.7,1408091,702249,,2024-W21,10950.98,0
2024-W19,2024-05-05,전북,13,SARS-CoV-2,2,996.64,2.9990,4752.67,4506.5900,-9.8638,84.5,14.9,1043386,635558,,2024-W21,437.74,0
2024-W19,2024-05-05,전남,14,SARS-CoV-2,9,2683.34,3.4288,4242.07,4890.4700,0.4728,108.2,14.9,1017979,958881,,2024-W21,3051.24,0
2024-W19,2024-05-05,경북,15,SARS-CoV-2,6,1352.64,3.1315,1464.91,1550.6850,-6.5724,71.1,15.5,1287477,912078,,2024-W21,5637.67,1
2024-W19,2024-05-05,경남,16,SARS-CoV-2,4,3139.34,3.4970,6017.47,14223.9075,0.0717,117.6,15.6,1723394,966306,,2024-W21,5275.31,0
2024-W19,2024-05-05,제주,17,SARS-CoV-2,8,1374.08,3.1383,986.82,934.6500,-1.3944,190.4,13.8,563849,563849,,2024-W21,1034.95,0
2024-W20,2024-05-12,서울,01,SARS-CoV-2,5,6711.76,3.8269,9010.49,9831.0025,-0.1507,26.1,14.8,9667667,11268168,,2024-W22,7139.46,0
2024-W20,2024-05-12,부산,02,SARS-CoV-2,6,45545.62,4.6585,45370.24,44868.0775,-0.2755,20.3,17.0,2961386,2961386,,2024-W22,32364.78,0
2024-W20,2024-05-12,대구,03,SARS-CoV-2,3,1982.52,3.2974,2798.22,3093.4225,-1.5458,25.1,18.2,1948639,1156006,,2024-W22,1502.74,0
2024-W20,2024-05-12,인천,04,SARS-CoV-2,6,1189.21,3.0756,1327.52,1531.7625,-0.1862,20.4,14.8,2579599,2048237,,2024-W22,1028.98,0
2024-W20,2024-05-12,광주,05,SARS-CoV-2,3,2161.57,3.3350,3491.90,3815.7525,0.6686,7.8,15.9,691807,691807,,2024-W22,2062.70,0
2024-W20,2024-05-12,대전,06,SARS-CoV-2,2,329.06,2.5186,777.85,1187.4350,0.4609,18.8,16.2,1439687,2913348,,2024-W22,614.64,0
2024-W20,2024-05-12,울산,07,SARS-CoV-2,4,12900.54,4.1106,24811.07,26885.7450,0.6639,20.8,16.6,1218898,1218898,,2024-W22,31268.63,0
2024-W20,2024-05-12,세종,08,SARS-CoV-2,3,12039.41,4.0806,13475.91,13054.0600,0.0412,18.4,15.9,343577,336440,,2024-W22,4666.82,0
2024-W20,2024-05-12,경기,09,SARS-CoV-2,4,1047.40,3.0205,1592.98,2150.2925,0.0412,28.8,14.9,6563383,2478387,,2024-W22,848.86,0
2024-W20,2024-05-12,강원,10,SARS-CoV-2,5,6238.31,3.7951,11590.45,12082.8475,0.4329,33.2,11.6,816637,733130,,2024-W22,4491.42,0
2024-W20,2024-05-12,충북,11,SARS-CoV-2,6,1427.69,3.1549,3907.58,6563.1075,0.4264,22.5,15.5,374120,374120,,2024-W22,1981.12,0
2024-W20,2024-05-12,충남,12,SARS-CoV-2,5,5258.54,3.7209,9155.79,9885.1175,0.6391,19.1,15.9,1408091,1048023,,2024-W22,14536.90,1
2024-W20,2024-05-12,전북,13,SARS-CoV-2,2,686.74,2.8374,591.71,3736.1850,0.3109,22.7,15.2,1043386,635558,,2024-W22,3399.85,0
2024-W20,2024-05-12,전남,14,SARS-CoV-2,8,3249.17,3.5119,3674.23,3993.8450,-0.2109,9.1,15.4,1017979,709702,,2024-W22,2954.61,0
2024-W20,2024-05-12,경북,15,SARS-CoV-2,2,352.47,2.5484,627.91,1186.8025,0.7394,56.4,16.1,1287477,127299,,2024-W22,2565.24,1
2024-W20,2024-05-12,경남,16,SARS-CoV-2,5,32004.83,4.5052,12841.99,12514.3100,-9.1948,10.5,16.7,1723394,1657639,,2024-W22,9168.59,0
2024-W20,2024-05-12,제주,17,SARS-CoV-2,8,1130.86,3.0538,1026.27,1022.8275,0.1770,5.5,14.0,563849,563849,,2024-W22,708.41,0
2024-W21,2024-05-19,서울,01,SARS-CoV-2,5,8204.11,3.9141,6916.15,8808.8975,-0.2223,2.1,18.4,9667667,11268168,,2024-W23,10818.16,0
2024-W21,2024-05-19,부산,02,SARS-CoV-2,6,127526.69,5.1056,69593.16,65909.3525,-1.8000,0.0,18.9,2961386,2961386,,2024-W23,64848.79,0
2024-W21,2024-05-19,대구,03,SARS-CoV-2,4,2183.66,3.3394,1648.31,2644.5775,-0.1015,0.0,21.6,1948639,1948639,,2024-W23,537.70,0
2024-W21,2024-05-19,인천,04,SARS-CoV-2,6,1521.80,3.1826,1237.84,1376.0900,-0.2797,1.8,17.9,2579599,2048237,,2024-W23,1516.67,0
2024-W21,2024-05-19,광주,05,SARS-CoV-2,3,1514.58,3.1806,3399.68,2997.5725,0.2993,0.0,19.3,691807,691807,,2024-W23,2003.74,0
2024-W21,2024-05-19,대전,06,SARS-CoV-2,2,486.40,2.6879,475.27,704.9875,-0.4781,0.0,20.1,1439687,2913348,,2024-W23,301.77,0
2024-W21,2024-05-19,울산,07,SARS-CoV-2,3,15155.55,4.1806,22148.27,22397.1900,-0.1748,0.2,18.1,1218898,704531,,2024-W23,33661.20,1
2024-W21,2024-05-19,세종,08,SARS-CoV-2,3,5760.80,3.7606,10119.18,11547.1325,0.5215,0.4,20.1,343577,336440,,2024-W23,2902.14,0
2024-W21,2024-05-19,경기,09,SARS-CoV-2,4,1745.75,3.2422,1295.17,1631.1700,-0.6667,1.0,18.8,6563383,2478387,,2024-W23,2114.72,0
2024-W21,2024-05-19,강원,10,SARS-CoV-2,5,3715.93,3.5702,6984.87,9621.8150,0.4043,1.4,15.0,816637,733130,,2024-W23,6589.43,0
2024-W21,2024-05-19,충북,11,SARS-CoV-2,5,4056.23,3.6082,2657.59,3944.7400,-1.8411,0.1,19.9,374120,370590,,2024-W23,8826.60,1
2024-W21,2024-05-19,충남,12,SARS-CoV-2,4,10950.98,4.0395,10260.08,9604.5900,-1.0825,0.7,19.2,1408091,971249,,2024-W23,14422.54,1
2024-W21,2024-05-19,전북,13,SARS-CoV-2,2,437.74,2.6422,707.04,553.2150,0.3626,0.0,18.8,1043386,25888,,2024-W23,837.27,1
2024-W21,2024-05-19,전남,14,SARS-CoV-2,9,3051.24,3.4846,2994.58,3518.4800,0.0609,0.0,18.6,1017979,945134,,2024-W23,4351.57,0
2024-W21,2024-05-19,경북,15,SARS-CoV-2,6,5637.67,3.7512,2447.59,1880.3525,-14.9949,0.0,18.7,1287477,912078,,2024-W23,3629.61,1
2024-W21,2024-05-19,경남,16,SARS-CoV-2,5,5275.31,3.7223,13473.16,10950.3200,0.8352,0.0,20.4,1723394,1657639,,2024-W23,10527.85,0
2024-W21,2024-05-19,제주,17,SARS-CoV-2,8,1034.95,3.0153,1179.96,1028.4425,0.0848,0.0,17.8,563849,563849,,2024-W23,1787.90,1
2024-W22,2024-05-26,서울,01,SARS-CoV-2,5,7139.46,3.8537,7351.78,6971.9775,0.1298,9.1,18.5,9667667,11268168,,2024-W24,12240.86,1
2024-W22,2024-05-26,부산,02,SARS-CoV-2,6,32364.78,4.5101,68479.03,60286.0675,0.7462,19.6,19.6,2961386,2961386,,2024-W24,46733.20,0
2024-W22,2024-05-26,대구,03,SARS-CoV-2,2,1502.74,3.1772,1889.64,1611.9150,0.3118,8.5,22.0,1948639,268909,,2024-W24,444.56,0
2024-W22,2024-05-26,인천,04,SARS-CoV-2,6,1028.98,3.0128,1246.66,1185.6250,0.3238,4.0,18.3,2579599,2048237,,2024-W24,1456.80,0
2024-W22,2024-05-26,광주,05,SARS-CoV-2,3,2062.70,3.3146,1912.95,3065.4350,-0.3619,11.6,19.1,691807,691807,,2024-W24,816.41,0
2024-W22,2024-05-26,대전,06,SARS-CoV-2,1,614.64,2.7893,476.70,510.1100,-0.2636,28.7,19.6,1439687,1456674,,2024-W24,2305.71,1
2024-W22,2024-05-26,울산,07,SARS-CoV-2,4,31268.63,4.4951,19774.91,24428.3600,-1.0632,13.9,19.5,1218898,1218898,,2024-W24,23631.60,0
2024-W22,2024-05-26,세종,08,SARS-CoV-2,3,4666.82,3.6691,7489.01,8756.0950,0.1899,37.6,19.7,343577,336440,,2024-W24,6770.26,0
2024-W22,2024-05-26,경기,09,SARS-CoV-2,4,848.86,2.9293,1214.00,1183.5925,0.5138,13.3,18.1,6563383,2478387,,2024-W24,2125.24,1
2024-W22,2024-05-26,강원,10,SARS-CoV-2,5,4491.42,3.6525,4815.22,6361.5075,-0.2087,7.4,14.3,816637,733130,,2024-W24,3752.63,0
2024-W22,2024-05-26,충북,11,SARS-CoV-2,6,1981.12,3.2971,2488.35,2488.4700,0.5116,19.4,18.9,374120,374120,,2024-W24,6823.46,1
2024-W22,2024-05-26,충남,12,SARS-CoV-2,4,14536.90,4.1625,10248.81,11329.2875,-0.3275,24.2,18.9,1408091,971249,,2024-W24,8666.49,0
2024-W22,2024-05-26,전북,13,SARS-CoV-2,2,3399.85,3.5316,1508.11,1380.2425,-6.7668,13.8,18.1,1043386,635558,,2024-W24,1473.48,0
2024-W22,2024-05-26,전남,14,SARS-CoV-2,8,2954.61,3.4706,3085.01,2984.5900,0.0317,6.1,18.3,1017979,498714,,2024-W24,3363.03,0
2024-W22,2024-05-26,경북,15,SARS-CoV-2,6,2565.24,3.4093,2851.79,2477.0050,0.5450,13.2,19.4,1287477,912078,,2024-W24,2571.25,0
2024-W22,2024-05-26,경남,16,SARS-CoV-2,5,9168.59,3.9623,15482.91,12397.0175,-0.7380,3.9,20.0,1723394,1657639,,2024-W24,6253.01,0
2024-W22,2024-05-26,제주,17,SARS-CoV-2,8,708.41,2.8509,958.07,1062.0750,0.3155,19.4,16.2,563849,563849,,2024-W24,1430.68,1
2024-W23,2024-06-02,서울,01,SARS-CoV-2,5,10818.16,4.0342,8720.58,8218.3725,-0.5153,16.0,20.9,9667667,11268168,,2024-W25,7887.84,0
2024-W23,2024-06-02,부산,02,SARS-CoV-2,6,64848.79,4.8119,74913.42,67571.4700,-1.0037,28.1,19.3,2961386,2961386,,2024-W25,29472.86,0
2024-W23,2024-06-02,대구,03,SARS-CoV-2,2,537.70,2.7313,1408.03,1551.6550,0.6422,7.8,21.7,1948639,268909,,2024-W25,787.97,0
2024-W23,2024-06-02,인천,04,SARS-CoV-2,6,1516.67,3.1812,1355.82,1314.1650,-0.4740,9.4,20.2,2579599,2048237,,2024-W25,1584.86,0
2024-W23,2024-06-02,광주,05,SARS-CoV-2,3,2003.74,3.3021,1860.34,1935.6475,0.0286,6.0,19.9,691807,691807,,2024-W25,895.48,0
2024-W23,2024-06-02,대전,06,SARS-CoV-2,2,301.77,2.4811,467.60,432.9675,0.5090,11.2,21.0,1439687,2913348,,2024-W25,810.10,1
2024-W23,2024-06-02,울산,07,SARS-CoV-2,4,33661.20,4.5271,26695.13,23246.4800,-0.0765,13.6,18.7,1218898,1218898,,2024-W25,15740.50,0
2024-W23,2024-06-02,세종,08,SARS-CoV-2,3,2902.14,3.4629,4443.25,6342.2925,0.3781,6.7,21.4,343577,336440,,2024-W25,9091.88,1
2024-W23,2024-06-02,경기,09,SARS-CoV-2,4,2114.72,3.3255,1569.77,1439.1825,-1.4913,18.1,20.0,6563383,2478387,,2024-W25,1398.99,0
2024-W23,2024-06-02,강원,10,SARS-CoV-2,5,6589.43,3.8189,4932.26,5258.7725,-0.4671,24.4,15.4,816637,733130,,2024-W25,6970.08,1
2024-W23,2024-06-02,충북,11,SARS-CoV-2,6,8826.60,3.9458,4954.65,4072.9100,-3.4554,13.9,21.0,374120,374120,,2024-W25,6134.30,1
2024-W23,2024-06-02,충남,12,SARS-CoV-2,4,14422.54,4.1591,13303.47,11292.2400,0.0079,10.7,20.2,1408091,971249,,2024-W25,16122.34,1
2024-W23,2024-06-02,전북,13,SARS-CoV-2,3,837.27,2.9234,1558.29,1340.4000,0.7537,8.9,19.1,1043386,652526,,2024-W25,736.05,0
2024-W23,2024-06-02,전남,14,SARS-CoV-2,8,4351.57,3.6387,3452.47,3401.6475,-0.4728,10.4,18.6,1017979,898373,,2024-W25,2201.86,0
2024-W23,2024-06-02,경북,15,SARS-CoV-2,5,3629.61,3.5600,3944.18,3046.2475,-0.4149,9.8,18.9,1287477,854377,,2024-W25,2134.77,0
2024-W23,2024-06-02,경남,16,SARS-CoV-2,5,10527.85,4.0224,8323.92,14244.1450,-0.1483,17.1,19.7,1723394,1657639,,2024-W25,15655.11,0
2024-W23,2024-06-02,제주,17,SARS-CoV-2,8,1787.90,3.2526,1177.08,1165.5300,-1.5238,34.7,16.5,563849,563849,,2024-W25,3492.37,1
2024-W24,2024-06-09,서울,01,SARS-CoV-2,5,12240.86,4.0878,10066.16,9600.6475,-0.1315,7.2,23.1,9667667,11268168,,2024-W26,17908.36,1
2024-W24,2024-06-09,부산,02,SARS-CoV-2,6,46733.20,4.6696,47982.26,67868.3650,0.2794,4.9,23.3,2961386,2961386,,2024-W26,103406.20,1
2024-W24,2024-06-09,대구,03,SARS-CoV-2,3,444.56,2.6489,828.33,1167.1650,0.1732,5.9,27.4,1948639,1156006,,2024-W26,1088.61,0
2024-W24,2024-06-09,인천,04,SARS-CoV-2,6,1456.80,3.1637,1334.15,1381.0625,0.0395,4.9,22.1,2579599,2048237,,2024-W26,1538.29,0
2024-W24,2024-06-09,광주,05,SARS-CoV-2,3,816.41,2.9124,1627.62,1599.3575,0.5926,1.9,23.0,691807,691807,,2024-W26,1714.94,0
2024-W24,2024-06-09,대전,06,SARS-CoV-2,2,2305.71,3.3630,1074.04,927.1300,-6.6407,3.4,24.9,1439687,2913348,,2024-W26,753.41,0
2024-W24,2024-06-09,울산,07,SARS-CoV-2,4,23631.60,4.3735,29520.48,25929.2450,0.2980,12.5,24.2,1218898,1218898,,2024-W26,24448.86,0
2024-W24,2024-06-09,세종,08,SARS-CoV-2,3,6770.26,3.8307,4779.74,5025.0050,-1.3328,8.7,24.7,343577,336440,,2024-W26,3710.44,0
2024-W24,2024-06-09,경기,09,SARS-CoV-2,4,2125.24,3.3276,1696.27,1708.6425,-0.0050,12.2,23.1,6563383,2478387,,2024-W26,2659.07,1
2024-W24,2024-06-09,강원,10,SARS-CoV-2,5,3752.63,3.5745,4944.49,4637.3525,0.4305,18.1,20.0,816637,733130,,2024-W26,6911.63,1
2024-W24,2024-06-09,충북,11,SARS-CoV-2,6,6823.46,3.8341,5877.06,5421.8525,0.2269,5.6,24.6,374120,374120,,2024-W26,2768.77,0
2024-W24,2024-06-09,충남,12,SARS-CoV-2,5,8666.49,3.9379,12541.97,12144.2275,0.3991,8.4,23.1,1408091,1055249,,2024-W26,7398.74,0
2024-W24,2024-06-09,전북,13,SARS-CoV-2,3,1473.48,3.1686,1903.53,1537.0850,-0.7599,2.2,22.7,1043386,652526,,2024-W26,1834.62,0
2024-W24,2024-06-09,전남,14,SARS-CoV-2,9,3363.03,3.5269,3556.40,3430.1125,0.2272,5.9,22.4,1017979,941751,,2024-W26,4108.50,0
2024-W24,2024-06-09,경북,15,SARS-CoV-2,6,2571.25,3.4103,2922.04,3600.9425,0.2916,16.7,24.7,1287477,912078,,2024-W26,7606.43,1
2024-W24,2024-06-09,경남,16,SARS-CoV-2,5,6253.01,3.7962,8649.81,7806.1900,0.4061,3.6,24.6,1723394,1657639,,2024-W26,6342.13,0
2024-W24,2024-06-09,제주,17,SARS-CoV-2,8,1430.68,3.1558,1309.00,1240.4850,0.1998,4.3,20.1,563849,563849,,2024-W26,4180.66,1
2024-W25,2024-06-16,서울,01,SARS-CoV-2,5,7887.84,3.8970,10315.62,9521.5800,0.3556,26.4,24.5,9667667,11268168,,2024-W27,24218.84,1
2024-W25,2024-06-16,부산,02,SARS-CoV-2,6,29472.86,4.4694,47018.28,43354.9075,0.3693,57.5,24.0,2961386,2961386,,2024-W27,33990.06,0
2024-W25,2024-06-16,대구,03,SARS-CoV-2,3,787.97,2.8971,590.08,818.2425,-0.7725,41.6,26.4,1948639,1156006,,2024-W27,2003.79,1
2024-W25,2024-06-16,인천,04,SARS-CoV-2,6,1584.86,3.2003,1519.45,1396.8275,-0.0879,35.8,23.8,2579599,2048237,,2024-W27,2421.23,1
2024-W25,2024-06-16,광주,05,SARS-CoV-2,3,895.48,2.9525,1238.55,1444.5825,-0.0968,50.5,23.7,691807,691807,,2024-W27,3493.81,1
2024-W25,2024-06-16,대전,06,SARS-CoV-2,2,810.10,2.9091,1139.19,1008.0550,0.6487,41.3,25.2,1439687,2913348,,2024-W27,727.43,0
2024-W25,2024-06-16,울산,07,SARS-CoV-2,4,15740.50,4.1970,24344.43,26075.4825,0.3339,43.4,23.9,1218898,1218898,,2024-W27,38426.95,1
2024-W25,2024-06-16,세종,08,SARS-CoV-2,3,9091.88,3.9587,6254.76,5857.7750,-0.3429,27.7,25.3,343577,336440,,2024-W27,7434.57,0
2024-W25,2024-06-16,경기,09,SARS-CoV-2,4,1398.99,3.1461,1879.65,1621.9525,0.3417,39.8,23.8,6563383,2478387,,2024-W27,1725.40,0
2024-W25,2024-06-16,강원,10,SARS-CoV-2,5,6970.08,3.8433,5770.71,5450.8900,-0.8574,17.4,20.8,816637,733130,,2024-W27,5344.75,0
2024-W25,2024-06-16,충북,11,SARS-CoV-2,6,6134.30,3.7878,7261.45,5941.3700,0.1010,32.3,25.2,374120,374120,,2024-W27,9512.92,1
2024-W25,2024-06-16,충남,12,SARS-CoV-2,6,16122.34,4.2075,13070.46,13437.0675,-0.8603,30.8,24.1,1408091,1132023,,2024-W27,17519.18,1
2024-W25,2024-06-16,전북,13,SARS-CoV-2,2,736.05,2.8675,1015.60,1611.6625,0.5005,33.2,23.0,1043386,635558,,2024-W27,1106.52,0
2024-W25,2024-06-16,전남,14,SARS-CoV-2,9,2201.86,3.3430,3305.49,3217.7675,0.3453,46.0,22.3,1017979,941751,,2024-W27,3921.52,0
2024-W25,2024-06-16,경북,15,SARS-CoV-2,6,2134.77,3.3296,2778.55,2725.2175,0.1698,41.3,24.6,1287477,912078,,2024-W27,3215.12,0
2024-W25,2024-06-16,경남,16,SARS-CoV-2,5,15655.11,4.1947,10811.99,10401.1400,-1.5036,41.0,24.0,1723394,1657639,,2024-W27,11354.32,0
2024-W25,2024-06-16,제주,17,SARS-CoV-2,8,3492.37,3.5432,2236.98,1854.8400,-1.4410,121.6,20.3,563849,563849,,2024-W27,5147.13,1
2024-W26,2024-06-23,서울,01,SARS-CoV-2,5,17908.36,4.2531,12679.02,12213.8050,-1.2704,54.1,23.4,9667667,11268168,,2024-W28,16930.33,1
2024-W26,2024-06-23,부산,02,SARS-CoV-2,4,103406.20,5.0146,59870.75,61115.2625,-2.5085,109.7,22.6,2961386,2690850,,2024-W28,82138.01,1
2024-W26,2024-06-23,대구,03,SARS-CoV-2,3,1088.61,3.0373,773.71,714.7100,-0.3815,30.9,25.0,1948639,1061542,,2024-W28,1682.27,1
2024-W26,2024-06-23,인천,04,SARS-CoV-2,6,1538.29,3.1873,1526.65,1524.1550,0.0294,48.9,23.0,2579599,2048237,,2024-W28,2430.13,1
2024-W26,2024-06-23,광주,05,SARS-CoV-2,3,1714.94,3.2345,1142.28,1357.6425,-0.9151,38.6,22.7,691807,691807,,2024-W28,4149.50,1
2024-W26,2024-06-23,대전,06,SARS-CoV-2,2,753.41,2.8776,1289.74,1042.7475,0.0700,23.3,23.8,1439687,2913348,,2024-W28,1371.50,1
2024-W26,2024-06-23,울산,07,SARS-CoV-2,4,24448.86,4.3883,21273.65,24370.5400,-0.5532,55.3,23.1,1218898,1218898,,2024-W28,56090.16,1
2024-W26,2024-06-23,세종,08,SARS-CoV-2,3,3710.44,3.5695,6524.20,5618.6800,0.5919,20.2,23.7,343577,336440,,2024-W28,3943.20,0
2024-W26,2024-06-23,경기,09,SARS-CoV-2,4,2659.07,3.4249,2061.10,2074.5050,-0.9007,61.9,23.0,6563383,2478387,,2024-W28,2409.74,0
2024-W26,2024-06-23,강원,10,SARS-CoV-2,5,6911.63,3.8396,5878.11,6055.9425,0.0084,26.4,20.1,816637,733130,,2024-W28,2664.11,0
2024-W26,2024-06-23,충북,11,SARS-CoV-2,5,2768.77,3.4424,5242.18,6138.2825,0.5486,40.9,22.9,374120,251076,,2024-W28,4054.03,0
2024-W26,2024-06-23,충남,12,SARS-CoV-2,5,7398.74,3.8692,10729.19,11652.5275,0.5411,25.4,23.4,1408091,1048023,,2024-W28,7519.17,0
2024-W26,2024-06-23,전북,13,SARS-CoV-2,2,1834.62,3.2638,1348.05,1220.3550,-1.4925,28.2,21.9,1043386,643606,,2024-W28,7379.83,1
2024-W26,2024-06-23,전남,14,SARS-CoV-2,9,4108.50,3.6138,3224.46,3506.2400,-0.8659,42.2,21.5,1017979,958881,,2024-W28,6930.35,1
2024-W26,2024-06-23,경북,15,SARS-CoV-2,6,7606.43,3.8812,4104.15,3985.5150,-2.5631,35.8,23.4,1287477,912078,,2024-W28,4120.22,0
2024-W26,2024-06-23,경남,16,SARS-CoV-2,5,6342.13,3.8023,9416.75,9694.5250,0.5949,52.9,22.9,1723394,1657639,,2024-W28,16573.73,1
2024-W26,2024-06-23,제주,17,SARS-CoV-2,8,4180.66,3.6213,3034.57,2722.9025,-0.1971,174.9,20.3,563849,563849,,2024-W28,15937.44,1
2024-W27,2024-06-30,서울,01,SARS-CoV-2,5,24218.84,4.3842,16671.68,15563.9750,-0.3524,98.8,23.8,9667667,11268168,,2024-W29,65534.56,1
2024-W27,2024-06-30,부산,02,SARS-CoV-2,4,33990.06,4.5314,55623.04,53400.5800,0.6713,66.4,24.9,2961386,2614036,,2024-W29,83984.41,1
2024-W27,2024-06-30,대구,03,SARS-CoV-2,2,2003.79,3.3021,1293.46,1081.2325,-0.8407,79.8,26.9,1948639,1004131,,2024-W29,2317.41,1
2024-W27,2024-06-30,인천,04,SARS-CoV-2,6,2421.23,3.3842,1848.13,1750.2950,-0.5740,75.3,23.8,2579599,2048237,,2024-W29,6444.91,1
2024-W27,2024-06-30,광주,05,SARS-CoV-2,3,3493.81,3.5434,2034.75,1730.1600,-1.0373,84.3,25.6,691807,691807,,2024-W29,9807.86,1
2024-W27,2024-06-30,대전,06,SARS-CoV-2,2,727.43,2.8624,763.65,1149.1625,0.0345,87.0,25.7,1439687,2913348,,2024-W29,5506.22,1
2024-W27,2024-06-30,울산,07,SARS-CoV-2,4,38426.95,4.5846,26205.44,25561.9775,-0.5717,62.5,26.3,1218898,1218898,,2024-W29,46286.20,1
2024-W27,2024-06-30,세종,08,SARS-CoV-2,3,7434.57,3.8713,6745.63,6751.7875,-1.0037,68.5,25.5,343577,336440,,2024-W29,6865.98,0
2024-W27,2024-06-30,경기,09,SARS-CoV-2,4,1725.40,3.2371,1927.82,1977.1750,0.3511,115.2,23.9,6563383,2478387,,2024-W29,3912.74,1
2024-W27,2024-06-30,강원,10,SARS-CoV-2,5,5344.75,3.7280,6408.82,5744.7725,0.2267,138.4,20.5,816637,733130,,2024-W29,10862.27,1
2024-W27,2024-06-30,충북,11,SARS-CoV-2,6,9512.92,3.9784,6138.66,6309.8625,-2.4358,66.9,24.8,374120,374120,,2024-W29,22931.24,1
2024-W27,2024-06-30,충남,12,SARS-CoV-2,5,17519.18,4.2435,13680.09,12426.6875,-1.3679,50.4,25.1,1408091,1055249,,2024-W29,12168.10,0
2024-W27,2024-06-30,전북,13,SARS-CoV-2,3,1106.52,3.0444,1225.73,1287.6675,0.3969,107.6,24.7,1043386,652526,,2024-W29,2555.63,1
2024-W27,2024-06-30,전남,14,SARS-CoV-2,8,3921.52,3.5936,3410.63,3398.7275,0.0455,88.2,24.9,1017979,912120,,2024-W29,8332.15,1
2024-W27,2024-06-30,경북,15,SARS-CoV-2,6,3215.12,3.5073,4318.78,3881.8925,0.5773,61.6,25.5,1287477,912078,,2024-W29,2787.44,0
2024-W27,2024-06-30,경남,16,SARS-CoV-2,4,11354.32,4.0552,11117.19,9901.1425,-0.7903,66.0,25.5,1723394,1402770,,2024-W29,36672.77,1
2024-W27,2024-06-30,제주,17,SARS-CoV-2,8,5147.13,3.7116,4273.38,3562.7100,-0.2312,88.0,24.1,563849,563849,,2024-W29,4140.50,0
2024-W28,2024-07-07,서울,01,SARS-CoV-2,5,16930.33,4.2287,19685.84,16736.3425,0.3009,85.8,24.1,9667667,11268168,,2024-W30,18996.15,0
2024-W28,2024-07-07,부산,02,SARS-CoV-2,6,82138.01,4.9145,73178.09,62251.7825,-1.4165,48.6,24.6,2961386,2961386,,2024-W30,255523.22,1
2024-W28,2024-07-07,대구,03,SARS-CoV-2,3,1682.27,3.2262,1591.56,1390.6600,0.1605,58.4,26.1,1948639,1061542,,2024-W30,1034.11,0
2024-W28,2024-07-07,인천,04,SARS-CoV-2,6,2430.13,3.3858,2129.89,1993.6275,-0.0037,91.0,23.9,2579599,2048237,,2024-W30,5770.14,1
2024-W28,2024-07-07,광주,05,SARS-CoV-2,3,4149.50,3.6181,3119.42,2563.4325,-0.1877,70.7,25.0,691807,691807,,2024-W30,27391.18,1
2024-W28,2024-07-07,대전,06,SARS-CoV-2,2,1371.50,3.1375,950.78,915.6100,-0.8854,212.4,25.1,1439687,2913348,,2024-W30,8449.46,1
2024-W28,2024-07-07,울산,07,SARS-CoV-2,4,56090.16,4.7489,39655.32,33676.6175,-0.4597,36.7,25.5,1218898,1218898,,2024-W30,42121.82,0
2024-W28,2024-07-07,세종,08,SARS-CoV-2,3,3943.20,3.5960,5029.40,6045.0225,0.4696,288.4,24.9,343577,336440,,2024-W30,99839.94,1
2024-W28,2024-07-07,경기,09,SARS-CoV-2,4,2409.74,3.3822,2264.73,2048.3000,-0.3966,125.9,24.2,6563383,2478387,,2024-W30,5895.19,1
2024-W28,2024-07-07,강원,10,SARS-CoV-2,5,2664.11,3.4257,4973.49,5472.6425,0.5015,61.7,21.0,816637,733130,,2024-W30,5823.56,0
2024-W28,2024-07-07,충북,11,SARS-CoV-2,6,4054.03,3.6080,5445.24,5617.5050,0.5738,314.5,24.3,374120,374120,,2024-W30,69037.65,1
2024-W28,2024-07-07,충남,12,SARS-CoV-2,5,7519.17,3.8762,10812.36,12139.8575,0.5708,338.0,24.8,1408091,1048023,,2024-W30,9505.10,0
2024-W28,2024-07-07,전북,13,SARS-CoV-2,2,7379.83,3.8681,3440.32,2764.2550,-5.6694,94.6,23.8,1043386,643606,,2024-W30,2483.45,0
2024-W28,2024-07-07,전남,14,SARS-CoV-2,9,6930.35,3.8408,4986.79,4290.5575,-0.7673,47.7,24.1,1017979,941751,,2024-W30,17626.98,1
2024-W28,2024-07-07,경북,15,SARS-CoV-2,6,4120.22,3.6150,4980.59,4269.1350,-0.2815,137.7,24.5,1287477,912078,,2024-W30,15748.46,1
2024-W28,2024-07-07,경남,16,SARS-CoV-2,5,16573.73,4.2194,11423.39,12481.3225,-0.4597,40.1,24.8,1723394,1657639,,2024-W30,182181.94,1
2024-W28,2024-07-07,제주,17,SARS-CoV-2,8,15937.44,4.2024,8421.74,7189.4000,-2.0964,82.4,22.8,563849,563849,,2024-W30,43072.70,1
2024-W29,2024-07-14,서울,01,SARS-CoV-2,5,65534.56,4.8165,35561.24,31148.0225,-2.8708,196.7,25.3,9667667,11268168,,2024-W31,25834.62,0
2024-W29,2024-07-14,부산,02,SARS-CoV-2,6,83984.41,4.9242,66704.16,75879.6700,-0.0225,108.6,24.4,2961386,2961386,,2024-W31,143691.26,1
2024-W29,2024-07-14,대구,03,SARS-CoV-2,3,2317.41,3.3652,2001.16,1773.0200,-0.3775,86.1,25.5,1948639,1156006,,2024-W31,99962.78,1
2024-W29,2024-07-14,인천,04,SARS-CoV-2,6,6444.91,3.8093,3765.43,3208.6400,-1.6521,132.9,25.6,2579599,2048237,,2024-W31,15169.25,1
2024-W29,2024-07-14,광주,05,SARS-CoV-2,3,9807.86,3.9916,5817.06,4791.5275,-1.3636,128.8,25.5,691807,691807,,2024-W31,28919.31,1
2024-W29,2024-07-14,대전,06,SARS-CoV-2,2,5506.22,3.7409,2535.05,2089.6400,-3.0147,55.6,25.9,1439687,2913348,,2024-W31,25349.15,1
2024-W29,2024-07-14,울산,07,SARS-CoV-2,4,46286.20,4.6655,46934.44,41313.0425,0.1748,89.3,25.2,1218898,1218898,,2024-W31,501882.98,1
2024-W29,2024-07-14,세종,08,SARS-CoV-2,3,6865.98,3.8368,6081.25,5488.5475,-0.7412,60.2,25.9,343577,336440,,2024-W31,62378.66,1
2024-W29,2024-07-14,경기,09,SARS-CoV-2,4,3912.74,3.5926,2682.62,2676.7375,-0.6237,172.2,25.0,6563383,2478387,,2024-W31,10445.88,1
2024-W29,2024-07-14,강원,10,SARS-CoV-2,5,10862.27,4.0360,6290.37,6445.6900,-3.0773,122.1,21.5,816637,733130,,2024-W31,32519.23,1
2024-W29,2024-07-14,충북,11,SARS-CoV-2,6,22931.24,4.3604,12166.06,9816.7400,-4.6564,69.1,25.3,374120,374120,,2024-W31,109724.98,1
2024-W29,2024-07-14,충남,12,SARS-CoV-2,6,12168.10,4.0853,12402.15,11151.2975,-0.6183,71.8,26.0,1408091,1132023,,2024-W31,27817.52,1
2024-W29,2024-07-14,전북,13,SARS-CoV-2,3,2555.63,3.4077,3680.66,3219.1500,0.6537,91.9,24.5,1043386,652526,,2024-W31,28017.89,1
2024-W29,2024-07-14,전남,14,SARS-CoV-2,10,8332.15,3.9208,6394.67,5823.1300,-0.2023,217.2,24.4,1017979,995487,,2024-W31,36010.35,1
2024-W29,2024-07-14,경북,15,SARS-CoV-2,6,2787.44,3.4454,3374.26,4432.3025,0.3235,39.0,24.9,1287477,912078,,2024-W31,27389.46,1
2024-W29,2024-07-14,경남,16,SARS-CoV-2,5,36672.77,4.5644,21533.61,17735.7375,-1.2127,93.8,24.3,1723394,1657639,,2024-W31,109590.17,1
2024-W29,2024-07-14,제주,17,SARS-CoV-2,8,4140.50,3.6172,8408.36,7351.4325,0.7402,72.3,24.3,563849,563849,,2024-W31,18795.98,1
2024-W30,2024-07-21,서울,01,SARS-CoV-2,5,18996.15,4.2787,33820.35,31419.9700,0.7101,141.3,26.3,9667667,11268168,,2024-W32,309642.54,1
2024-W30,2024-07-21,부산,02,SARS-CoV-2,6,255523.22,5.4074,140548.54,113908.9250,-2.0425,35.8,27.2,2961386,2961386,,2024-W32,454390.59,1
2024-W30,2024-07-21,대구,03,SARS-CoV-2,4,1034.11,3.0150,1677.93,1759.3950,0.5538,23.9,28.4,1948639,1948639,,2024-W32,2214.92,0
2024-W30,2024-07-21,인천,04,SARS-CoV-2,6,5770.14,3.7613,4881.73,4266.6025,0.1047,93.6,26.7,2579599,2048237,,2024-W32,42789.02,1
2024-W30,2024-07-21,광주,05,SARS-CoV-2,3,27391.18,4.4376,13782.85,11210.5875,-1.7928,44.2,27.6,691807,691807,,2024-W32,40393.36,1
2024-W30,2024-07-21,대전,06,SARS-CoV-2,2,8449.46,3.9269,5109.06,4013.6525,-0.5345,48.4,27.8,1439687,2913348,,2024-W32,42466.72,1
2024-W30,2024-07-21,울산,07,SARS-CoV-2,4,42121.82,4.6245,48166.06,45731.2825,0.0900,7.6,28.4,1218898,1218898,,2024-W32,528692.90,1
2024-W30,2024-07-21,세종,08,SARS-CoV-2,3,99839.94,4.9993,36883.04,29520.9225,-13.5413,58.5,27.5,343577,336440,,2024-W32,364163.32,1
2024-W30,2024-07-21,경기,09,SARS-CoV-2,4,5895.19,3.7706,4072.56,3485.7675,-0.5067,110.5,26.0,6563383,2478387,,2024-W32,60008.57,1
2024-W30,2024-07-21,강원,10,SARS-CoV-2,5,5823.56,3.7653,6449.98,6173.6725,0.4639,98.0,23.0,816637,733130,,2024-W32,57262.72,1
2024-W30,2024-07-21,충북,11,SARS-CoV-2,6,69037.65,4.8391,32007.64,26383.9600,-2.0106,89.1,26.7,374120,374120,,2024-W32,92495.06,1
2024-W30,2024-07-21,충남,12,SARS-CoV-2,6,9505.10,3.9780,9730.79,11677.8875,0.2189,50.5,27.7,1408091,1132023,,2024-W32,302423.94,1
2024-W30,2024-07-21,전북,13,SARS-CoV-2,3,2483.45,3.3952,4139.63,3381.3575,0.0282,34.3,26.7,1043386,652526,,2024-W32,11697.95,1
2024-W30,2024-07-21,전남,14,SARS-CoV-2,9,17626.98,4.2462,10963.16,9202.7500,-1.1155,59.9,26.3,1017979,948726,,2024-W32,87764.23,1
2024-W30,2024-07-21,경북,15,SARS-CoV-2,6,15748.46,4.1973,7552.04,6467.8100,-4.6498,11.5,27.6,1287477,912078,,2024-W32,55720.95,1
2024-W30,2024-07-21,경남,16,SARS-CoV-2,5,182181.94,5.2605,78476.15,61695.6900,-3.9678,17.8,26.7,1723394,1657639,,2024-W32,101500.43,1
2024-W30,2024-07-21,제주,17,SARS-CoV-2,8,43072.70,4.6342,21050.21,17074.4425,-9.4028,105.6,24.9,563849,563849,,2024-W32,33395.18,1
2024-W31,2024-07-28,서울,01,SARS-CoV-2,5,25834.62,4.4122,36788.44,31823.9150,-0.3600,21.8,27.4,9667667,11268168,,2024-W33,200935.07,1
2024-W31,2024-07-28,부산,02,SARS-CoV-2,6,143691.26,5.1574,161066.30,141334.2250,0.4377,4.8,28.8,2961386,2961386,,2024-W33,328222.68,1
2024-W31,2024-07-28,대구,03,SARS-CoV-2,1,99962.78,4.9998,34438.10,26249.1425,-95.6658,0.6,30.2,1948639,792633,,2024-W33,12797.47,0
2024-W31,2024-07-28,인천,04,SARS-CoV-2,6,15169.25,4.1810,9128.10,7453.6075,-1.6289,9.7,27.7,2579599,2048237,,2024-W33,40390.55,1
2024-W31,2024-07-28,광주,05,SARS-CoV-2,3,28919.31,4.4612,22039.45,17566.9625,-0.0558,4.3,28.3,691807,691807,,2024-W33,38420.41,1
2024-W31,2024-07-28,대전,06,SARS-CoV-2,2,25349.15,4.4040,13101.61,10169.0825,-2.0001,3.6,28.6,1439687,2913348,,2024-W33,20849.98,1
2024-W31,2024-07-28,울산,07,SARS-CoV-2,4,501882.98,5.7006,196763.67,161595.2900,-10.9150,1.7,29.9,1218898,1218898,,2024-W33,433918.89,1
2024-W31,2024-07-28,세종,08,SARS-CoV-2,3,62378.66,4.7950,56361.53,43256.9450,0.3752,3.7,28.6,343577,336440,,2024-W33,1521357.05,1
2024-W31,2024-07-28,경기,09,SARS-CoV-2,4,10445.88,4.0190,6751.27,5665.8875,-0.7719,12.5,27.7,6563383,2478387,,2024-W33,26584.87,1
2024-W31,2024-07-28,강원,10,SARS-CoV-2,5,32519.23,4.5122,16401.69,12967.2925,-4.5841,15.9,24.6,816637,733130,,2024-W33,42521.03,1
2024-W31,2024-07-28,충북,11,SARS-CoV-2,6,109724.98,5.0403,67231.29,51436.9750,-0.5893,5.5,27.9,374120,374120,,2024-W33,317087.79,1
2024-W31,2024-07-28,충남,12,SARS-CoV-2,6,27817.52,4.4443,16496.91,14252.4725,-1.9266,5.9,28.5,1408091,1132023,,2024-W33,281963.99,1
2024-W31,2024-07-28,전북,13,SARS-CoV-2,3,28017.89,4.4475,11018.99,10109.2000,-10.2819,4.7,27.5,1043386,652526,,2024-W33,5784.20,0
2024-W31,2024-07-28,전남,14,SARS-CoV-2,10,36010.35,4.5564,20656.49,17224.9575,-1.0429,4.8,27.4,1017979,995487,,2024-W33,105634.40,1
2024-W31,2024-07-28,경북,15,SARS-CoV-2,6,27389.46,4.4376,15308.45,12511.3950,-0.7392,0.8,29.0,1287477,912078,,2024-W33,37652.60,1
2024-W31,2024-07-28,경남,16,SARS-CoV-2,5,109590.17,5.0398,109481.63,86254.6525,0.3985,2.5,28.6,1723394,1657639,,2024-W33,193025.52,1
2024-W31,2024-07-28,제주,17,SARS-CoV-2,8,18795.98,4.2741,22003.06,20486.6550,0.5636,14.0,25.8,563849,563849,,2024-W33,23821.07,0
2024-W32,2024-08-04,서울,01,SARS-CoV-2,5,309642.54,5.4909,118157.77,105001.9675,-10.9856,27.6,27.6,9667667,11268168,,2024-W34,295208.53,1
2024-W32,2024-08-04,부산,02,SARS-CoV-2,6,454390.59,5.6574,284535.02,234397.3700,-2.1623,28.0,28.0,2961386,2961386,,2024-W34,481201.90,1
2024-W32,2024-08-04,대구,03,SARS-CoV-2,4,2214.92,3.3456,34403.93,26382.3050,0.9778,17.9,29.3,1948639,1948639,,2024-W34,70907.71,1
2024-W32,2024-08-04,인천,04,SARS-CoV-2,6,42789.02,4.6313,21242.80,17543.3300,-1.8208,35.9,27.7,2579599,2048237,,2024-W34,24757.09,1
2024-W32,2024-08-04,광주,05,SARS-CoV-2,3,40393.36,4.6063,32234.61,26627.9275,-0.3968,9.7,28.4,691807,691807,,2024-W34,19771.77,0
2024-W32,2024-08-04,대전,06,SARS-CoV-2,2,42466.72,4.6281,25421.78,20442.8875,-0.6753,17.7,28.3,1439687,2913348,,2024-W34,16811.63,0
2024-W32,2024-08-04,울산,07,SARS-CoV-2,4,528692.90,5.7232,357565.90,279745.9750,-0.0534,16.4,28.1,1218898,1218898,,2024-W34,102813.50,0
2024-W32,2024-08-04,세종,08,SARS-CoV-2,3,364163.32,5.5613,175460.64,133311.9750,-4.8379,8.3,28.3,343577,336440,,2024-W34,373658.66,1
2024-W32,2024-08-04,경기,09,SARS-CoV-2,4,60008.57,4.7782,25449.88,20065.5950,-4.7447,17.3,27.7,6563383,2478387,,2024-W34,25137.34,0
2024-W32,2024-08-04,강원,10,SARS-CoV-2,5,57262.72,4.7579,31868.50,26616.9450,-0.7609,12.2,24.2,816637,733130,,2024-W34,40425.23,1
2024-W32,2024-08-04,충북,11,SARS-CoV-2,6,92495.06,4.9661,90419.23,73547.2325,0.1570,19.0,27.5,374120,374120,,2024-W34,227441.95,1
2024-W32,2024-08-04,충남,12,SARS-CoV-2,6,302423.94,5.4806,113248.85,87978.6650,-9.8717,13.5,28.4,1408091,1132023,,2024-W34,190051.42,1
2024-W32,2024-08-04,전북,13,SARS-CoV-2,3,11697.95,4.0681,14066.43,11188.7300,0.5825,19.7,27.1,1043386,652526,,2024-W34,2643.06,0
2024-W32,2024-08-04,전남,14,SARS-CoV-2,10,87764.23,4.9433,47133.85,37433.4275,-1.4372,7.8,27.4,1017979,995487,,2024-W34,50474.69,1
2024-W32,2024-08-04,경북,15,SARS-CoV-2,6,55720.95,4.7460,32952.96,25411.5775,-1.0344,16.1,27.7,1287477,912078,,2024-W34,32453.56,0
2024-W32,2024-08-04,경남,16,SARS-CoV-2,5,101500.43,5.0065,131090.85,107486.3275,0.0738,21.3,27.7,1723394,1657639,,2024-W34,250137.55,1
2024-W32,2024-08-04,제주,17,SARS-CoV-2,8,33395.18,4.5237,31754.62,24851.0900,-0.7767,19.0,25.3,563849,563849,,2024-W34,17691.69,0
2024-W33,2024-08-11,서울,01,SARS-CoV-2,5,200935.07,5.3031,178804.07,138852.0950,0.3511,12.1,28.4,9667667,11268168,,2024-W35,239147.31,1
2024-W33,2024-08-11,부산,02,SARS-CoV-2,6,328222.68,5.5162,308768.18,295456.9375,0.2777,8.8,27.2,2961386,2961386,,2024-W35,290279.27,0
2024-W33,2024-08-11,대구,03,SARS-CoV-2,2,12797.47,4.1072,38325.06,29002.3200,-4.7778,6.0,29.0,1948639,850044,,2024-W35,10907.77,0
2024-W33,2024-08-11,인천,04,SARS-CoV-2,6,40390.55,4.6063,32782.94,26029.7400,0.0561,11.5,28.5,2579599,2048237,,2024-W35,15635.63,0
2024-W33,2024-08-11,광주,05,SARS-CoV-2,3,38420.41,4.5846,35911.02,33781.0650,0.0488,10.3,27.7,691807,691807,,2024-W35,15508.08,0
2024-W33,2024-08-11,대전,06,SARS-CoV-2,2,20849.98,4.3191,29555.29,24278.8275,0.5090,2.0,29.1,1439687,2913348,,2024-W35,8489.10,0
2024-W33,2024-08-11,울산,07,SARS-CoV-2,4,433918.89,5.6374,488164.92,376654.1475,0.1793,9.2,27.1,1218898,1218898,,2024-W35,40458.46,0
2024-W33,2024-08-11,세종,08,SARS-CoV-2,3,1521357.05,6.1822,649299.68,511934.7425,-3.1777,1.4,29.2,343577,336440,,2024-W35,533269.31,0
2024-W33,2024-08-11,경기,09,SARS-CoV-2,4,26584.87,4.4247,32346.44,25733.6275,0.5570,12.3,28.2,6563383,2478387,,2024-W35,9422.90,0
2024-W33,2024-08-11,강원,10,SARS-CoV-2,5,42521.03,4.6286,44100.99,34531.6350,0.2574,3.7,23.9,816637,733130,,2024-W35,41576.48,0
2024-W33,2024-08-11,충북,11,SARS-CoV-2,6,317087.79,5.5012,173102.61,147086.3700,-2.4282,4.0,28.1,374120,374120,,2024-W35,126116.82,0
2024-W33,2024-08-11,충남,12,SARS-CoV-2,6,281963.99,5.4502,204068.48,155427.6375,0.0677,17.2,28.7,1408091,1132023,,2024-W35,204824.80,1
2024-W33,2024-08-11,전북,13,SARS-CoV-2,3,5784.20,3.7623,15166.68,11995.8725,0.5055,15.7,27.3,1043386,652526,,2024-W35,2562.98,0
2024-W33,2024-08-11,전남,14,SARS-CoV-2,10,105634.40,5.0238,76469.66,61758.9900,-0.2036,19.9,26.5,1017979,995487,,2024-W35,50297.83,0
2024-W33,2024-08-11,경북,15,SARS-CoV-2,6,37652.60,4.5758,40254.34,34127.8675,0.3243,2.4,26.7,1287477,912078,,2024-W35,38140.32,0
2024-W33,2024-08-11,경남,16,SARS-CoV-2,5,193025.52,5.2856,134705.37,146574.5150,-0.9017,7.3,27.3,1723394,1657639,,2024-W35,260760.24,1
2024-W33,2024-08-11,제주,17,SARS-CoV-2,8,23821.07,4.3770,25337.41,29771.2325,0.2867,29.8,23.5,563849,563849,,2024-W35,4217.51,0
2024-W34,2024-08-18,서울,01,SARS-CoV-2,5,295208.53,5.4701,268595.38,207905.1900,-0.4692,120.7,27.1,9667667,11268168,,2024-W36,107424.79,0
2024-W34,2024-08-18,부산,02,SARS-CoV-2,6,481201.90,5.6823,421271.72,351876.6075,-0.4661,72.8,27.7,2961386,2961386,,2024-W36,88214.08,0
2024-W34,2024-08-18,대구,03,SARS-CoV-2,4,70907.71,4.8507,28640.03,46470.7200,-4.5408,20.7,29.4,1948639,1948639,,2024-W36,4769.11,0
2024-W34,2024-08-18,인천,04,SARS-CoV-2,6,24757.09,4.3937,35978.89,30776.4775,0.3871,116.1,27.5,2579599,2048237,,2024-W36,14736.47,0
2024-W34,2024-08-18,광주,05,SARS-CoV-2,3,19771.77,4.2961,32861.84,31876.2125,0.4854,41.0,27.4,691807,691807,,2024-W36,4586.62,0
2024-W34,2024-08-18,대전,06,SARS-CoV-2,2,16811.63,4.2256,26709.44,26369.3700,0.1937,31.6,28.6,1439687,2913348,,2024-W36,5442.17,0
2024-W34,2024-08-18,울산,07,SARS-CoV-2,4,102813.50,5.0121,355141.76,391827.0675,0.7631,18.0,28.0,1218898,1218898,,2024-W36,24954.11,0
2024-W34,2024-08-18,세종,08,SARS-CoV-2,3,373658.66,5.5725,753059.68,580389.4225,0.7544,32.2,28.5,343577,336440,,2024-W36,4878976.36,1
2024-W34,2024-08-18,경기,09,SARS-CoV-2,4,25137.34,4.4003,37243.59,30544.1650,0.0544,96.6,27.2,6563383,2478387,,2024-W36,7908.40,0
2024-W34,2024-08-18,강원,10,SARS-CoV-2,5,40425.23,4.6067,46736.32,43182.0525,0.0493,56.6,23.8,816637,733130,,2024-W36,256142.57,1
2024-W34,2024-08-18,충북,11,SARS-CoV-2,6,227441.95,5.3569,212341.60,186687.4450,0.2827,35.1,27.8,374120,374120,,2024-W36,108195.19,0
2024-W34,2024-08-18,충남,12,SARS-CoV-2,6,190051.42,5.2789,258146.45,200564.2175,0.3260,63.7,28.2,1408091,1132023,,2024-W36,110195.88,0
2024-W34,2024-08-18,전북,13,SARS-CoV-2,3,2643.06,3.4223,6708.40,12035.7750,0.5431,18.9,26.9,1043386,652526,,2024-W36,3372.28,0
2024-W34,2024-08-18,전남,14,SARS-CoV-2,10,50474.69,4.7031,81291.11,69970.9175,0.5222,41.9,26.7,1017979,995487,,2024-W36,31337.29,0
2024-W34,2024-08-18,경북,15,SARS-CoV-2,6,32453.56,4.5113,41942.37,38304.1425,0.1381,14.1,27.9,1287477,912078,,2024-W36,41882.71,0
2024-W34,2024-08-18,경남,16,SARS-CoV-2,5,250137.55,5.3982,181554.50,163563.4175,-0.2959,26.8,27.4,1723394,1657639,,2024-W36,30533.25,0
2024-W34,2024-08-18,제주,17,SARS-CoV-2,8,17691.69,4.2478,24969.31,23425.9800,0.2573,62.4,24.2,563849,563849,,2024-W36,2544.16,0
2024-W35,2024-08-25,서울,01,SARS-CoV-2,5,239147.31,5.3787,245096.97,261233.3625,0.1899,3.5,25.7,9667667,11268168,,2024-W37,36034.15,0
2024-W35,2024-08-25,부산,02,SARS-CoV-2,6,290279.27,5.4628,366567.95,388523.6100,0.3968,18.8,26.3,2961386,2961386,,2024-W37,133635.87,0
2024-W35,2024-08-25,대구,03,SARS-CoV-2,4,10907.77,4.0378,31537.65,24206.9675,0.8462,10.2,27.4,1948639,1948639,,2024-W37,23135.00,0
2024-W35,2024-08-25,인천,04,SARS-CoV-2,6,15635.63,4.1941,26927.76,30893.0725,0.3684,6.6,25.9,2579599,2048237,,2024-W37,8338.97,0
2024-W35,2024-08-25,광주,05,SARS-CoV-2,3,15508.08,4.1906,24566.75,28523.4050,0.2156,7.5,27.0,691807,691807,,2024-W37,12269.58,0
2024-W35,2024-08-25,대전,06,SARS-CoV-2,2,8489.10,3.9289,15383.57,22154.3575,0.4950,11.5,27.2,1439687,2913348,,2024-W37,2215.79,0
2024-W35,2024-08-25,울산,07,SARS-CoV-2,4,40458.46,4.6070,192396.95,276470.9375,0.6065,38.2,26.0,1218898,1218898,,2024-W37,96264.35,0
2024-W35,2024-08-25,세종,08,SARS-CoV-2,3,533269.31,5.7269,809428.34,698112.0850,-0.4272,8.0,26.9,343577,336440,,2024-W37,7736.28,0
2024-W35,2024-08-25,경기,09,SARS-CoV-2,4,9422.90,3.9742,20381.70,30288.4200,0.6251,3.9,25.6,6563383,2478387,,2024-W37,14626.61,0
2024-W35,2024-08-25,강원,10,SARS-CoV-2,5,41576.48,4.6189,41507.58,45446.3650,-0.0285,6.5,21.4,816637,733130,,2024-W37,105171.08,1
2024-W35,2024-08-25,충북,11,SARS-CoV-2,6,126116.82,5.1008,223548.85,190785.4050,0.4455,7.9,25.8,374120,374120,,2024-W37,52687.55,0
2024-W35,2024-08-25,충남,12,SARS-CoV-2,6,204824.80,5.3114,225613.40,244816.0375,-0.0777,4.6,26.7,1408091,1132023,,2024-W37,67596.79,0
2024-W35,2024-08-25,전북,13,SARS-CoV-2,3,2562.98,3.4089,3663.41,5672.0475,0.0303,3.2,26.1,1043386,652526,,2024-W37,858.69,0
2024-W35,2024-08-25,전남,14,SARS-CoV-2,10,50297.83,4.7016,68802.31,73542.7875,0.0035,5.5,26.3,1017979,995487,,2024-W37,17609.89,0
2024-W35,2024-08-25,경북,15,SARS-CoV-2,6,38140.32,4.5814,36082.16,40991.8575,-0.1752,36.2,25.5,1287477,912078,,2024-W37,29866.56,0
2024-W35,2024-08-25,경남,16,SARS-CoV-2,5,260760.24,5.4162,234641.10,201355.9350,-0.0425,10.4,26.4,1723394,1657639,,2024-W37,17459.79,0
2024-W35,2024-08-25,제주,17,SARS-CoV-2,8,4217.51,3.6252,15243.42,19781.3625,0.7616,64.7,23.2,563849,563849,,2024-W37,3272.79,0
2024-W36,2024-09-01,서울,01,SARS-CoV-2,5,107424.79,5.0311,213926.88,210678.9250,0.5508,32.4,24.1,9667667,11268168,,2024-W38,24734.30,0
2024-W36,2024-09-01,부산,02,SARS-CoV-2,6,88214.08,4.9455,286565.09,296979.4825,0.6961,7.1,25.2,2961386,2961386,,2024-W38,164001.33,0
2024-W36,2024-09-01,대구,03,SARS-CoV-2,4,4769.11,3.6785,28861.53,24845.5150,0.5628,18.6,26.9,1948639,1948639,,2024-W38,27389.47,0
2024-W36,2024-09-01,인천,04,SARS-CoV-2,6,14736.47,4.1684,18376.39,23879.9350,0.0575,44.2,24.6,2579599,2048237,,2024-W38,7450.78,0
2024-W36,2024-09-01,광주,05,SARS-CoV-2,3,4586.62,3.6616,13288.82,19571.7200,0.7042,8.7,25.8,691807,691807,,2024-W38,1928.29,0
2024-W36,2024-09-01,대전,06,SARS-CoV-2,2,5442.17,3.7359,10247.63,12898.2200,0.3589,6.0,26.7,1439687,2913348,,2024-W38,2690.78,0
2024-W36,2024-09-01,울산,07,SARS-CoV-2,4,24954.11,4.3972,56075.36,150536.2400,0.3832,17.8,24.8,1218898,1218898,,2024-W38,,
2024-W36,2024-09-01,세종,08,SARS-CoV-2,3,4878976.36,6.6883,1928634.78,1826815.3450,-8.1492,3.2,26.4,343577,336440,,2024-W38,11983.19,0
2024-W36,2024-09-01,경기,09,SARS-CoV-2,4,7908.40,3.8981,14156.21,17263.3775,0.1607,19.5,24.2,6563383,2478387,,2024-W38,6220.26,0
2024-W36,2024-09-01,강원,10,SARS-CoV-2,5,256142.57,5.4085,112714.76,95166.3275,-5.1608,7.2,19.9,816637,733130,,2024-W38,15108.24,0
2024-W36,2024-09-01,충북,11,SARS-CoV-2,6,108195.19,5.0342,153917.99,194710.4375,0.1421,4.4,25.2,374120,374120,,2024-W38,84724.45,0
2024-W36,2024-09-01,충남,12,SARS-CoV-2,6,110195.88,5.0422,168357.36,196759.0225,0.4620,11.0,25.8,1408091,1132023,,2024-W38,32534.03,0
2024-W36,2024-09-01,전북,13,SARS-CoV-2,3,3372.28,3.5281,2859.44,3590.6300,-0.3158,17.5,25.1,1043386,652526,,2024-W38,2769.72,0
2024-W36,2024-09-01,전남,14,SARS-CoV-2,10,31337.29,4.4961,44036.60,59436.0525,0.3770,17.1,25.2,1017979,995487,,2024-W38,8158.50,0
2024-W36,2024-09-01,경북,15,SARS-CoV-2,6,41882.71,4.6220,37492.20,37532.2975,-0.0981,6.4,24.7,1287477,912078,,2024-W38,6111.68,0
2024-W36,2024-09-01,경남,16,SARS-CoV-2,5,30533.25,4.4848,180477.02,183614.1400,0.8829,19.9,25.4,1723394,1657639,,2024-W38,,
2024-W36,2024-09-01,제주,17,SARS-CoV-2,8,2544.16,3.4057,8151.12,12068.6075,0.3968,26.3,22.3,563849,563849,,2024-W38,1453.46,0
2024-W37,2024-09-08,서울,01,SARS-CoV-2,5,36034.15,4.5567,127535.42,169453.6950,0.6646,55.9,25.8,9667667,11268168,,2024-W39,11475.27,0
2024-W37,2024-09-08,부산,02,SARS-CoV-2,6,133635.87,5.1259,170709.74,248332.7800,-0.5149,32.0,26.8,2961386,2961386,,2024-W39,58297.96,0
2024-W37,2024-09-08,대구,03,SARS-CoV-2,3,23135.00,4.3643,12937.30,27429.8975,-3.8510,22.2,27.8,1948639,1737141,,2024-W39,16496.88,0
2024-W37,2024-09-08,인천,04,SARS-CoV-2,6,8338.97,3.9212,12903.69,15867.0400,0.4341,48.0,25.8,2579599,2048237,,2024-W39,1596.66,0
2024-W37,2024-09-08,광주,05,SARS-CoV-2,3,12269.58,4.0889,10788.10,13034.0125,-1.6751,21.5,27.2,691807,691807,,2024-W39,6663.14,0
2024-W37,2024-09-08,대전,06,SARS-CoV-2,2,2215.79,3.3457,5382.35,8239.6725,0.5928,23.3,28.0,1439687,2913348,,2024-W39,1052.83,0
2024-W37,2024-09-08,울산,07,SARS-CoV-2,4,96264.35,4.9835,53892.31,66122.6050,-2.8577,22.9,26.5,1218898,1218898,,2024-W39,13506.69,0
2024-W37,2024-09-08,세종,08,SARS-CoV-2,3,7736.28,3.8886,1806660.65,1448410.1525,0.9984,29.2,27.6,343577,336440,,2024-W39,22122.42,0
2024-W37,2024-09-08,경기,09,SARS-CoV-2,4,14626.61,4.1652,10652.64,14273.8125,-0.8495,83.6,26.0,6563383,2478387,,2024-W39,2358.28,0
2024-W37,2024-09-08,강원,10,SARS-CoV-2,5,105171.08,5.0219,134296.71,110828.8400,0.5894,52.0,22.1,816637,733130,,2024-W39,27093.83,0
2024-W37,2024-09-08,충북,11,SARS-CoV-2,6,52687.55,4.7217,95666.52,128610.3775,0.5130,75.8,26.6,374120,374120,,2024-W39,35644.50,0
2024-W37,2024-09-08,충남,12,SARS-CoV-2,6,67596.79,4.8299,127539.16,143167.2225,0.3866,61.4,26.8,1408091,1132023,,2024-W39,28030.22,0
2024-W37,2024-09-08,전북,13,SARS-CoV-2,3,858.69,2.9343,2264.65,2359.2525,0.7454,15.5,26.3,1043386,652526,,2024-W39,618.76,0
2024-W37,2024-09-08,전남,14,SARS-CoV-2,10,17609.89,4.2458,33081.67,37429.9250,0.4381,10.2,26.4,1017979,995487,,2024-W39,7227.40,0
2024-W37,2024-09-08,경북,15,SARS-CoV-2,6,29866.56,4.4752,36629.86,35585.7875,0.2869,12.0,26.5,1287477,912078,,2024-W39,14476.14,0
2024-W37,2024-09-08,경남,16,SARS-CoV-2,5,17459.79,4.2421,102917.76,139722.7075,0.4282,25.1,26.6,1723394,1657639,,2024-W39,6538.25,0
2024-W37,2024-09-08,제주,17,SARS-CoV-2,8,3272.79,3.5151,3344.82,6931.5375,-0.2864,43.6,23.7,563849,563849,,2024-W39,432.62,0
2024-W38,2024-09-15,서울,01,SARS-CoV-2,5,24734.30,4.3933,56064.41,101835.1375,0.3136,117.2,24.9,9667667,11268168,,2024-W40,13753.76,0
2024-W38,2024-09-15,부산,02,SARS-CoV-2,6,164001.33,5.2149,128617.09,169032.6375,-0.2272,200.3,26.9,2961386,2961386,,2024-W40,127673.99,0
2024-W38,2024-09-15,대구,03,SARS-CoV-2,4,27389.47,4.4376,18431.20,16550.3375,-0.1839,154.9,26.5,1948639,1948639,,2024-W40,1655.56,0
2024-W38,2024-09-15,인천,04,SARS-CoV-2,6,7450.78,3.8723,10175.40,11540.4625,0.1065,97.5,25.4,2579599,2048237,,2024-W40,3234.37,0
2024-W38,2024-09-15,광주,05,SARS-CoV-2,3,1928.29,3.2854,6261.50,8573.1425,0.8428,127.3,27.4,691807,691807,,2024-W40,8551.09,0
2024-W38,2024-09-15,대전,06,SARS-CoV-2,2,2690.78,3.4300,3449.58,4709.4600,-0.2144,85.8,27.0,1439687,2913348,,2024-W40,827.34,0
2024-W38,2024-09-15,울산,07,SARS-CoV-2,0,,,,53892.3067,,161.6,26.1,1218898,,no_measurement,2024-W40,54437.65,0
2024-W38,2024-09-15,세종,08,SARS-CoV-2,3,11983.19,4.0786,1632898.61,1357991.2850,-0.5490,119.8,26.9,343577,336440,,2024-W40,23675.78,0
2024-W38,2024-09-15,경기,09,SARS-CoV-2,4,6220.26,3.7939,9585.09,9544.5425,0.5747,139.9,24.8,6563383,2478387,,2024-W40,4093.41,0
2024-W38,2024-09-15,강원,10,SARS-CoV-2,5,15108.24,4.1792,125473.96,104499.5925,0.8563,156.5,20.1,816637,733130,,2024-W40,21102.57,0
2024-W38,2024-09-15,충북,11,SARS-CoV-2,6,84724.45,4.9280,81869.06,92931.0025,-0.6081,130.1,25.7,374120,374120,,2024-W40,25657.12,0
2024-W38,2024-09-15,충남,12,SARS-CoV-2,6,32534.03,4.5124,70108.90,103787.8750,0.5187,125.2,26.8,1408091,1132023,,2024-W40,19437.31,0
2024-W38,2024-09-15,전북,13,SARS-CoV-2,2,2769.72,3.4426,2333.56,2390.9175,-2.2255,139.3,26.0,1043386,643606,,2024-W40,301.74,0
2024-W38,2024-09-15,전남,14,SARS-CoV-2,10,8158.50,3.9117,19035.23,26850.8775,0.5367,92.0,26.5,1017979,995487,,2024-W40,7982.87,0
2024-W38,2024-09-15,경북,15,SARS-CoV-2,6,6111.68,3.7862,25953.65,29000.3175,0.7954,131.3,25.3,1287477,912078,,2024-W40,3295.10,0
2024-W38,2024-09-15,경남,16,SARS-CoV-2,0,,,,102917.7600,,140.0,26.0,1723394,,no_measurement,2024-W40,5048.11,0
2024-W38,2024-09-15,제주,17,SARS-CoV-2,8,1453.46,3.1627,2423.47,2871.9800,0.5559,147.7,23.9,563849,563849,,2024-W40,1180.55,0
2024-W39,2024-09-22,서울,01,SARS-CoV-2,5,11475.27,4.0598,24081.24,44917.1275,0.5361,4.5,20.2,9667667,11268168,,2024-W41,9682.39,0
2024-W39,2024-09-22,부산,02,SARS-CoV-2,6,58297.96,4.7657,118645.05,111037.3100,0.6445,3.2,22.0,2961386,2961386,,2024-W41,111210.09,0
2024-W39,2024-09-22,대구,03,SARS-CoV-2,2,16496.88,4.2174,22340.45,17947.6150,0.3977,2.8,21.4,1948639,1004131,,2024-W41,5054.76,0
2024-W39,2024-09-22,인천,04,SARS-CoV-2,6,1596.66,3.2035,5795.47,8030.7200,0.7857,4.4,20.7,2579599,2048237,,2024-W41,3425.17,0
2024-W39,2024-09-22,광주,05,SARS-CoV-2,3,6663.14,3.8237,6953.67,6361.9075,-2.4555,4.9,21.8,691807,691807,,2024-W41,209.84,0
2024-W39,2024-09-22,대전,06,SARS-CoV-2,2,1052.83,3.0228,1986.47,2850.3925,0.6087,3.5,21.5,1439687,2913348,,2024-W41,839.04,0
2024-W39,2024-09-22,울산,07,SARS-CoV-2,4,13506.69,4.1306,44908.38,44908.3833,0.8597,3.3,21.4,1218898,1218898,,2024-W41,212937.60,1
2024-W39,2024-09-22,세종,08,SARS-CoV-2,3,22122.42,4.3449,13947.30,1230204.5625,-0.8461,2.7,21.1,343577,336440,,2024-W41,7845.66,0
2024-W39,2024-09-22,경기,09,SARS-CoV-2,4,2358.28,3.3728,7735.05,7778.3875,0.6209,4.4,19.8,6563383,2478387,,2024-W41,3006.03,0
2024-W39,2024-09-22,강원,10,SARS-CoV-2,5,27093.83,4.4329,49124.38,100878.9300,-0.7933,6.7,15.3,816637,733130,,2024-W41,10510.52,0
2024-W39,2024-09-22,충북,11,SARS-CoV-2,6,35644.50,4.5520,57685.50,70312.9225,0.5793,3.4,20.3,374120,374120,,2024-W41,11660.80,0
2024-W39,2024-09-22,충남,12,SARS-CoV-2,5,28030.22,4.4476,42720.35,59589.2300,0.1384,1.9,21.6,1408091,1055249,,2024-W41,12379.96,0
2024-W39,2024-09-22,전북,13,SARS-CoV-2,3,618.76,2.7922,1415.73,1904.8625,0.7766,7.4,20.9,1043386,652526,,2024-W41,1384.25,0
2024-W39,2024-09-22,전남,14,SARS-CoV-2,9,7227.40,3.8590,10998.60,16083.2700,0.1141,8.9,21.2,1017979,948726,,2024-W41,10168.23,0
2024-W39,2024-09-22,경북,15,SARS-CoV-2,6,14476.14,4.1607,16818.12,23084.2725,-1.3686,3.8,20.2,1287477,912078,,2024-W41,1466.36,0
2024-W39,2024-09-22,경남,16,SARS-CoV-2,5,6538.25,3.8155,18177.10,18177.0967,0.6255,8.4,21.0,1723394,1657639,,2024-W41,5780.22,0
2024-W39,2024-09-22,제주,17,SARS-CoV-2,8,432.62,2.6371,1719.63,1925.7575,0.7024,59.5,19.5,563849,563849,,2024-W41,171.11,0
2024-W40,2024-09-29,서울,01,SARS-CoV-2,5,13753.76,4.1385,16654.45,21499.3700,-0.1986,5.8,16.3,9667667,11268168,,2024-W42,6873.88,0
2024-W40,2024-09-29,부산,02,SARS-CoV-2,6,127673.99,5.1061,116657.76,120902.2875,-1.1900,13.2,19.4,2961386,2961386,,2024-W42,33994.46,0
2024-W40,2024-09-29,대구,03,SARS-CoV-2,3,1655.56,3.2192,15180.64,17169.2275,0.8996,7.4,18.3,1948639,1737141,,2024-W42,1309.29,0
2024-W40,2024-09-29,인천,04,SARS-CoV-2,6,3234.37,3.5099,4093.93,5155.1950,-1.0257,5.8,17.0,2579599,2048237,,2024-W42,2418.75,0
2024-W40,2024-09-29,광주,05,SARS-CoV-2,3,8551.09,3.9321,5714.17,7353.0250,-0.2833,6.8,17.8,691807,691807,,2024-W42,3223.62,0
2024-W40,2024-09-29,대전,06,SARS-CoV-2,2,827.34,2.9182,1523.65,1696.6850,0.2142,8.1,17.1,1439687,2913348,,2024-W42,852.89,0
2024-W40,2024-09-29,울산,07,SARS-CoV-2,4,54437.65,4.7359,54736.23,54736.2300,-3.0304,15.0,18.7,1218898,1218898,,2024-W42,249177.25,1
2024-W40,2024-09-29,세종,08,SARS-CoV-2,3,23675.78,4.3743,19260.46,16379.4175,-0.0702,5.4,16.9,343577,336440,,2024-W42,3921.44,0
2024-W40,2024-09-29,경기,09,SARS-CoV-2,4,4093.41,3.6122,4223.98,6824.6400,-0.7358,3.9,16.1,6563383,2478387,,2024-W42,2479.90,0
2024-W40,2024-09-29,강원,10,SARS-CoV-2,5,21102.57,4.3244,21101.55,42118.9300,0.2211,2.4,12.7,816637,733130,,2024-W42,8999.43,0
2024-W40,2024-09-29,충북,11,SARS-CoV-2,6,25657.12,4.4092,48675.36,49678.4050,0.2802,8.2,16.0,374120,374120,,2024-W42,368.32,0
2024-W40,2024-09-29,충남,12,SARS-CoV-2,6,19437.31,4.2887,26667.19,36899.5875,0.3066,10.3,17.6,1408091,1132023,,2024-W42,33066.15,0
2024-W40,2024-09-29,전북,13,SARS-CoV-2,1,301.74,2.4811,1230.08,1137.2275,0.5124,6.4,16.5,1043386,16968,,2024-W42,2160.27,1
2024-W40,2024-09-29,전남,14,SARS-CoV-2,9,7982.87,3.9022,7789.59,10244.6650,-0.1045,16.0,17.4,1017979,945134,,2024-W42,6790.19,0
2024-W40,2024-09-29,경북,15,SARS-CoV-2,6,3295.10,3.5180,7960.97,13437.3700,0.7724,9.0,17.2,1287477,912078,,2024-W42,5893.98,0
2024-W40,2024-09-29,경남,16,SARS-CoV-2,5,5048.11,3.7032,9682.05,9682.0500,0.2279,10.8,17.9,1723394,1657639,,2024-W42,4207.59,0
2024-W40,2024-09-29,제주,17,SARS-CoV-2,8,1180.55,3.0725,1022.21,1584.8550,-1.7288,31.0,16.4,563849,563849,,2024-W42,71.40,0
2024-W41,2024-10-06,서울,01,SARS-CoV-2,5,9682.39,3.9860,11637.14,14911.4300,0.2960,0.9,15.5,9667667,11268168,,2024-W43,6873.88,0
2024-W41,2024-10-06,부산,02,SARS-CoV-2,6,111210.09,5.0461,99060.68,115295.8425,0.1290,16.5,17.6,2961386,2961386,,2024-W43,29506.57,0
2024-W41,2024-10-06,대구,03,SARS-CoV-2,3,5054.76,3.7038,7735.73,12649.1675,-2.0532,6.0,17.5,1948639,1737141,,2024-W43,18027.52,1
2024-W41,2024-10-06,인천,04,SARS-CoV-2,6,3425.17,3.5348,2752.07,3926.7450,-0.0590,1.3,15.9,2579599,2048237,,2024-W43,1728.56,0
2024-W41,2024-10-06,광주,05,SARS-CoV-2,3,209.84,2.3240,5141.36,4338.0900,0.9755,10.7,17.0,691807,691807,,2024-W43,1427.51,0
2024-W41,2024-10-06,대전,06,SARS-CoV-2,2,839.04,2.9243,906.40,1352.4975,-0.0141,8.3,16.7,1439687,2913348,,2024-W43,455.55,0
2024-W41,2024-10-06,울산,07,SARS-CoV-2,4,212937.60,5.3283,93627.31,93627.3133,-2.9116,17.1,17.0,1218898,1218898,,2024-W43,11106.01,0
2024-W41,2024-10-06,세종,08,SARS-CoV-2,3,7845.66,3.8947,17881.29,16406.7625,0.6686,5.6,16.3,343577,336440,,2024-W43,91371.06,1
2024-W41,2024-10-06,경기,09,SARS-CoV-2,4,3006.03,3.4781,3152.58,3919.4950,0.2656,2.1,15.0,6563383,2478387,,2024-W43,833.52,0
2024-W41,2024-10-06,강원,10,SARS-CoV-2,5,10510.52,4.0217,19568.97,18453.7900,0.5019,3.7,11.9,816637,733130,,2024-W43,4175.20,0
2024-W41,2024-10-06,충북,11,SARS-CoV-2,6,11660.80,4.0668,24320.81,39421.7175,0.5455,2.2,15.4,374120,374120,,2024-W43,6077.15,0
2024-W41,2024-10-06,충남,12,SARS-CoV-2,6,12379.96,4.0928,19949.16,23095.3800,0.3631,3.9,17.1,1408091,1132023,,2024-W43,33551.93,1
2024-W41,2024-10-06,전북,13,SARS-CoV-2,2,1384.25,3.1415,768.25,1268.6175,-3.5876,8.9,15.7,1043386,643606,,2024-W43,526.68,0
2024-W41,2024-10-06,전남,14,SARS-CoV-2,7,10168.23,4.0073,8459.50,8384.2500,-0.2738,8.2,16.7,1017979,844637,,2024-W43,3155.16,0
2024-W41,2024-10-06,경북,15,SARS-CoV-2,6,1466.36,3.1665,6412.53,6337.3200,0.5550,10.3,16.3,1287477,912078,,2024-W43,2218.81,0
2024-W41,2024-10-06,경남,16,SARS-CoV-2,5,5780.22,3.7620,5788.86,5788.8600,-0.1450,8.4,16.8,1723394,1657639,,2024-W43,6319.25,0
2024-W41,2024-10-06,제주,17,SARS-CoV-2,8,171.11,2.2358,594.76,809.4350,0.8551,73.8,14.6,563849,563849,,2024-W43,232.43,0
2024-W42,2024-10-13,서울,01,SARS-CoV-2,5,6873.88,3.8373,10103.35,10446.3250,0.2901,53.1,16.4,9667667,11268168,,2024-W44,7723.46,0
2024-W42,2024-10-13,부산,02,SARS-CoV-2,6,33994.46,4.5314,90959.51,82794.1250,0.6943,87.2,20.1,2961386,2961386,,2024-W44,17367.31,0
2024-W42,2024-10-13,대구,03,SARS-CoV-2,2,1309.29,3.1174,2673.20,6129.1225,0.7410,47.7,18.7,1948639,1679730,,2024-W44,725.59,0
2024-W42,2024-10-13,인천,04,SARS-CoV-2,6,2418.75,3.3838,3026.09,2668.7375,0.2938,46.6,17.0,2579599,2048237,,2024-W44,1895.39,0
2024-W42,2024-10-13,광주,05,SARS-CoV-2,3,3223.62,3.5085,3994.85,4661.9225,-14.3621,52.7,19.0,691807,691807,,2024-W44,3031.20,0
2024-W42,2024-10-13,대전,06,SARS-CoV-2,2,852.89,2.9314,839.76,893.0250,-0.0165,72.7,18.0,1439687,2913348,,2024-W44,500.25,0
2024-W42,2024-10-13,울산,07,SARS-CoV-2,4,249177.25,5.3965,172184.16,132514.7975,-0.1702,82.0,19.2,1218898,1218898,,2024-W44,4022.07,0
2024-W42,2024-10-13,세종,08,SARS-CoV-2,3,3921.44,3.5936,11814.29,14391.3250,0.5002,73.3,17.5,343577,336440,,2024-W44,2642.83,0
2024-W42,2024-10-13,경기,09,SARS-CoV-2,4,2479.90,3.3946,3193.11,2984.4050,0.1750,49.7,16.5,6563383,2478387,,2024-W44,1632.30,0
2024-W42,2024-10-13,강원,10,SARS-CoV-2,5,8999.43,3.9543,13537.51,16926.5875,0.1438,43.9,12.9,816637,733130,,2024-W44,1163.59,0
2024-W42,2024-10-13,충북,11,SARS-CoV-2,6,368.32,2.5674,12562.08,18332.6850,0.9684,56.3,16.8,374120,374120,,2024-W44,6006.46,0
2024-W42,2024-10-13,충남,12,SARS-CoV-2,6,33066.15,4.5194,21627.81,23228.4100,-1.6709,83.1,18.2,1408091,1132023,,2024-W44,33579.83,1
2024-W42,2024-10-13,전북,13,SARS-CoV-2,2,2160.27,3.3347,1282.09,1116.2550,-0.5606,52.6,18.0,1043386,643606,,2024-W44,475.55,0
2024-W42,2024-10-13,전남,14,SARS-CoV-2,9,6790.19,3.8319,8313.76,8042.1725,0.3322,45.5,18.8,1017979,948726,,2024-W44,5136.83,0
2024-W42,2024-10-13,경북,15,SARS-CoV-2,6,5893.98,3.7705,3551.81,6282.8950,-3.0195,41.2,17.5,1287477,912078,,2024-W44,2369.06,0
2024-W42,2024-10-13,경남,16,SARS-CoV-2,5,4207.59,3.6241,5011.97,5393.5425,0.2721,69.9,18.4,1723394,1657639,,2024-W44,1393.78,0
2024-W42,2024-10-13,제주,17,SARS-CoV-2,8,71.40,1.8597,474.35,463.9200,0.5827,60.1,17.9,563849,563849,,2024-W44,134.54,0
2024-W43,2024-10-20,서울,01,SARS-CoV-2,5,6873.88,3.8373,7810.05,9295.9775,0.0000,15.3,12.6,9667667,11268168,,2024-W45,6489.36,0
2024-W43,2024-10-20,부산,02,SARS-CoV-2,6,29506.57,4.4699,58237.04,75596.2775,0.1320,137.5,16.9,2961386,2961386,,2024-W45,4417.24,0
2024-W43,2024-10-20,대구,03,SARS-CoV-2,1,18027.52,4.2560,8130.52,6511.7825,-12.7690,66.1,15.1,1948639,792633,,2024-W45,833.33,0
2024-W43,2024-10-20,인천,04,SARS-CoV-2,6,1728.56,3.2379,2524.16,2701.7125,0.2854,11.9,13.4,2579599,2048237,,2024-W45,1405.78,0
2024-W43,2024-10-20,광주,05,SARS-CoV-2,3,1427.51,3.1549,1620.32,3353.0150,0.5572,33.3,14.7,691807,691807,,2024-W45,741.36,0
2024-W43,2024-10-20,대전,06,SARS-CoV-2,2,455.55,2.6595,715.83,743.7050,0.4659,16.3,14.2,1439687,2913348,,2024-W45,317.71,0
2024-W43,2024-10-20,울산,07,SARS-CoV-2,4,11106.01,4.0456,157740.28,131914.6275,0.9554,95.7,16.3,1218898,1218898,,2024-W45,3200.81,0
2024-W43,2024-10-20,세종,08,SARS-CoV-2,3,91371.06,4.9608,34379.39,31703.4850,-22.3004,9.4,13.8,343577,336440,,2024-W45,4677.73,0
2024-W43,2024-10-20,경기,09,SARS-CoV-2,3,833.52,2.9214,2106.48,2603.2150,0.6639,18.7,12.6,6563383,800190,,2024-W45,2920.41,0
2024-W43,2024-10-20,강원,10,SARS-CoV-2,5,4175.20,3.6208,7895.05,11196.9300,0.5361,25.7,9.2,816637,733130,,2024-W45,9790.36,0
2024-W43,2024-10-20,충북,11,SARS-CoV-2,6,6077.15,3.7838,6035.42,10940.8475,-15.4998,12.8,13.0,374120,374120,,2024-W45,6791.60,0
2024-W43,2024-10-20,충남,12,SARS-CoV-2,6,33551.93,4.5257,26332.68,24608.8375,-0.0147,10.1,14.6,1408091,1132023,,2024-W45,22607.20,0
2024-W43,2024-10-20,전북,13,SARS-CoV-2,2,526.68,2.7224,1357.07,1093.2350,0.7562,38.7,13.8,1043386,643606,,2024-W45,1825.31,1
2024-W43,2024-10-20,전남,14,SARS-CoV-2,7,3155.16,3.4992,6704.53,7024.1125,0.5353,63.7,14.8,1017979,647396,,2024-W45,3359.71,0
2024-W43,2024-10-20,경북,15,SARS-CoV-2,6,2218.81,3.3463,3193.05,3218.5625,0.6235,26.7,14.0,1287477,912078,,2024-W45,3203.86,0
2024-W43,2024-10-20,경남,16,SARS-CoV-2,5,6319.25,3.8007,5435.69,5338.7925,-0.5019,79.6,14.5,1723394,1657639,,2024-W45,7143.50,1
2024-W43,2024-10-20,제주,17,SARS-CoV-2,8,232.43,2.3682,158.32,413.8725,-2.2552,117.0,14.9,563849,563849,,2024-W45,114.79,0
2024-W44,2024-10-27,서울,01,SARS-CoV-2,5,7723.46,3.8879,7157.07,7788.4025,-0.1236,0.4,13.7,9667667,11268168,,2024-W46,4398.45,0
2024-W44,2024-10-27,부산,02,SARS-CoV-2,6,17367.31,4.2398,26956.11,48019.6075,0.4114,78.8,15.9,2961386,2961386,,2024-W46,472.23,0
2024-W44,2024-10-27,대구,03,SARS-CoV-2,2,725.59,2.8613,6687.46,6279.2900,0.9598,52.4,15.1,1948639,850044,,2024-W46,530.80,0
2024-W44,2024-10-27,인천,04,SARS-CoV-2,6,1895.39,3.2779,2014.23,2366.9675,-0.0965,1.2,14.1,2579599,2048237,,2024-W46,1291.07,0
2024-W44,2024-10-27,광주,05,SARS-CoV-2,3,3031.20,3.4818,2560.78,1973.0425,-1.1234,59.8,15.1,691807,691807,,2024-W46,2739.12,1
2024-W44,2024-10-27,대전,06,SARS-CoV-2,2,500.25,2.7001,602.90,661.9325,-0.0981,17.8,14.8,1439687,2913348,,2024-W46,306.03,0
2024-W44,2024-10-27,울산,07,SARS-CoV-2,4,4022.07,3.6046,88101.78,119310.7325,0.6378,75.9,15.2,1218898,1218898,,2024-W46,6687.99,0
2024-W44,2024-10-27,세종,08,SARS-CoV-2,3,2642.83,3.4222,32645.11,26445.2475,0.9711,9.2,14.6,343577,336440,,2024-W46,3019.92,0
2024-W44,2024-10-27,경기,09,SARS-CoV-2,4,1632.30,3.2131,1648.57,1987.9375,-0.9583,0.6,13.6,6563383,2478387,,2024-W46,1690.31,0
2024-W44,2024-10-27,강원,10,SARS-CoV-2,5,1163.59,3.0662,4779.41,6212.1850,0.7213,1.5,10.3,816637,733130,,2024-W46,4181.06,0
2024-W44,2024-10-27,충북,11,SARS-CoV-2,6,6006.46,3.7787,4150.64,6028.1825,0.0116,5.7,13.7,374120,374120,,2024-W46,10507.63,1
2024-W44,2024-10-27,충남,12,SARS-CoV-2,6,33579.83,4.5261,33399.30,28144.4675,-0.0008,5.3,15.4,1408091,1132023,,2024-W46,34547.06,0
2024-W44,2024-10-27,전북,13,SARS-CoV-2,3,475.55,2.6781,1054.17,1136.6875,0.0971,38.4,14.3,1043386,652526,,2024-W46,557.14,0
2024-W44,2024-10-27,전남,14,SARS-CoV-2,10,5136.83,3.7108,5027.39,6312.6025,-0.6281,84.1,15.0,1017979,995487,,2024-W46,4081.60,0
2024-W44,2024-10-27,경북,15,SARS-CoV-2,6,2369.06,3.3748,3493.95,2987.0525,-0.0677,21.2,13.9,1287477,912078,,2024-W46,1451.00,0
2024-W44,2024-10-27,경남,16,SARS-CoV-2,5,1393.78,3.1445,3973.54,4425.2100,0.7794,82.1,14.4,1723394,1657639,,2024-W46,4123.71,0
2024-W44,2024-10-27,제주,17,SARS-CoV-2,8,134.54,2.1321,146.13,152.3700,0.4211,307.4,14.4,563849,563849,,2024-W46,235.10,1
2024-W45,2024-11-03,서울,01,SARS-CoV-2,5,6489.36,3.8123,7028.90,6990.1450,0.1598,2.2,8.9,9667667,11268168,,2024-W47,3421.00,0
2024-W45,2024-11-03,부산,02,SARS-CoV-2,6,4417.24,3.6452,17097.04,21321.3950,0.7457,0.1,12.5,2961386,2961386,,2024-W47,1359.10,0
2024-W45,2024-11-03,대구,03,SARS-CoV-2,4,833.33,2.9213,6528.81,5223.9325,-0.1485,0.0,11.8,1948639,1948639,,2024-W47,2028.82,0
2024-W45,2024-11-03,인천,04,SARS-CoV-2,6,1405.78,3.1482,1676.57,1862.1200,0.2583,2.0,9.5,2579599,2048237,,2024-W47,1387.58,0
2024-W45,2024-11-03,광주,05,SARS-CoV-2,3,741.36,2.8706,1733.36,2105.9225,0.7554,0.3,11.3,691807,691807,,2024-W47,731.20,0
2024-W45,2024-11-03,대전,06,SARS-CoV-2,2,317.71,2.5034,424.50,531.6000,0.3649,1.6,10.8,1439687,2913348,,2024-W47,419.73,0
2024-W45,2024-11-03,울산,07,SARS-CoV-2,4,3200.81,3.5054,6109.63,66876.5350,0.2042,1.1,12.2,1218898,1218898,,2024-W47,5585.25,0
2024-W45,2024-11-03,세종,08,SARS-CoV-2,3,4677.73,3.6701,32897.21,25653.2650,-0.7700,1.0,10.2,343577,336440,,2024-W47,7296.69,0
2024-W45,2024-11-03,경기,09,SARS-CoV-2,4,2920.41,3.4656,1795.41,1966.5325,-0.7891,0.8,9.4,6563383,2478387,,2024-W47,1538.02,0
2024-W45,2024-11-03,강원,10,SARS-CoV-2,5,9790.36,3.9908,5043.05,6032.1450,-7.4139,1.6,6.1,816637,733130,,2024-W47,4435.04,0
2024-W45,2024-11-03,충북,11,SARS-CoV-2,6,6791.60,3.8320,6291.74,4810.8825,-0.1307,1.7,9.5,374120,374120,,2024-W47,3284.15,0
2024-W45,2024-11-03,충남,12,SARS-CoV-2,6,22607.20,4.3543,29912.99,30701.2775,0.3268,2.4,11.2,1408091,1132023,,2024-W47,16791.70,0
2024-W45,2024-11-03,전북,13,SARS-CoV-2,2,1825.31,3.2616,942.51,1246.9525,-2.8383,0.6,10.4,1043386,643606,,2024-W47,415.52,0
2024-W45,2024-11-03,전남,14,SARS-CoV-2,8,3359.71,3.5264,3883.90,4610.4725,0.3460,0.4,11.1,1017979,699547,,2024-W47,4717.50,0
2024-W45,2024-11-03,경북,15,SARS-CoV-2,6,3203.86,3.5058,2597.24,3421.4275,-0.3524,0.2,11.2,1287477,912078,,2024-W47,1642.59,0
2024-W45,2024-11-03,경남,16,SARS-CoV-2,4,7143.50,3.8540,4952.18,4766.0300,-4.1253,0.0,11.6,1723394,1402770,,2024-W47,2094.44,0
2024-W45,2024-11-03,제주,17,SARS-CoV-2,8,114.79,2.0637,160.59,138.2900,0.1469,5.6,10.7,563849,563849,,2024-W47,282.92,1
2024-W46,2024-11-10,서울,01,SARS-CoV-2,5,4398.45,3.6434,6203.76,6371.2875,0.3222,5.9,12.6,9667667,11268168,,2024-W48,1902.28,0
2024-W46,2024-11-10,부산,02,SARS-CoV-2,6,472.23,2.6751,7418.92,12940.8375,0.8931,0.3,14.3,2961386,2961386,,2024-W48,2189.11,0
2024-W46,2024-11-10,대구,03,SARS-CoV-2,4,530.80,2.7257,696.57,5029.3100,0.3630,0.1,13.8,1948639,1948639,,2024-W48,763.32,0
2024-W46,2024-11-10,인천,04,SARS-CoV-2,6,1291.07,3.1113,1530.74,1580.2000,0.0816,6.5,13.2,2579599,2048237,,2024-W48,1773.30,0
2024-W46,2024-11-10,광주,05,SARS-CoV-2,3,2739.12,3.4378,2170.56,1984.7975,-2.6947,2.0,13.9,691807,691807,,2024-W48,791.38,0
2024-W46,2024-11-10,대전,06,SARS-CoV-2,2,306.03,2.4872,374.66,394.8850,0.0368,4.0,13.4,1439687,2913348,,2024-W48,694.16,1
2024-W46,2024-11-10,울산,07,SARS-CoV-2,4,6687.99,3.8254,4636.96,6254.2200,-1.0895,2.7,13.6,1218898,1218898,,2024-W48,6462.33,0
2024-W46,2024-11-10,세종,08,SARS-CoV-2,3,3019.92,3.4801,3446.83,25427.8850,0.3544,5.8,13.1,343577,336440,,2024-W48,2340.04,0
2024-W46,2024-11-10,경기,09,SARS-CoV-2,4,1690.31,3.2282,2081.00,1769.1350,0.4212,2.1,12.1,6563383,2478387,,2024-W48,1938.18,0
2024-W46,2024-11-10,강원,10,SARS-CoV-2,5,4181.06,3.6214,5045.01,4827.5525,0.5729,1.9,9.0,816637,733130,,2024-W48,1063.59,0
2024-W46,2024-11-10,충북,11,SARS-CoV-2,6,10507.63,4.0215,7768.56,7345.7100,-0.5472,5.8,12.3,374120,374120,,2024-W48,5431.49,0
2024-W46,2024-11-10,충남,12,SARS-CoV-2,6,34547.06,4.5384,30244.70,31071.5050,-0.5281,6.2,14.1,1408091,1132023,,2024-W48,15791.43,0
2024-W46,2024-11-10,전북,13,SARS-CoV-2,3,557.14,2.7467,952.67,846.1700,0.6948,2.3,13.2,1043386,652526,,2024-W48,2126.71,1
2024-W46,2024-11-10,전남,14,SARS-CoV-2,9,4081.60,3.6109,4192.72,3933.3250,-0.2149,3.7,14.1,1017979,945134,,2024-W48,2581.63,0
2024-W46,2024-11-10,경북,15,SARS-CoV-2,6,1451.00,3.1620,2341.31,2310.6825,0.5471,3.5,13.1,1287477,912078,,2024-W48,5513.73,1
2024-W46,2024-11-10,경남,16,SARS-CoV-2,4,4123.71,3.6154,4220.33,4745.0600,0.4227,0.8,13.4,1723394,1402770,,2024-W48,2825.85,0
2024-W46,2024-11-10,제주,17,SARS-CoV-2,8,235.10,2.3731,161.48,179.2150,-1.0481,74.5,13.2,563849,563849,,2024-W48,229.99,0
2024-W47,2024-11-17,서울,01,SARS-CoV-2,5,3421.00,3.5343,4769.60,5508.0675,0.2222,1.2,4.6,9667667,11268168,,2024-W49,3822.29,0
2024-W47,2024-11-17,부산,02,SARS-CoV-2,6,1359.10,3.1336,2082.86,5903.9700,-1.8781,0.0,8.2,2961386,2961386,,2024-W49,2708.40,0
2024-W47,2024-11-17,대구,03,SARS-CoV-2,4,2028.82,3.3075,1130.98,1029.6350,-2.8222,0.0,7.0,1948639,1948639,,2024-W49,4330.29,1
2024-W47,2024-11-17,인천,04,SARS-CoV-2,6,1387.58,3.1426,1361.47,1494.9550,-0.0748,1.6,5.1,2579599,2048237,,2024-W49,1470.60,0
2024-W47,2024-11-17,광주,05,SARS-CoV-2,3,731.20,2.8646,1403.89,1810.7200,0.7331,0.2,7.4,691807,691807,,2024-W49,860.93,0
2024-W47,2024-11-17,대전,06,SARS-CoV-2,2,419.73,2.6240,347.82,385.9300,-0.3715,0.4,6.3,1439687,2913348,,2024-W49,441.90,0
2024-W47,2024-11-17,울산,07,SARS-CoV-2,4,5585.25,3.7471,5158.02,4874.0300,0.1649,0.4,7.6,1218898,1218898,,2024-W49,4025.55,0
2024-W47,2024-11-17,세종,08,SARS-CoV-2,3,7296.69,3.8632,4998.11,4409.2925,-1.4162,0.8,5.7,343577,336440,,2024-W49,8978.44,1
2024-W47,2024-11-17,경기,09,SARS-CoV-2,4,1538.02,3.1872,2049.58,1945.2600,0.0901,0.0,4.0,6563383,2478387,,2024-W49,1120.28,0
2024-W47,2024-11-17,강원,10,SARS-CoV-2,5,4435.04,3.6470,6135.49,4892.5125,-0.0607,1.6,1.1,816637,733130,,2024-W49,2487.01,0
2024-W47,2024-11-17,충북,11,SARS-CoV-2,6,3284.15,3.5166,6861.13,6647.4600,0.6875,1.1,4.9,374120,374120,,2024-W49,4637.90,0
2024-W47,2024-11-17,충남,12,SARS-CoV-2,6,16791.70,4.2251,24648.65,26881.4475,0.5139,1.8,6.4,1408091,1132023,,2024-W49,21377.10,0
2024-W47,2024-11-17,전북,13,SARS-CoV-2,3,415.52,2.6196,932.66,818.3800,0.2542,1.5,5.6,1043386,652526,,2024-W49,12012.53,1
2024-W47,2024-11-17,전남,14,SARS-CoV-2,7,4717.50,3.6738,4052.94,4323.9100,-0.1558,0.4,7.1,1017979,645811,,2024-W49,3902.02,0
2024-W47,2024-11-17,경북,15,SARS-CoV-2,6,1642.59,3.2158,2099.15,2166.6275,-0.1320,0.1,6.7,1287477,912078,,2024-W49,1321.35,0
2024-W47,2024-11-17,경남,16,SARS-CoV-2,5,2094.44,3.3213,4453.88,3688.8575,0.4921,0.0,7.2,1723394,1657639,,2024-W49,3193.88,0
2024-W47,2024-11-17,제주,17,SARS-CoV-2,8,282.92,2.4532,210.93,191.8375,-0.2034,21.8,6.9,563849,563849,,2024-W49,157.01,0
2024-W48,2024-11-24,서울,01,SARS-CoV-2,5,1902.28,3.2795,3240.58,4052.7725,0.4439,32.9,2.1,9667667,11268168,,2024-W50,6327.42,1
2024-W48,2024-11-24,부산,02,SARS-CoV-2,6,2189.11,3.3405,1340.15,2109.4200,-0.6107,27.6,7.0,2961386,2961386,,2024-W50,1774.03,0
2024-W48,2024-11-24,대구,03,SARS-CoV-2,4,763.32,2.8833,1107.65,1039.0675,0.6238,23.6,6.2,1948639,1948639,,2024-W50,7526.76,1
2024-W48,2024-11-24,인천,04,SARS-CoV-2,5,1773.30,3.2490,1483.98,1464.4325,-0.2780,34.4,3.0,2579599,1849070,,2024-W50,1482.18,0
2024-W48,2024-11-24,광주,05,SARS-CoV-2,3,791.38,2.8989,1420.56,1250.7650,-0.0823,20.8,7.3,691807,691807,,2024-W50,567.64,0
2024-W48,2024-11-24,대전,06,SARS-CoV-2,2,694.16,2.8421,473.31,434.4075,-0.6538,22.9,5.2,1439687,2913348,,2024-W50,656.25,1
2024-W48,2024-11-24,울산,07,SARS-CoV-2,4,6462.33,3.8105,6245.19,5484.0950,-0.1570,20.2,6.5,1218898,1218898,,2024-W50,4043.41,0
2024-W48,2024-11-24,세종,08,SARS-CoV-2,3,2340.04,3.3694,4218.88,4333.5950,0.6793,30.7,4.5,343577,336440,,2024-W50,3113.20,0
2024-W48,2024-11-24,경기,09,SARS-CoV-2,4,1938.18,3.2876,1722.17,2021.7300,-0.2602,35.0,1.2,6563383,2478387,,2024-W50,1701.08,0
2024-W48,2024-11-24,강원,10,SARS-CoV-2,5,1063.59,3.0272,3226.57,4867.5125,0.7602,28.5,-1.3,816637,733130,,2024-W50,3100.33,0
2024-W48,2024-11-24,충북,11,SARS-CoV-2,6,5431.49,3.7350,6407.76,6503.7175,-0.6538,26.3,3.3,374120,374120,,2024-W50,27716.89,1
2024-W48,2024-11-24,충남,12,SARS-CoV-2,6,15791.43,4.1984,22376.73,22434.3475,0.0596,34.8,5.2,1408091,1132023,,2024-W50,28385.07,0
2024-W48,2024-11-24,전북,13,SARS-CoV-2,2,2126.71,3.3279,1033.12,1231.1700,-4.1182,54.1,4.6,1043386,635558,,2024-W50,1351.89,0
2024-W48,2024-11-24,전남,14,SARS-CoV-2,9,2581.63,3.4121,3793.58,3685.1100,0.4528,31.6,6.7,1017979,941751,,2024-W50,4067.87,0
2024-W48,2024-11-24,경북,15,SARS-CoV-2,6,5513.73,3.7415,2869.11,2952.7950,-2.3567,24.8,4.4,1287477,912078,,2024-W50,2180.21,0
2024-W48,2024-11-24,경남,16,SARS-CoV-2,3,2825.85,3.4513,3014.66,4046.8750,-0.3492,28.7,5.7,1723394,1089265,,2024-W50,1011.56,0
2024-W48,2024-11-24,제주,17,SARS-CoV-2,8,229.99,2.3636,249.34,215.7000,0.1871,70.7,5.8,563849,563849,,2024-W50,286.66,1
2024-W49,2024-12-01,서울,01,SARS-CoV-2,5,3822.29,3.5824,3048.53,3386.0050,-1.0093,0.5,0.8,9667667,11268168,,2024-W51,5679.04,1
2024-W49,2024-12-01,부산,02,SARS-CoV-2,6,2708.40,3.4329,2085.54,1682.2100,-0.2372,0.1,5.3,2961386,2961386,,2024-W51,,
2024-W49,2024-12-01,대구,03,SARS-CoV-2,4,4330.29,3.6366,2374.14,1913.3075,-4.6730,0.1,4.9,1948639,1948639,,2024-W51,3298.95,1
2024-W49,2024-12-01,인천,04,SARS-CoV-2,6,1470.60,3.1678,1543.83,1480.6375,0.1707,2.3,1.6,2579599,2048237,,2024-W51,2537.94,1
2024-W49,2024-12-01,광주,05,SARS-CoV-2,3,860.93,2.9355,794.50,1280.6575,-0.0879,1.0,5.9,691807,691807,,2024-W51,444.30,0
2024-W49,2024-12-01,대전,06,SARS-CoV-2,2,441.90,2.6463,518.60,465.4550,0.3634,1.2,4.3,1439687,2913348,,2024-W51,1999.00,1
2024-W49,2024-12-01,울산,07,SARS-CoV-2,4,4025.55,3.6049,5357.71,5690.2800,0.3771,0.6,4.4,1218898,1218898,,2024-W51,5628.92,0
2024-W49,2024-12-01,세종,08,SARS-CoV-2,3,8978.44,3.9532,6205.06,5408.7725,-2.8369,1.7,3.3,343577,336440,,2024-W51,9730.28,1
2024-W49,2024-12-01,경기,09,SARS-CoV-2,4,1120.28,3.0497,1532.16,1571.6975,0.4220,5.3,-0.1,6563383,2478387,,2024-W51,2432.70,1
2024-W49,2024-12-01,강원,10,SARS-CoV-2,5,2487.01,3.3959,2661.88,3041.6750,-1.3383,1.0,-2.1,816637,733130,,2024-W51,18571.51,1
2024-W49,2024-12-01,충북,11,SARS-CoV-2,6,4637.90,3.6664,4451.18,5965.2925,0.1461,0.9,2.1,374120,374120,,2024-W51,13231.42,1
2024-W49,2024-12-01,충남,12,SARS-CoV-2,6,21377.10,4.3300,17986.74,22126.8225,-0.3537,5.3,4.3,1408091,1132023,,2024-W51,33906.12,1
2024-W49,2024-12-01,전북,13,SARS-CoV-2,1,12012.53,4.0797,4851.58,3777.9750,-4.6484,3.1,3.8,1043386,626638,,2024-W51,1553.15,0
2024-W49,2024-12-01,전남,14,SARS-CoV-2,8,3902.02,3.5914,3733.72,3820.6875,-0.5115,1.1,5.2,1017979,894990,,2024-W51,6222.17,1
2024-W49,2024-12-01,경북,15,SARS-CoV-2,6,1321.35,3.1213,2825.89,2482.1675,0.7604,0.0,3.2,1287477,912078,,2024-W51,3530.60,1
2024-W49,2024-12-01,경남,16,SARS-CoV-2,2,3193.88,3.5045,2704.72,3059.4700,-0.1302,0.4,4.7,1723394,397932,,2024-W51,6943.16,1
2024-W49,2024-12-01,제주,17,SARS-CoV-2,8,157.01,2.1987,223.31,226.2550,0.3173,7.7,4.7,563849,563849,,2024-W51,328.14,1
2024-W50,2024-12-08,서울,01,SARS-CoV-2,5,6327.42,3.8013,4017.33,3868.2475,-0.6554,0.0,-1.0,9667667,11268168,,2024-W52,,
2024-W50,2024-12-08,부산,02,SARS-CoV-2,5,1774.03,3.2492,2223.85,2007.6600,0.3450,0.0,1.7,2961386,2812075,,2024-W52,,
2024-W50,2024-12-08,대구,03,SARS-CoV-2,4,7526.76,3.8767,4206.79,3662.2975,-0.7382,0.2,1.4,1948639,1948639,,2024-W52,,
2024-W50,2024-12-08,인천,04,SARS-CoV-2,6,1482.18,3.1712,1575.36,1528.4150,-0.0079,0.0,-0.4,2579599,2048237,,2024-W52,,
2024-W50,2024-12-08,광주,05,SARS-CoV-2,3,567.64,2.7548,739.98,737.7875,0.3407,1.8,2.7,691807,691807,,2024-W52,,
2024-W50,2024-12-08,대전,06,SARS-CoV-2,2,656.25,2.8177,597.44,553.0100,-0.4851,0.1,0.6,1439687,2913348,,2024-W52,,
2024-W50,2024-12-08,울산,07,SARS-CoV-2,4,4043.41,3.6069,4843.76,5029.1350,-0.0044,0.0,1.7,1218898,1218898,,2024-W52,,
2024-W50,2024-12-08,세종,08,SARS-CoV-2,3,3113.20,3.4933,4810.56,5432.0925,0.6533,0.0,-0.0,343577,336440,,2024-W52,,
2024-W50,2024-12-08,경기,09,SARS-CoV-2,4,1701.08,3.2310,1586.51,1574.3900,-0.5184,0.0,-2.0,6563383,2478387,,2024-W52,,
2024-W50,2024-12-08,강원,10,SARS-CoV-2,5,3100.33,3.4915,2216.98,2771.4925,-0.2466,0.2,-4.0,816637,733130,,2024-W52,,
2024-W50,2024-12-08,충북,11,SARS-CoV-2,6,27716.89,4.4428,12595.43,10267.6075,-4.9762,0.0,-1.0,374120,374120,,2024-W52,,
2024-W50,2024-12-08,충남,12,SARS-CoV-2,6,28385.07,4.4531,21851.20,20586.3250,-0.3278,0.0,1.1,1408091,1132023,,2024-W52,,
2024-W50,2024-12-08,전북,13,SARS-CoV-2,2,1351.89,3.1313,5163.71,3976.6625,0.8875,1.4,0.1,1043386,635558,,2024-W52,,
2024-W50,2024-12-08,전남,14,SARS-CoV-2,7,4067.87,3.6095,3517.17,3817.2550,-0.0425,0.3,1.7,1017979,649194,,2024-W52,,
2024-W50,2024-12-08,경북,15,SARS-CoV-2,6,2180.21,3.3387,3005.09,2664.4700,-0.6500,0.0,-0.3,1287477,912078,,2024-W52,,
2024-W50,2024-12-08,경남,16,SARS-CoV-2,3,1011.56,3.0054,2343.76,2281.4325,0.6833,0.6,0.8,1723394,711437,,2024-W52,,
2024-W50,2024-12-08,제주,17,SARS-CoV-2,8,286.66,2.4589,224.56,239.1450,-0.8257,12.4,1.7,563849,563849,,2024-W52,,
2024-W51,2024-12-15,서울,01,SARS-CoV-2,5,5679.04,3.7544,5276.25,4432.7575,0.1025,1.5,-1.9,9667667,11268168,,2025-W01,,
2024-W51,2024-12-15,부산,02,SARS-CoV-2,0,,,,2223.8467,,0.0,1.2,2961386,,no_measurement,2025-W01,,
2024-W51,2024-12-15,대구,03,SARS-CoV-2,4,3298.95,3.5185,5052.00,3979.8300,0.5617,1.3,0.8,1948639,1948639,,2025-W01,,
2024-W51,2024-12-15,인천,04,SARS-CoV-2,6,2537.94,3.4047,1830.24,1816.0050,-0.7123,2.6,-1.4,2579599,2048237,,2025-W01,,
2024-W51,2024-12-15,광주,05,SARS-CoV-2,3,444.30,2.6487,624.29,666.0625,0.2173,1.0,1.9,691807,691807,,2025-W01,,
2024-W51,2024-12-15,대전,06,SARS-CoV-2,2,1999.00,3.3010,1032.39,947.8275,-2.0461,2.8,0.0,1439687,2913348,,2025-W01,,
2024-W51,2024-12-15,울산,07,SARS-CoV-2,4,5628.92,3.7505,4565.96,5040.0525,-0.3921,0.3,0.6,1218898,1218898,,2025-W01,,
2024-W51,2024-12-15,세종,08,SARS-CoV-2,3,9730.28,3.9882,7273.97,6040.4900,-2.1255,1.9,-0.6,343577,336440,,2025-W01,,
2024-W51,2024-12-15,경기,09,SARS-CoV-2,4,2432.70,3.3863,1751.35,1798.0600,-0.4301,2.1,-2.8,6563383,2478387,,2025-W01,1918.67,0
2024-W51,2024-12-15,강원,10,SARS-CoV-2,5,18571.51,4.2689,8052.95,6305.6100,-4.9902,2.7,-5.4,816637,733130,,2025-W01,,
2024-W51,2024-12-15,충북,11,SARS-CoV-2,6,13231.42,4.1216,15195.40,12754.4250,0.5226,2.4,-1.5,374120,374120,,2025-W01,,
2024-W51,2024-12-15,충남,12,SARS-CoV-2,6,33906.12,4.5303,27889.43,24864.9300,-0.1945,2.6,0.1,1408091,1132023,,2025-W01,,
2024-W51,2024-12-15,전북,13,SARS-CoV-2,2,1553.15,3.1915,4972.52,4261.0700,-0.1489,6.6,-0.4,1043386,635558,,2025-W01,,
2024-W51,2024-12-15,전남,14,SARS-CoV-2,9,6222.17,3.7940,4730.68,4193.4225,-0.5296,0.3,1.1,1017979,948726,,2025-W01,,
2024-W51,2024-12-15,경북,15,SARS-CoV-2,6,3530.60,3.5480,2344.05,3136.4725,-0.6194,1.3,-0.6,1287477,912078,,2025-W01,,
2024-W51,2024-12-15,경남,16,SARS-CoV-2,5,6943.16,3.8416,3716.20,3493.6125,-5.8638,0.2,0.5,1723394,1657639,,2025-W01,42.18,0
2024-W51,2024-12-15,제주,17,SARS-CoV-2,8,328.14,2.5174,257.27,250.4500,-0.1447,15.3,0.6,563849,563849,,2025-W01,,
2024-W52,2024-12-22,서울,01,SARS-CoV-2,0,,,,5276.2500,,0.3,-3.0,9667667,,no_source_row,2025-W02,8665.86,1
2024-W52,2024-12-22,부산,02,SARS-CoV-2,0,,,,2241.2150,,0.0,0.3,2961386,,no_source_row,2025-W02,147.72,0
2024-W52,2024-12-22,대구,03,SARS-CoV-2,0,,,,5052.0000,,0.0,-0.2,1948639,,no_source_row,2025-W02,2267.00,0
2024-W52,2024-12-22,인천,04,SARS-CoV-2,0,,,,1830.2400,,0.0,-2.1,2579599,,no_source_row,2025-W02,1678.84,0
2024-W52,2024-12-22,광주,05,SARS-CoV-2,0,,,,624.2900,,1.6,1.5,691807,,no_source_row,2025-W02,42.10,0
2024-W52,2024-12-22,대전,06,SARS-CoV-2,0,,,,1032.3833,,1.3,-0.7,1439687,,no_source_row,2025-W02,16742.64,1
2024-W52,2024-12-22,울산,07,SARS-CoV-2,0,,,,4565.9600,,0.0,-0.1,1218898,,no_source_row,2025-W02,6801.05,1
2024-W52,2024-12-22,세종,08,SARS-CoV-2,0,,,,7273.9733,,0.5,-1.2,343577,,no_source_row,2025-W02,121.84,0
2024-W52,2024-12-22,경기,09,SARS-CoV-2,0,,,,1751.3533,,1.1,-4.1,6563383,,no_source_row,2025-W02,18180.32,1
2024-W52,2024-12-22,강원,10,SARS-CoV-2,0,,,,8052.9500,,0.0,-9.2,816637,,no_source_row,2025-W02,29504.40,1
2024-W52,2024-12-22,충북,11,SARS-CoV-2,0,,,,15195.4033,,0.6,-3.1,374120,,no_source_row,2025-W02,5615.42,0
2024-W52,2024-12-22,충남,12,SARS-CoV-2,0,,,,27889.4300,,1.2,-0.3,1408091,,no_source_row,2025-W02,31920.52,0
2024-W52,2024-12-22,전북,13,SARS-CoV-2,0,,,,4972.5233,,3.9,-1.2,1043386,,no_source_row,2025-W02,3623.68,0
2024-W52,2024-12-22,전남,14,SARS-CoV-2,0,,,,4730.6867,,1.1,0.7,1017979,,no_source_row,2025-W02,2172.54,0
2024-W52,2024-12-22,경북,15,SARS-CoV-2,0,,,,2344.0533,,0.0,-2.2,1287477,,no_source_row,2025-W02,32.81,0
2024-W52,2024-12-22,경남,16,SARS-CoV-2,0,,,,3716.2000,,0.0,-0.3,1723394,,no_source_row,2025-W02,84.07,0
2024-W52,2024-12-22,제주,17,SARS-CoV-2,0,,,,257.2700,,12.7,0.8,563849,,no_source_row,2025-W02,1051.43,1
2025-W01,2024-12-29,서울,01,SARS-CoV-2,0,,,,6003.2300,,0.4,-0.6,9667667,,no_source_row,2025-W03,8158.16,1
2025-W01,2024-12-29,부산,02,SARS-CoV-2,0,,,,,,0.0,1.4,2961386,,no_source_row,2025-W03,1181.23,
2025-W01,2024-12-29,대구,03,SARS-CoV-2,0,,,,5412.8550,,0.0,1.4,1948639,,no_source_row,2025-W03,2267.00,0
2025-W01,2024-12-29,인천,04,SARS-CoV-2,0,,,,2010.0600,,0.3,0.3,2579599,,no_source_row,2025-W03,2103.20,0
2025-W01,2024-12-29,광주,05,SARS-CoV-2,0,,,,505.9700,,0.0,2.3,691807,,no_source_row,2025-W03,4194.04,1
2025-W01,2024-12-29,대전,06,SARS-CoV-2,0,,,8371.32,1327.6250,,0.3,1.2,1439687,,no_measurement,2025-W03,18917.42,1
2025-W01,2024-12-29,울산,07,SARS-CoV-2,0,,,,4836.1650,,0.0,0.6,1218898,,no_source_row,2025-W03,7459.14,1
2025-W01,2024-12-29,세종,08,SARS-CoV-2,0,,,,6421.7400,,0.1,0.4,343577,,no_source_row,2025-W03,1792.09,0
2025-W01,2024-12-29,경기,09,SARS-CoV-2,4,1918.67,3.2832,10049.50,2017.4833,,0.1,-1.4,6563383,2478387,,2025-W03,16234.54,1
2025-W01,2024-12-29,강원,10,SARS-CoV-2,0,,,,10835.9200,,0.6,-5.2,816637,,no_source_row,2025-W03,12441.89,0
2025-W01,2024-12-29,충북,11,SARS-CoV-2,0,,,,20474.1550,,0.2,-0.5,374120,,no_source_row,2025-W03,13238.64,0
2025-W01,2024-12-29,충남,12,SARS-CoV-2,0,,,,31145.5950,,0.4,1.4,1408091,,no_source_row,2025-W03,27875.34,0
2025-W01,2024-12-29,전북,13,SARS-CoV-2,0,,,,1452.5200,,1.3,0.4,1043386,,no_source_row,2025-W03,631.04,0
2025-W01,2024-12-29,전남,14,SARS-CoV-2,0,,,,5145.0200,,0.0,1.8,1017979,,no_source_row,2025-W03,2133.25,0
2025-W01,2024-12-29,경북,15,SARS-CoV-2,0,,,,2855.4050,,0.0,-0.2,1287477,,no_source_row,2025-W03,1579.49,0
2025-W01,2024-12-29,경남,16,SARS-CoV-2,6,42.18,1.6353,63.13,2665.6333,,0.0,0.9,1723394,1723394,,2025-W03,2505.12,0
2025-W01,2024-12-29,제주,17,SARS-CoV-2,0,,,,307.4000,,0.2,0.7,563849,,no_source_row,2025-W03,486.60,1
2025-W02,2025-01-05,서울,01,SARS-CoV-2,5,8665.86,3.9379,8412.01,7172.4500,,10.2,-5.1,9667667,11268168,,2025-W04,8425.91,0
2025-W02,2025-01-05,부산,02,SARS-CoV-2,6,147.72,2.1724,664.47,,,0.8,-1.7,2961386,2961386,,2025-W04,1635.78,
2025-W02,2025-01-05,대구,03,SARS-CoV-2,4,2267.00,3.3556,2267.00,2782.9750,,0.9,-2.7,1948639,1948639,,2025-W04,,
2025-W02,2025-01-05,인천,04,SARS-CoV-2,7,1678.84,3.2253,1891.02,2108.3900,,8.3,-4.9,2579599,2313918,,2025-W04,2584.82,0
2025-W02,2025-01-05,광주,05,SARS-CoV-2,3,42.10,1.6345,2118.07,243.2000,,5.3,-1.6,691807,691807,,2025-W04,456.27,1
2025-W02,2025-01-05,대전,06,SARS-CoV-2,5,16742.64,4.2238,17830.03,9370.8200,,1.8,-2.5,1439687,1439687,,2025-W04,11186.41,0
2025-W02,2025-01-05,울산,07,SARS-CoV-2,4,6801.05,3.8326,7130.09,6214.9850,,0.5,-1.7,1218898,1218898,,2025-W04,4465.63,0
2025-W02,2025-01-05,세종,08,SARS-CoV-2,4,121.84,2.0893,956.97,4926.0600,,3.0,-3.0,343577,343577,,2025-W04,2026.31,0
2025-W02,2025-01-05,경기,09,SARS-CoV-2,4,18180.32,4.2596,12111.18,7510.5633,8.4755,6.0,-5.9,6563383,2478387,,2025-W04,13443.24,1
2025-W02,2025-01-05,강원,10,SARS-CoV-2,6,29504.40,4.4699,20973.14,24037.9550,,4.4,-10.8,816637,816637,,2025-W04,8345.22,0
2025-W02,2025-01-05,충북,11,SARS-CoV-2,6,5615.42,3.7495,9427.03,9423.4200,,1.7,-5.2,374120,374120,,2025-W04,3728.53,0
2025-W02,2025-01-05,충남,12,SARS-CoV-2,8,31920.52,4.5041,29897.93,32913.3200,,5.9,-2.3,1408091,1266129,,2025-W04,20833.51,0
2025-W02,2025-01-05,전북,13,SARS-CoV-2,4,3623.68,3.5593,2127.36,2588.4150,,8.1,-3.9,1043386,906026,,2025-W04,996.97,0
2025-W02,2025-01-05,전남,14,SARS-CoV-2,10,2172.54,3.3372,2152.90,4197.3550,,3.7,-2.0,1017979,995487,,2025-W04,1435.06,0
2025-W02,2025-01-05,경북,15,SARS-CoV-2,8,32.81,1.5290,806.15,1781.7050,,7.1,-4.1,1287477,1173671,,2025-W04,1218.28,0
2025-W02,2025-01-05,경남,16,SARS-CoV-2,6,84.07,1.9298,877.12,2356.4700,0.9930,0.7,-2.5,1723394,1723394,,2025-W04,2841.60,0
2025-W02,2025-01-05,제주,17,SARS-CoV-2,8,1051.43,3.0222,769.01,689.7850,,34.9,-1.3,563849,563849,,2025-W04,407.20,0
2025-W03,2025-01-12,서울,01,SARS-CoV-2,5,8158.16,3.9116,8416.64,8412.0100,-0.0586,1.3,-2.0,9667667,11268168,,2025-W05,6239.20,0
2025-W03,2025-01-12,부산,02,SARS-CoV-2,6,1181.23,3.0727,988.24,664.4750,6.9963,0.0,0.1,2961386,2961386,,2025-W05,545.44,0
2025-W03,2025-01-12,대구,03,SARS-CoV-2,4,2267.00,3.3556,2234.57,2267.0000,0.0000,0.0,0.3,1948639,1948639,,2025-W05,2169.69,0
2025-W03,2025-01-12,인천,04,SARS-CoV-2,7,2103.20,3.3231,2122.29,1891.0200,0.2528,0.4,-1.3,2579599,2313918,,2025-W05,2217.87,0
2025-W03,2025-01-12,광주,05,SARS-CoV-2,3,4194.04,3.6227,1564.13,2118.0700,98.6232,0.0,0.5,691807,691807,,2025-W05,1048.34,0
2025-W03,2025-01-12,대전,06,SARS-CoV-2,5,18917.42,4.2769,15615.49,17830.0300,0.1299,0.0,-0.1,1439687,1439687,,2025-W05,12539.85,0
2025-W03,2025-01-12,울산,07,SARS-CoV-2,4,7459.14,3.8727,6241.94,7130.0950,0.0968,0.0,-0.1,1218898,1218898,,2025-W05,7643.23,0
2025-W03,2025-01-12,세종,08,SARS-CoV-2,4,1792.09,3.2536,1313.42,956.9650,13.7082,0.2,-0.8,343577,343577,,2025-W05,5797.84,1
2025-W03,2025-01-12,경기,09,SARS-CoV-2,4,16234.54,4.2105,15952.70,12111.1767,-0.1070,1.5,-2.7,6563383,2478387,,2025-W05,16285.91,1
2025-W03,2025-01-12,강원,10,SARS-CoV-2,6,12441.89,4.0949,16763.83,20973.1450,-0.5783,1.0,-7.8,816637,816637,,2025-W05,31725.89,1
2025-W03,2025-01-12,충북,11,SARS-CoV-2,6,13238.64,4.1219,7527.53,9427.0300,1.3576,0.4,-1.8,374120,374120,,2025-W05,4522.47,0
2025-W03,2025-01-12,충남,12,SARS-CoV-2,8,27875.34,4.4452,26876.46,29897.9300,-0.1267,0.7,0.0,1408091,1266129,,2025-W05,10307.59,0
2025-W03,2025-01-12,전북,13,SARS-CoV-2,3,631.04,2.8007,1750.56,2127.3600,-0.8259,0.5,-0.9,1043386,889058,,2025-W05,321.07,0
2025-W03,2025-01-12,전남,14,SARS-CoV-2,11,2133.25,3.3292,1913.62,2152.8950,-0.0181,0.0,0.1,1017979,1017979,,2025-W05,1791.48,0
2025-W03,2025-01-12,경북,15,SARS-CoV-2,8,1579.49,3.1988,943.53,806.1500,47.1395,0.0,-1.2,1287477,1173671,,2025-W05,687.06,0
2025-W03,2025-01-12,경남,16,SARS-CoV-2,6,2505.12,3.3990,1810.26,877.1233,28.7967,0.0,-0.4,1723394,1723394,,2025-W05,4583.39,1
2025-W03,2025-01-12,제주,17,SARS-CoV-2,8,486.60,2.6881,648.41,769.0150,-0.5372,9.8,-1.1,563849,563849,,2025-W05,215.53,0
2025-W04,2025-01-19,서울,01,SARS-CoV-2,5,8425.91,3.9257,7607.76,8416.6433,0.0328,0.3,0.8,9667667,11268168,,2025-W06,4240.78,0
2025-W04,2025-01-19,부산,02,SARS-CoV-2,6,1635.78,3.2140,1120.82,988.2433,0.3848,0.1,3.2,2961386,2961386,,2025-W06,1932.83,1
2025-W04,2025-01-19,대구,03,SARS-CoV-2,0,,,,2267.0000,,0.0,3.1,1948639,,no_measurement,2025-W06,3989.14,1
2025-W04,2025-01-19,인천,04,SARS-CoV-2,7,2584.82,3.4126,2301.96,2122.2867,0.2290,0.0,1.2,2579599,2313918,,2025-W06,1275.07,0
2025-W04,2025-01-19,광주,05,SARS-CoV-2,3,456.27,2.6602,1899.55,1564.1367,-0.8912,0.0,2.5,691807,691807,,2025-W06,1251.49,0
2025-W04,2025-01-19,대전,06,SARS-CoV-2,5,11186.41,4.0487,14214.56,15615.4900,-0.4087,0.0,2.1,1439687,1439687,,2025-W06,25677.92,1
2025-W04,2025-01-19,울산,07,SARS-CoV-2,4,4465.63,3.6500,6522.67,6241.9400,-0.4013,0.8,2.6,1218898,1218898,,2025-W06,4813.65,0
2025-W04,2025-01-19,세종,08,SARS-CoV-2,4,2026.31,3.3069,3205.42,1313.4133,0.1307,0.0,0.8,343577,343577,,2025-W06,6898.01,1
2025-W04,2025-01-19,경기,09,SARS-CoV-2,4,13443.24,4.1285,15321.23,12444.1925,-0.1719,0.0,0.2,6563383,2478387,,2025-W06,10852.16,0
2025-W04,2025-01-19,강원,10,SARS-CoV-2,6,8345.22,3.9215,17504.33,16763.8367,-0.3293,0.3,-3.2,816637,816637,,2025-W06,10786.86,0
2025-W04,2025-01-19,충북,11,SARS-CoV-2,6,3728.53,3.5717,7163.21,7527.5300,-0.7184,0.0,0.6,374120,374120,,2025-W06,13300.72,1
2025-W04,2025-01-19,충남,12,SARS-CoV-2,8,20833.51,4.3188,19672.14,26876.4567,-0.2526,0.0,2.2,1408091,1266129,,2025-W06,9420.43,0
2025-W04,2025-01-19,전북,13,SARS-CoV-2,2,996.97,2.9991,649.69,1750.5633,0.5799,0.0,1.8,1043386,635558,,2025-W06,583.98,0
2025-W04,2025-01-19,전남,14,SARS-CoV-2,10,1435.06,3.1572,1786.59,1913.6167,-0.3273,0.0,2.5,1017979,965488,,2025-W06,1847.91,0
2025-W04,2025-01-19,경북,15,SARS-CoV-2,7,1218.28,3.0861,1161.61,943.5267,-0.2287,0.0,1.1,1287477,1135415,,2025-W06,,
2025-W04,2025-01-19,경남,16,SARS-CoV-2,6,2841.60,3.4537,3310.04,1368.2425,0.1343,0.0,2.3,1723394,1723394,,2025-W06,1056.37,0
2025-W04,2025-01-19,제주,17,SARS-CoV-2,8,407.20,2.6109,369.78,648.4100,-0.1632,3.7,2.0,563849,563849,,2025-W06,532.17,0
2025-W05,2025-01-26,서울,01,SARS-CoV-2,5,6239.20,3.7952,6301.96,7872.2825,-0.2595,7.5,-2.5,9667667,11268168,,2025-W07,3061.84,0
2025-W05,2025-01-26,부산,02,SARS-CoV-2,4,545.44,2.7375,1371.35,877.5425,-0.6666,21.4,1.5,2961386,1215613,,2025-W07,1376.89,1
2025-W05,2025-01-26,대구,03,SARS-CoV-2,4,2169.69,3.3366,2808.61,2234.5633,-0.0429,11.8,0.8,1948639,1948639,,2025-W07,2397.97,0
2025-W05,2025-01-26,인천,04,SARS-CoV-2,7,2217.87,3.3461,2025.92,2146.1825,-0.1420,10.6,-2.0,2579599,2313918,,2025-W07,672.11,0
2025-W05,2025-01-26,광주,05,SARS-CoV-2,3,1048.34,3.0209,918.70,1435.1875,1.2977,23.4,1.2,691807,691807,,2025-W07,5780.45,1
2025-W05,2025-01-26,대전,06,SARS-CoV-2,5,12539.85,4.0983,16468.06,14846.5800,0.1210,8.6,-0.2,1439687,1439687,,2025-W07,13186.94,0
2025-W05,2025-01-26,울산,07,SARS-CoV-2,4,7643.23,3.8833,5640.84,6592.2625,0.7116,15.9,1.6,1218898,1218898,,2025-W07,5723.44,0
2025-W05,2025-01-26,세종,08,SARS-CoV-2,4,5797.84,3.7633,4907.39,2434.5200,1.8613,5.5,-0.6,343577,343577,,2025-W07,2453.53,0
2025-W05,2025-01-26,경기,09,SARS-CoV-2,4,16285.91,4.2118,13527.10,16036.0025,0.2115,12.2,-3.5,6563383,2478387,,2025-W07,11198.49,0
2025-W05,2025-01-26,강원,10,SARS-CoV-2,3,31725.89,4.5014,16952.65,20504.3500,2.8017,12.7,-6.9,816637,536638,,2025-W07,15963.15,0
2025-W05,2025-01-26,충북,11,SARS-CoV-2,6,4522.47,3.6555,7183.91,6776.2650,0.2129,11.2,-2.3,374120,374120,,2025-W07,1470.86,0
2025-W05,2025-01-26,충남,12,SARS-CoV-2,8,10307.59,4.0132,13520.51,22734.2400,-0.5052,9.4,-0.4,1408091,1266129,,2025-W07,8086.01,0
2025-W05,2025-01-26,전북,13,SARS-CoV-2,3,321.07,2.5080,634.00,1393.1900,-0.6780,23.7,-1.1,1043386,279388,,2025-W07,596.54,0
2025-W05,2025-01-26,전남,14,SARS-CoV-2,10,1791.48,3.2535,1691.48,1883.0825,0.2484,26.6,0.5,1017979,965488,,2025-W07,2280.84,0
2025-W05,2025-01-26,경북,15,SARS-CoV-2,7,687.06,2.8376,952.67,879.4100,-0.4360,4.8,-0.9,1287477,950334,,2025-W07,1006.95,0
2025-W05,2025-01-26,경남,16,SARS-CoV-2,6,4583.39,3.6613,2827.12,2503.5450,0.6130,17.0,0.3,1723394,1723394,,2025-W07,1228.31,0
2025-W05,2025-01-26,제주,17,SARS-CoV-2,8,215.53,2.3355,384.97,540.1900,-0.4707,89.8,-0.7,563849,563849,,2025-W07,437.20,0
2025-W06,2025-02-02,서울,01,SARS-CoV-2,5,4240.78,3.6275,4513.94,6766.0125,-0.3203,1.9,-7.1,9667667,11268168,,2025-W08,7832.66,0
2025-W06,2025-02-02,부산,02,SARS-CoV-2,6,1932.83,3.2864,1285.05,1323.8200,2.5436,0.3,-2.3,2961386,2961386,,2025-W08,1807.57,1
2025-W06,2025-02-02,대구,03,SARS-CoV-2,4,3989.14,3.6010,2852.27,2808.6100,0.8386,1.3,-3.6,1948639,1948639,,2025-W08,2146.96,0
2025-W06,2025-02-02,인천,04,SARS-CoV-2,7,1275.07,3.1059,1388.35,2045.2400,-0.4251,1.8,-6.3,2579599,2313918,,2025-W08,1829.49,0
2025-W06,2025-02-02,광주,05,SARS-CoV-2,3,1251.49,3.0978,2693.43,1737.5350,0.1938,2.5,-3.2,691807,691807,,2025-W08,3349.42,1
2025-W06,2025-02-02,대전,06,SARS-CoV-2,4,25677.92,4.4096,17134.90,17080.4000,1.0477,5.0,-4.6,1439687,1402807,,2025-W08,17245.91,0
2025-W06,2025-02-02,울산,07,SARS-CoV-2,4,4813.65,3.6826,6060.11,6095.4125,-0.3702,0.4,-2.5,1218898,1218898,,2025-W08,9852.77,1
2025-W06,2025-02-02,세종,08,SARS-CoV-2,4,6898.01,3.8388,5049.79,4128.5625,0.1898,1.5,-4.8,343577,343577,,2025-W08,3940.80,0
2025-W06,2025-02-02,경기,09,SARS-CoV-2,4,10852.16,4.0356,12778.85,14203.9625,-0.3336,2.0,-8.3,6563383,2478387,,2025-W08,13974.89,0
2025-W06,2025-02-02,강원,10,SARS-CoV-2,6,10786.86,4.0329,19491.96,15824.9650,-0.6600,2.0,-11.5,816637,816637,,2025-W08,9738.99,0
2025-W06,2025-02-02,충북,11,SARS-CoV-2,6,13300.72,4.1239,6431.35,8697.5900,1.9410,1.5,-6.7,374120,374120,,2025-W08,5339.62,0
2025-W06,2025-02-02,충남,12,SARS-CoV-2,8,9420.43,3.9741,9271.34,17109.2175,-0.0861,3.0,-4.5,1408091,1266129,,2025-W08,25679.85,1
2025-W06,2025-02-02,전북,13,SARS-CoV-2,2,583.98,2.7671,500.53,633.2650,0.8189,9.4,-6.0,1043386,635558,,2025-W08,439.29,0
2025-W06,2025-02-02,전남,14,SARS-CoV-2,11,1847.91,3.2669,1973.41,1801.9250,0.0315,3.6,-3.7,1017979,1017979,,2025-W08,1451.95,0
2025-W06,2025-02-02,경북,15,SARS-CoV-2,0,,,847.01,1161.6100,,0.6,-5.5,1287477,,no_measurement,2025-W08,612.55,0
2025-W06,2025-02-02,경남,16,SARS-CoV-2,6,1056.37,3.0242,2289.36,2746.6200,-0.7695,0.2,-3.2,1723394,1723394,,2025-W08,3579.63,1
2025-W06,2025-02-02,제주,17,SARS-CoV-2,8,532.17,2.7269,394.97,410.3750,1.4691,27.0,-3.0,563849,563849,,2025-W08,277.02,0
2025-W07,2025-02-09,서울,01,SARS-CoV-2,5,3061.84,3.4861,5045.09,5491.9325,-0.2780,2.5,-1.8,9667667,11268168,,2025-W09,5467.79,0
2025-W07,2025-02-09,부산,02,SARS-CoV-2,6,1376.89,3.1392,1705.76,1372.7350,-0.2876,8.3,0.5,2961386,2961386,,2025-W09,4826.29,1
2025-W07,2025-02-09,대구,03,SARS-CoV-2,4,2397.97,3.3800,2844.69,2852.2667,-0.3989,6.2,0.4,1948639,1948639,,2025-W09,1052.87,0
2025-W07,2025-02-09,인천,04,SARS-CoV-2,7,672.11,2.8281,1258.89,1687.4675,-0.4729,3.3,-0.6,2579599,2313918,,2025-W09,2242.49,1
2025-W07,2025-02-09,광주,05,SARS-CoV-2,3,5780.45,3.7620,3460.45,2134.1375,3.6189,9.0,0.5,691807,691807,,2025-W09,5357.15,1
2025-W07,2025-02-09,대전,06,SARS-CoV-2,5,13186.94,4.1202,18703.59,15647.7800,-0.4864,6.8,-0.2,1439687,1439687,,2025-W09,28291.95,1
2025-W07,2025-02-09,울산,07,SARS-CoV-2,4,5723.44,3.7577,6796.62,5661.4875,0.1890,9.5,0.2,1218898,1218898,,2025-W09,8980.45,1
2025-W07,2025-02-09,세종,08,SARS-CoV-2,4,2453.53,3.3900,4430.78,4293.9225,-0.6443,6.8,-1.2,343577,343577,,2025-W09,8396.33,1
2025-W07,2025-02-09,경기,09,SARS-CoV-2,4,11198.49,4.0492,12008.51,12944.9500,0.0319,2.2,-4.0,6563383,2478387,,2025-W09,22371.39,1
2025-W07,2025-02-09,강원,10,SARS-CoV-2,6,15963.15,4.2031,12163.00,16705.2800,0.4799,2.0,-6.1,816637,816637,,2025-W09,6349.07,0
2025-W07,2025-02-09,충북,11,SARS-CoV-2,6,1470.86,3.1679,6703.73,5755.6450,-0.8894,4.9,-3.0,374120,374120,,2025-W09,7810.46,1
2025-W07,2025-02-09,충남,12,SARS-CoV-2,8,8086.01,3.9078,14395.43,12161.8850,-0.1417,7.3,0.2,1408091,1266129,,2025-W09,37385.70,1
2025-W07,2025-02-09,전북,13,SARS-CoV-2,3,596.54,2.7764,539.94,624.6400,0.0215,9.7,-1.9,1043386,652526,,2025-W09,1053.25,1
2025-W07,2025-02-09,전남,14,SARS-CoV-2,10,2280.84,3.3583,1860.23,1838.8225,0.2343,9.1,0.4,1017979,995487,,2025-W09,1542.19,0
2025-W07,2025-02-09,경북,15,SARS-CoV-2,8,1006.95,3.0034,809.75,970.7633,,3.5,-1.2,1287477,1173671,,2025-W09,895.88,0
2025-W07,2025-02-09,경남,16,SARS-CoV-2,6,1228.31,3.0897,1954.77,2427.4175,0.1628,9.3,-0.3,1723394,1723394,,2025-W09,2823.65,0
2025-W07,2025-02-09,제주,17,SARS-CoV-2,8,437.20,2.6417,415.46,398.0250,-0.1784,29.1,-0.8,563849,563849,,2025-W09,836.94,1
2025-W08,2025-02-16,서울,01,SARS-CoV-2,5,7832.66,3.8940,5454.10,5343.6200,1.5582,0.0,-2.2,9667667,11268168,,2025-W10,9723.26,1
2025-W08,2025-02-16,부산,02,SARS-CoV-2,6,1807.57,3.2573,2670.25,1415.6825,0.3128,0.0,0.1,2961386,2961386,,2025-W10,8323.85,1
2025-W08,2025-02-16,대구,03,SARS-CoV-2,4,2146.96,3.3320,1865.93,2675.9400,-0.1047,0.0,-0.2,1948639,1948639,,2025-W10,11393.88,1
2025-W08,2025-02-16,인천,04,SARS-CoV-2,7,1829.49,3.2626,1581.36,1498.6350,1.7220,0.1,-1.7,2579599,2313918,,2025-W10,1105.32,0
2025-W08,2025-02-16,광주,05,SARS-CoV-2,3,3349.42,3.5251,4829.01,2857.4250,-0.4206,0.2,0.4,691807,691807,,2025-W10,694.60,0
2025-W08,2025-02-16,대전,06,SARS-CoV-2,5,17245.91,4.2367,19574.93,17162.6550,0.3078,0.1,-0.8,1439687,1439687,,2025-W10,34146.29,1
2025-W08,2025-02-16,울산,07,SARS-CoV-2,4,9852.77,3.9936,8185.55,7008.2725,0.7215,0.0,0.2,1218898,1218898,,2025-W10,18963.17,1
2025-W08,2025-02-16,세종,08,SARS-CoV-2,4,3940.80,3.5957,4930.22,4772.5450,0.6062,0.1,-1.1,343577,343577,,2025-W10,11275.56,1
2025-W08,2025-02-16,경기,09,SARS-CoV-2,4,13974.89,4.1454,15848.26,13077.8625,0.2479,0.0,-2.8,6563383,2478387,,2025-W10,19294.79,1
2025-W08,2025-02-16,강원,10,SARS-CoV-2,5,9738.99,3.9886,10683.74,17053.7225,-0.3899,0.2,-7.1,816637,795516,,2025-W10,12736.46,0
2025-W08,2025-02-16,충북,11,SARS-CoV-2,6,5339.62,3.7276,4873.65,6158.4175,2.6303,0.0,-2.1,374120,374120,,2025-W10,9997.50,1
2025-W08,2025-02-16,충남,12,SARS-CoV-2,8,25679.85,4.4096,23717.19,13373.4700,2.1758,0.2,-0.8,1408091,1266129,,2025-W10,12080.78,0
2025-W08,2025-02-16,전북,13,SARS-CoV-2,4,439.29,2.6437,696.36,485.2200,-0.2636,0.3,-2.1,1043386,906026,,2025-W10,1386.05,1
2025-W08,2025-02-16,전남,14,SARS-CoV-2,9,1451.95,3.1623,1758.32,1843.0450,-0.3634,0.0,-0.7,1017979,958881,,2025-W10,651.26,0
2025-W08,2025-02-16,경북,15,SARS-CoV-2,7,612.55,2.7878,838.46,768.8533,-0.3917,0.0,-1.7,1287477,1005628,,2025-W10,928.61,0
2025-W08,2025-02-16,경남,16,SARS-CoV-2,6,3579.63,3.5540,2543.86,2611.9250,1.9143,0.0,-0.4,1723394,1723394,,2025-W10,2357.06,0
2025-W08,2025-02-16,제주,17,SARS-CoV-2,8,277.02,2.4441,517.05,365.4800,-0.3664,1.8,-1.0,563849,563849,,2025-W10,855.50,1
2025-W09,2025-02-23,서울,01,SARS-CoV-2,5,5467.79,3.7379,7674.57,5150.7675,-0.3019,2.7,1.1,9667667,11268168,,2025-W11,7810.70,1
2025-W09,2025-02-23,부산,02,SARS-CoV-2,6,4826.29,3.6837,4985.90,2485.8950,1.6700,0.7,4.0,2961386,2961386,,2025-W11,2093.98,0
2025-W09,2025-02-23,대구,03,SARS-CoV-2,4,1052.87,3.0228,4864.57,2396.7350,-0.5096,0.0,4.3,1948639,1948639,,2025-W11,4377.99,1
2025-W09,2025-02-23,인천,04,SARS-CoV-2,7,2242.49,3.3509,1725.77,1504.7900,0.2257,2.2,1.7,2579599,2313918,,2025-W11,3212.37,1
2025-W09,2025-02-23,광주,05,SARS-CoV-2,3,5357.15,3.7290,3133.72,3934.6275,0.5994,1.3,3.8,691807,691807,,2025-W11,3808.56,0
2025-W09,2025-02-23,대전,06,SARS-CoV-2,5,28291.95,4.4517,26561.38,21100.6800,0.6405,0.9,2.5,1439687,1439687,,2025-W11,39772.53,1
2025-W09,2025-02-23,울산,07,SARS-CoV-2,4,8980.45,3.9533,12598.80,7342.5775,-0.0885,2.0,3.8,1218898,1218898,,2025-W11,10905.11,1
2025-W09,2025-02-23,세종,08,SARS-CoV-2,4,8396.33,3.9241,7870.90,5422.1675,1.1306,2.1,1.5,343577,343577,,2025-W11,3060.76,0
2025-W09,2025-02-23,경기,09,SARS-CoV-2,4,22371.39,4.3497,18547.02,14599.2325,0.6008,1.6,0.5,6563383,2478387,,2025-W11,19660.54,1
2025-W09,2025-02-23,강원,10,SARS-CoV-2,6,6349.07,3.8028,9608.18,10709.5175,-0.3481,0.6,-2.6,816637,816637,,2025-W11,24697.38,1
2025-W09,2025-02-23,충북,11,SARS-CoV-2,6,7810.46,3.8927,7715.86,6980.4150,0.4627,1.6,0.8,374120,374120,,2025-W11,26034.10,1
2025-W09,2025-02-23,충남,12,SARS-CoV-2,8,37385.70,4.5727,25048.77,20142.9975,0.4558,3.1,2.4,1408091,1266129,,2025-W11,42954.59,1
2025-W09,2025-02-23,전북,13,SARS-CoV-2,3,1053.25,3.0229,959.53,668.2650,1.3976,2.8,1.9,1043386,889058,,2025-W11,1090.91,1
2025-W09,2025-02-23,전남,14,SARS-CoV-2,11,1542.19,3.1884,1215.13,1780.7225,0.0622,3.0,3.0,1017979,1017979,,2025-W11,939.04,0
2025-W09,2025-02-23,경북,15,SARS-CoV-2,8,895.88,2.9527,812.35,838.4600,0.4625,0.0,2.0,1287477,1173671,,2025-W11,2132.64,1
2025-W09,2025-02-23,경남,16,SARS-CoV-2,6,2823.65,3.4510,2920.11,2171.9900,-0.2112,1.9,3.1,1723394,1723394,,2025-W11,14437.26,1
2025-W09,2025-02-23,제주,17,SARS-CoV-2,8,836.94,2.9232,656.49,520.8325,2.0212,18.5,2.0,563849,563849,,2025-W11,679.19,1
2025-W10,2025-03-02,서울,01,SARS-CoV-2,5,9723.26,3.9879,7667.25,6521.3875,0.7783,28.3,2.9,9667667,11268168,,2025-W12,21224.44,1
2025-W10,2025-03-02,부산,02,SARS-CoV-2,6,8323.85,3.9204,5081.37,4083.6500,0.7247,34.5,5.9,2961386,2961386,,2025-W12,2335.89,0
2025-W10,2025-03-02,대구,03,SARS-CoV-2,4,11393.88,4.0567,5608.25,4247.9200,9.8218,35.8,5.1,1948639,1948639,,2025-W12,3947.35,0
2025-W10,2025-03-02,인천,04,SARS-CoV-2,6,1105.32,3.0439,2186.73,1462.3525,-0.5071,35.4,3.2,2579599,2052131,,2025-W12,4691.20,1
2025-W10,2025-03-02,광주,05,SARS-CoV-2,3,694.60,2.8424,3286.77,3795.4050,-0.8703,27.4,6.3,691807,691807,,2025-W12,44145.69,1
2025-W10,2025-03-02,대전,06,SARS-CoV-2,5,34146.29,4.5334,34070.26,23217.7725,0.2069,39.4,4.4,1439687,1439687,,2025-W12,27225.58,0
2025-W10,2025-03-02,울산,07,SARS-CoV-2,4,18963.17,4.2779,12949.58,10879.9575,1.1116,56.3,5.6,1218898,1218898,,2025-W12,49267.35,1
2025-W10,2025-03-02,세종,08,SARS-CoV-2,4,11275.56,4.0522,7577.55,6516.5550,0.3429,40.1,4.0,343577,343577,,2025-W12,4696.76,0
2025-W10,2025-03-02,경기,09,SARS-CoV-2,4,19294.79,4.2855,20442.24,16709.8900,-0.1375,28.3,2.2,6563383,2478387,,2025-W12,20840.12,0
2025-W10,2025-03-02,강원,10,SARS-CoV-2,6,12736.46,4.1051,14594.31,11196.9175,1.0060,35.5,-2.5,816637,816637,,2025-W12,38121.25,1
2025-W10,2025-03-02,충북,11,SARS-CoV-2,6,9997.50,3.9999,14614.02,6154.6100,0.2800,35.5,2.8,374120,374120,,2025-W12,6948.16,0
2025-W10,2025-03-02,충남,12,SARS-CoV-2,8,12080.78,4.0821,30807.02,20808.0850,-0.6769,41.3,4.2,1408091,1266129,,2025-W12,31027.48,1
2025-W10,2025-03-02,전북,13,SARS-CoV-2,2,1386.05,3.1421,1176.73,868.7825,0.3160,50.6,4.1,1043386,270468,,2025-W12,2409.07,1
2025-W10,2025-03-02,전남,14,SARS-CoV-2,4,651.26,2.8144,1044.17,1481.5600,-0.5777,24.5,5.2,1017979,609884,,2025-W12,3870.52,1
2025-W10,2025-03-02,경북,15,SARS-CoV-2,8,928.61,2.9683,1319.04,860.9975,0.0365,39.6,3.2,1287477,1173671,,2025-W12,1788.28,1
2025-W10,2025-03-02,경남,16,SARS-CoV-2,6,2357.06,3.3726,6539.32,2497.1625,-0.1652,34.8,4.7,1723394,1723394,,2025-W12,5433.45,1
2025-W10,2025-03-02,제주,17,SARS-CoV-2,8,855.50,2.9327,790.54,601.6650,0.0222,94.7,5.0,563849,563849,,2025-W12,1863.18,1
2025-W11,2025-03-09,서울,01,SARS-CoV-2,5,7810.70,3.8927,12919.47,7708.6025,-0.1967,0.5,7.0,9667667,11268168,,2025-W13,44481.32,1
2025-W11,2025-03-09,부산,02,SARS-CoV-2,5,2093.98,3.3212,4251.24,4262.9225,-0.7484,4.2,8.0,2961386,2095713,,2025-W13,2550.23,0
2025-W11,2025-03-09,대구,03,SARS-CoV-2,4,4377.99,3.6414,6573.07,4742.9250,-0.6158,3.1,8.6,1948639,1948639,,2025-W13,11018.56,1
2025-W11,2025-03-09,인천,04,SARS-CoV-2,7,3212.37,3.5070,3002.96,2097.4175,1.9063,0.3,6.8,2579599,2313918,,2025-W13,6916.56,1
2025-W11,2025-03-09,광주,05,SARS-CoV-2,3,3808.56,3.5809,16216.29,3302.4325,4.4831,5.2,8.4,691807,691807,,2025-W13,20404.49,1
2025-W11,2025-03-09,대전,06,SARS-CoV-2,5,39772.53,4.5996,33714.80,29864.1700,0.1648,0.7,7.6,1439687,1439687,,2025-W13,23673.87,0
2025-W11,2025-03-09,울산,07,SARS-CoV-2,4,10905.11,4.0377,26378.55,12175.3750,-0.4249,4.9,7.4,1218898,1218898,,2025-W13,20874.96,1
2025-W11,2025-03-09,세종,08,SARS-CoV-2,4,3060.76,3.4860,6344.36,6668.3625,-0.7285,0.2,7.1,343577,343577,,2025-W13,8614.54,0
2025-W11,2025-03-09,경기,09,SARS-CoV-2,4,19660.54,4.2936,19931.82,18825.4025,0.0190,0.0,6.0,6563383,2478387,,2025-W13,14993.83,0
2025-W11,2025-03-09,강원,10,SARS-CoV-2,6,24697.38,4.3927,25185.03,13380.4750,0.9391,0.3,1.7,816637,816637,,2025-W13,46401.62,1
2025-W11,2025-03-09,충북,11,SARS-CoV-2,6,26034.10,4.4156,14326.59,12295.4200,1.6041,0.0,6.4,374120,374120,,2025-W13,25342.88,1
2025-W11,2025-03-09,충남,12,SARS-CoV-2,8,42954.59,4.6330,28687.62,29525.2300,2.5556,0.0,8.0,1408091,1266129,,2025-W13,93279.84,1
2025-W11,2025-03-09,전북,13,SARS-CoV-2,3,1090.91,3.0382,1628.67,992.3750,-0.2129,1.1,7.2,1043386,889058,,2025-W13,1295.97,1
2025-W11,2025-03-09,전남,14,SARS-CoV-2,11,939.04,2.9731,1820.27,1146.1100,0.4419,4.9,7.6,1017979,1017979,,2025-W13,32067.02,1
2025-W11,2025-03-09,경북,15,SARS-CoV-2,7,2132.64,3.3291,1616.51,1142.4200,1.2966,0.7,6.7,1287477,1135415,,2025-W13,3266.32,1
2025-W11,2025-03-09,경남,16,SARS-CoV-2,6,14437.26,4.1595,7409.25,5799.4000,5.1251,3.9,7.5,1723394,1723394,,2025-W13,23009.28,1
2025-W11,2025-03-09,제주,17,SARS-CoV-2,8,679.19,2.8326,1132.62,662.1625,-0.2061,47.1,6.0,563849,563849,,2025-W13,3042.90,1
2025-W12,2025-03-16,서울,01,SARS-CoV-2,5,21224.44,4.3269,24505.49,11056.5475,1.7174,4.4,4.4,9667667,11268168,,2025-W14,40658.68,1
2025-W12,2025-03-16,부산,02,SARS-CoV-2,6,2335.89,3.3686,2326.70,4395.0025,0.1155,8.3,6.4,2961386,2961386,,2025-W14,4519.49,0
2025-W12,2025-03-16,대구,03,SARS-CoV-2,4,3947.35,3.5964,6447.97,5193.0225,-0.0984,6.9,7.1,1948639,1948639,,2025-W14,6741.79,0
2025-W12,2025-03-16,인천,04,SARS-CoV-2,7,4691.20,3.6714,4940.04,2812.8450,0.4604,7.4,4.3,2579599,2313918,,2025-W14,6776.37,1
2025-W12,2025-03-16,광주,05,SARS-CoV-2,3,44145.69,4.6449,22786.25,13501.5000,10.5912,5.5,5.4,691807,691807,,2025-W14,39225.72,1
2025-W12,2025-03-16,대전,06,SARS-CoV-2,5,27225.58,4.4350,30223.99,32359.0875,-0.3155,10.0,5.3,1439687,1439687,,2025-W14,65712.12,1
2025-W12,2025-03-16,울산,07,SARS-CoV-2,4,49267.35,4.6926,27015.81,22029.0200,3.5178,11.3,6.6,1218898,1218898,,2025-W14,23841.01,0
2025-W12,2025-03-16,세종,08,SARS-CoV-2,4,4696.76,3.6719,5457.35,6857.3525,0.5345,5.1,5.2,343577,343577,,2025-W14,25189.74,1
2025-W12,2025-03-16,경기,09,SARS-CoV-2,4,20840.12,4.3189,18498.16,20541.7100,0.0600,9.3,3.2,6563383,2478387,,2025-W14,15315.64,0
2025-W12,2025-03-16,강원,10,SARS-CoV-2,6,38121.25,4.5812,36406.75,20476.0400,0.5435,21.0,-0.8,816637,816637,,2025-W14,43611.62,1
2025-W12,2025-03-16,충북,11,SARS-CoV-2,6,6948.16,3.8419,19441.72,12697.5550,-0.7331,5.3,4.5,374120,374120,,2025-W14,23735.61,1
2025-W12,2025-03-16,충남,12,SARS-CoV-2,8,31027.48,4.4918,55753.97,30862.1375,-0.2777,6.4,5.0,1408091,1266129,,2025-W14,56024.08,1
2025-W12,2025-03-16,전북,13,SARS-CoV-2,4,2409.07,3.3820,1598.65,1484.8200,1.2083,10.8,3.4,1043386,906026,,2025-W14,3253.79,1
2025-W12,2025-03-16,전남,14,SARS-CoV-2,11,3870.52,3.5879,12292.19,1750.7525,3.1218,2.9,4.9,1017979,1017979,,2025-W14,2234.64,0
2025-W12,2025-03-16,경북,15,SARS-CoV-2,8,1788.28,3.2527,2395.74,1436.3525,-0.1615,10.2,5.1,1287477,1173671,,2025-W14,2001.73,1
2025-W12,2025-03-16,경남,16,SARS-CoV-2,6,5433.45,3.7352,14293.33,6262.8550,-0.6237,1.1,5.6,1723394,1723394,,2025-W14,1569.59,0
2025-W12,2025-03-16,제주,17,SARS-CoV-2,8,1863.18,3.2705,1861.76,1058.7025,1.7432,20.4,3.4,563849,563849,,2025-W14,1928.04,1
2025-W13,2025-03-23,서울,01,SARS-CoV-2,5,44481.32,4.6482,35454.81,20809.9300,1.0958,8.6,10.0,9667667,11268168,,2025-W15,38384.27,1
2025-W13,2025-03-23,부산,02,SARS-CoV-2,6,2550.23,3.4067,3135.20,3825.9875,0.0918,6.8,13.3,2961386,2961386,,2025-W15,2336.07,0
2025-W13,2025-03-23,대구,03,SARS-CoV-2,3,11018.56,4.0422,7235.90,7684.4450,1.7914,5.5,14.8,1948639,1061542,,2025-W15,7007.19,0
2025-W13,2025-03-23,인천,04,SARS-CoV-2,7,6916.56,3.8400,6128.04,3981.3625,0.4744,10.8,9.2,2579599,2313918,,2025-W15,6147.67,1
2025-W13,2025-03-23,광주,05,SARS-CoV-2,3,20404.49,4.3097,34591.97,17263.3350,-0.5378,1.1,11.3,691807,691807,,2025-W15,2037.10,0
2025-W13,2025-03-23,대전,06,SARS-CoV-2,5,23673.87,4.3743,38870.53,31204.5675,-0.1305,2.7,11.7,1439687,1439687,,2025-W15,40105.90,0
2025-W13,2025-03-23,울산,07,SARS-CoV-2,4,20874.96,4.3196,31327.77,25002.6475,-0.5763,5.2,13.7,1218898,1218898,,2025-W15,11403.31,0
2025-W13,2025-03-23,세종,08,SARS-CoV-2,3,8614.54,3.9353,12833.68,6911.9050,0.8341,1.8,11.1,343577,336440,,2025-W15,4663.95,0
2025-W13,2025-03-23,경기,09,SARS-CoV-2,4,14993.83,4.1759,17049.86,18697.3200,-0.2805,2.6,9.6,6563383,2478387,,2025-W15,28647.47,1
2025-W13,2025-03-23,강원,10,SARS-CoV-2,6,46401.62,4.6665,42711.49,30489.1775,0.2172,9.8,6.3,816637,816637,,2025-W15,30273.68,0
2025-W13,2025-03-23,충북,11,SARS-CoV-2,6,25342.88,4.4039,18675.55,17080.6600,2.6474,1.5,10.7,374120,374120,,2025-W15,6484.62,0
2025-W13,2025-03-23,충남,12,SARS-CoV-2,8,93279.84,4.9698,60110.46,44835.6725,2.0064,2.2,10.8,1408091,1266129,,2025-W15,97399.93,1
2025-W13,2025-03-23,전북,13,SARS-CoV-2,4,1295.97,3.1129,2319.61,1545.5000,-0.4620,5.9,10.6,1043386,906026,,2025-W15,1783.14,0
2025-W13,2025-03-23,전남,14,SARS-CoV-2,4,32067.02,4.5061,12724.06,9381.9600,7.2849,0.5,10.9,1017979,609884,,2025-W15,3118.33,0
2025-W13,2025-03-23,경북,15,SARS-CoV-2,8,3266.32,3.5142,2352.11,2028.9625,0.8265,3.0,12.5,1287477,1173671,,2025-W15,1888.67,0
2025-W13,2025-03-23,경남,16,SARS-CoV-2,6,23009.28,4.3619,10004.11,11309.2625,3.2347,2.7,12.4,1723394,1723394,,2025-W15,2681.08,0
2025-W13,2025-03-23,제주,17,SARS-CoV-2,8,3042.90,3.4834,2278.04,1610.1925,0.6332,24.2,12.2,563849,563849,,2025-W15,3876.77,1
2025-W14,2025-03-30,서울,01,SARS-CoV-2,5,40658.68,4.6092,41174.76,28543.7850,-0.0859,15.6,6.6,9667667,11268168,,2025-W16,36749.45,0
2025-W14,2025-03-30,부산,02,SARS-CoV-2,6,4519.49,3.6552,3135.26,2874.8975,0.7722,3.8,7.7,2961386,2961386,,2025-W16,4227.34,1
2025-W14,2025-03-30,대구,03,SARS-CoV-2,4,6741.79,3.8288,8255.85,6521.4225,-0.3881,5.0,8.9,1948639,1948639,,2025-W16,4378.00,0
2025-W14,2025-03-30,인천,04,SARS-CoV-2,7,6776.37,3.8311,6613.53,5399.1250,-0.0203,14.4,6.1,2579599,2313918,,2025-W16,6437.85,0
2025-W14,2025-03-30,광주,05,SARS-CoV-2,2,39225.72,4.5936,20555.77,26896.1150,0.9224,5.4,7.4,691807,649060,,2025-W16,3702.25,0
2025-W14,2025-03-30,대전,06,SARS-CoV-2,5,65712.12,4.8177,43163.96,39096.0250,1.7757,12.5,7.1,1439687,1439687,,2025-W16,34718.81,0
2025-W14,2025-03-30,울산,07,SARS-CoV-2,4,23841.01,4.3773,18706.43,26222.1075,0.1421,4.3,7.3,1218898,1218898,,2025-W16,13371.99,0
2025-W14,2025-03-30,세종,08,SARS-CoV-2,4,25189.74,4.4012,12822.74,10390.4500,1.9241,9.7,6.7,343577,343577,,2025-W16,5797.84,0
2025-W14,2025-03-30,경기,09,SARS-CoV-2,4,15315.64,4.1852,19652.31,17702.5325,0.0215,31.3,5.4,6563383,2478387,,2025-W16,8330.16,0
2025-W14,2025-03-30,강원,10,SARS-CoV-2,6,43611.62,4.6396,40095.64,38207.9675,-0.0601,17.3,2.4,816637,816637,,2025-W16,21064.21,0
2025-W14,2025-03-30,충북,11,SARS-CoV-2,6,23735.61,4.3754,18521.04,20515.1875,-0.0634,15.1,6.0,374120,374120,,2025-W16,9407.38,0
2025-W14,2025-03-30,충남,12,SARS-CoV-2,8,56024.08,4.7484,82234.62,55821.4975,-0.3994,17.9,6.6,1408091,1266129,,2025-W16,68814.69,0
2025-W14,2025-03-30,전북,13,SARS-CoV-2,3,3253.79,3.5125,2110.96,2012.4350,1.5107,13.7,5.7,1043386,889058,,2025-W16,1511.10,0
2025-W14,2025-03-30,전남,14,SARS-CoV-2,11,2234.64,3.3494,12473.33,9777.8050,-0.9303,5.9,6.5,1017979,1017979,,2025-W16,4301.20,0
2025-W14,2025-03-30,경북,15,SARS-CoV-2,8,2001.73,3.3016,2385.57,2297.2425,-0.3872,7.9,7.1,1287477,1173671,,2025-W16,1507.82,0
2025-W14,2025-03-30,경남,16,SARS-CoV-2,6,1569.59,3.1961,9086.65,11112.3950,-0.9318,2.6,6.8,1723394,1723394,,2025-W16,1353.32,0
2025-W14,2025-03-30,제주,17,SARS-CoV-2,8,1928.04,3.2853,2949.24,1878.3275,-0.3664,3.3,4.5,563849,563849,,2025-W16,1629.09,0
2025-W15,2025-04-06,서울,01,SARS-CoV-2,5,38384.27,4.5842,38597.47,36187.1775,-0.0559,15.6,11.6,9667667,11268168,,2025-W17,34210.02,0
2025-W15,2025-04-06,부산,02,SARS-CoV-2,6,2336.07,3.3687,3694.30,2935.4200,-0.4831,19.2,14.1,2961386,2961386,,2025-W17,4734.50,1
2025-W15,2025-04-06,대구,03,SARS-CoV-2,4,7007.19,3.8456,6042.33,7178.7225,0.0394,7.6,14.8,1948639,1948639,,2025-W17,6067.98,0
2025-W15,2025-04-06,인천,04,SARS-CoV-2,7,6147.67,3.7888,6453.96,6132.9500,-0.0928,19.5,10.6,2579599,2313918,,2025-W17,5262.76,0
2025-W15,2025-04-06,광주,05,SARS-CoV-2,3,2037.10,3.3092,14988.36,26453.2500,-0.9481,26.1,12.3,691807,691807,,2025-W17,807.54,0
2025-W15,2025-04-06,대전,06,SARS-CoV-2,5,40105.90,4.6032,46845.61,39179.3675,-0.3897,12.5,12.7,1439687,1439687,,2025-W17,26035.95,0
2025-W15,2025-04-06,울산,07,SARS-CoV-2,4,11403.31,4.0571,16205.44,26346.6575,-0.5217,11.5,13.4,1218898,1218898,,2025-W17,3968.14,0
2025-W15,2025-04-06,세종,08,SARS-CoV-2,4,4663.95,3.6688,11883.85,10791.2475,-0.8148,12.6,12.0,343577,343577,,2025-W17,8530.00,0
2025-W15,2025-04-06,경기,09,SARS-CoV-2,4,28647.47,4.4571,17431.09,19949.2650,0.8705,9.6,10.9,6563383,2478387,,2025-W17,6362.92,0
2025-W15,2025-04-06,강원,10,SARS-CoV-2,6,30273.68,4.4811,31649.84,39602.0425,-0.3058,4.9,8.0,816637,816637,,2025-W17,18219.53,0
2025-W15,2025-04-06,충북,11,SARS-CoV-2,6,6484.62,3.8120,13209.20,15627.8175,-0.7268,11.5,11.4,374120,374120,,2025-W17,9008.80,0
2025-W15,2025-04-06,충남,12,SARS-CoV-2,8,97399.93,4.9886,74079.57,69432.8325,0.7385,24.7,11.7,1408091,1266129,,2025-W17,53684.01,0
2025-W15,2025-04-06,전북,13,SARS-CoV-2,4,1783.14,3.2514,2182.67,2185.4925,-0.4520,22.9,11.1,1043386,906026,,2025-W17,1019.29,0
2025-W15,2025-04-06,전남,14,SARS-CoV-2,11,3118.33,3.4941,3218.06,10322.6275,0.3954,36.9,11.5,1017979,1017979,,2025-W17,1318.10,0
2025-W15,2025-04-06,경북,15,SARS-CoV-2,8,1888.67,3.2764,1799.41,2236.2500,-0.0565,7.0,12.8,1287477,1173671,,2025-W17,1390.02,0
2025-W15,2025-04-06,경남,16,SARS-CoV-2,6,2681.08,3.4285,1868.00,8173.3500,0.7081,17.9,12.4,1723394,1723394,,2025-W17,6028.84,0
2025-W15,2025-04-06,제주,17,SARS-CoV-2,8,3876.77,3.5886,2477.97,2677.7225,1.0107,51.8,11.5,563849,563849,,2025-W17,2064.63,0
2025-W16,2025-04-13,서울,01,SARS-CoV-2,5,36749.45,4.5653,36447.91,40068.4300,-0.0426,44.1,10.5,9667667,11268168,,2025-W18,14650.78,0
2025-W16,2025-04-13,부산,02,SARS-CoV-2,6,4227.34,3.6262,3765.97,3408.2825,0.8096,34.1,13.0,2961386,2961386,,2025-W18,2162.63,0
2025-W16,2025-04-13,대구,03,SARS-CoV-2,4,4378.00,3.6414,5817.72,7286.3850,-0.3752,38.2,13.7,1948639,1948639,,2025-W18,2954.91,0
2025-W16,2025-04-13,인천,04,SARS-CoV-2,7,6437.85,3.8088,5949.42,6569.6125,0.0472,50.0,10.3,2579599,2313918,,2025-W18,4503.75,0
2025-W16,2025-04-13,광주,05,SARS-CoV-2,3,3702.25,3.5686,2182.30,16342.3900,0.8174,30.5,13.2,691807,691807,,2025-W18,2006.48,0
2025-W16,2025-04-13,대전,06,SARS-CoV-2,5,34718.81,4.5406,33620.22,41052.6750,-0.1343,18.3,13.1,1439687,1439687,,2025-W18,23934.81,0
2025-W16,2025-04-13,울산,07,SARS-CoV-2,4,13371.99,4.1262,9581.15,17372.8175,0.1726,24.6,13.6,1218898,1218898,,2025-W18,3991.58,0
2025-W16,2025-04-13,세종,08,SARS-CoV-2,4,5797.84,3.7633,6330.60,11066.5175,0.2431,21.7,12.9,343577,343577,,2025-W18,7909.97,0
2025-W16,2025-04-13,경기,09,SARS-CoV-2,4,8330.16,3.9207,14446.85,16821.7750,-0.7092,31.5,10.5,6563383,2478387,,2025-W18,3960.15,0
2025-W16,2025-04-13,강원,10,SARS-CoV-2,6,21064.21,4.3236,23185.81,35337.7825,-0.3042,44.4,7.6,816637,816637,,2025-W18,23294.02,0
2025-W16,2025-04-13,충북,11,SARS-CoV-2,6,9407.38,3.9735,8300.26,16242.6225,0.4507,36.1,11.8,374120,374120,,2025-W18,1984.52,0
2025-W16,2025-04-13,충남,12,SARS-CoV-2,8,68814.69,4.8377,73299.54,78879.6350,-0.2935,21.6,12.2,1408091,1266129,,2025-W18,30060.05,0
2025-W16,2025-04-13,전북,13,SARS-CoV-2,4,1511.10,3.1796,1437.84,1961.0000,-0.1526,27.0,11.7,1043386,906026,,2025-W18,700.47,0
2025-W16,2025-04-13,전남,14,SARS-CoV-2,11,4301.20,3.6337,2912.54,10430.2975,0.3793,16.6,12.5,1017979,1017979,,2025-W18,3154.88,0
2025-W16,2025-04-13,경북,15,SARS-CoV-2,8,1507.82,3.1786,1595.50,2166.1350,-0.2016,14.5,12.7,1287477,1173671,,2025-W18,1582.52,0
2025-W16,2025-04-13,경남,16,SARS-CoV-2,6,1353.32,3.1317,3354.41,7153.3175,-0.4952,24.8,12.4,1723394,1723394,,2025-W18,1055.07,0
2025-W16,2025-04-13,제주,17,SARS-CoV-2,8,1629.09,3.2122,2523.50,2619.2000,-0.5798,22.1,12.0,563849,563849,,2025-W18,2741.18,0
2025-W17,2025-04-20,서울,01,SARS-CoV-2,5,34210.02,4.5342,28536.75,37500.6050,-0.0691,28.5,14.2,9667667,11268168,,2025-W19,48526.90,0
2025-W17,2025-04-20,부산,02,SARS-CoV-2,6,4734.50,3.6754,3708.16,3954.3500,0.1200,38.9,14.5,2961386,2961386,,2025-W19,3182.14,0
2025-W17,2025-04-20,대구,03,SARS-CoV-2,4,6067.98,3.7831,4466.96,6048.7400,0.3860,15.4,15.8,1948639,1948639,,2025-W19,2673.64,0
2025-W17,2025-04-20,인천,04,SARS-CoV-2,6,5262.76,3.7213,5401.45,6156.1625,-0.1825,28.3,13.8,2579599,2207035,,2025-W19,3349.01,0
2025-W17,2025-04-20,광주,05,SARS-CoV-2,2,807.54,2.9077,2172.09,11443.1525,-0.7819,23.8,15.5,691807,508012,,2025-W19,2273.40,0
2025-W17,2025-04-20,대전,06,SARS-CoV-2,5,26035.95,4.4156,28229.85,41643.1950,-0.2501,26.2,15.8,1439687,1439687,,2025-W19,19981.07,0
2025-W17,2025-04-20,울산,07,SARS-CoV-2,4,3968.14,3.5987,7110.57,13146.1125,-0.7032,15.7,14.5,1218898,1218898,,2025-W19,3712.76,0
2025-W17,2025-04-20,세종,08,SARS-CoV-2,4,8530.00,3.9310,7412.61,11045.3825,0.4712,26.3,15.6,343577,343577,,2025-W19,3050.02,0
2025-W17,2025-04-20,경기,09,SARS-CoV-2,4,6362.92,3.8037,6217.74,14664.0475,-0.2362,33.4,13.8,6563383,2478387,,2025-W19,9604.34,0
2025-W17,2025-04-20,강원,10,SARS-CoV-2,6,18219.53,4.2606,20859.25,28292.2600,-0.1350,18.2,10.2,816637,816637,,2025-W19,13953.51,0
2025-W17,2025-04-20,충북,11,SARS-CoV-2,6,9008.80,3.9547,6800.23,12159.1025,-0.0424,28.5,14.4,374120,374120,,2025-W19,6386.73,0
2025-W17,2025-04-20,충남,12,SARS-CoV-2,8,53684.01,4.7299,50852.92,68980.6775,-0.2199,28.2,15.1,1408091,1266129,,2025-W19,44992.47,0
2025-W17,2025-04-20,전북,13,SARS-CoV-2,4,1019.29,3.0087,1076.95,1891.8300,-0.3255,28.4,14.6,1043386,906026,,2025-W19,1795.14,0
2025-W17,2025-04-20,전남,14,SARS-CoV-2,11,1318.10,3.1203,2924.73,2743.0675,-0.6936,28.0,14.5,1017979,1017979,,2025-W19,2684.99,0
2025-W17,2025-04-20,경북,15,SARS-CoV-2,8,1390.02,3.1433,1493.45,1697.0600,-0.0781,24.6,14.0,1287477,1173671,,2025-W19,1262.52,0
2025-W17,2025-04-20,경남,16,SARS-CoV-2,6,6028.84,3.7803,2812.41,2908.2075,3.4548,27.1,14.8,1723394,1723394,,2025-W19,2305.67,0
2025-W17,2025-04-20,제주,17,SARS-CoV-2,8,2064.63,3.3151,2144.97,2374.6325,0.2674,45.8,13.8,563849,563849,,2025-W19,6924.30,1
2025-W18,2025-04-27,서울,01,SARS-CoV-2,5,14650.78,4.1659,32462.57,30998.6300,-0.5717,28.4,12.7,9667667,11268168,,2025-W20,21737.12,0
2025-W18,2025-04-27,부산,02,SARS-CoV-2,6,2162.63,3.3352,3359.76,3365.1350,-0.5432,31.0,15.0,2961386,2961386,,2025-W20,1187.53,0
2025-W18,2025-04-27,대구,03,SARS-CoV-2,4,2954.91,3.4707,3898.84,5102.0200,-0.5130,32.3,16.8,1948639,1948639,,2025-W20,2001.41,0
2025-W18,2025-04-27,인천,04,SARS-CoV-2,7,4503.75,3.6537,4371.84,5588.0075,-0.1442,24.5,12.7,2579599,2313918,,2025-W20,7746.21,1
2025-W18,2025-04-27,광주,05,SARS-CoV-2,2,2006.48,3.3027,1695.81,2138.3425,1.4847,47.0,15.0,691807,508012,,2025-W20,4072.18,1
2025-W18,2025-04-27,대전,06,SARS-CoV-2,5,23934.81,4.3790,23317.27,31198.8675,-0.0807,15.6,15.2,1439687,1439687,,2025-W20,19412.11,0
2025-W18,2025-04-27,울산,07,SARS-CoV-2,4,3991.58,3.6013,3890.83,8183.7550,0.0059,32.9,15.8,1218898,1218898,,2025-W20,6076.45,0
2025-W18,2025-04-27,세종,08,SARS-CoV-2,4,7909.97,3.8982,6496.67,6725.4400,-0.0727,19.7,14.7,343577,343577,,2025-W20,5329.44,0
2025-W18,2025-04-27,경기,09,SARS-CoV-2,4,3960.15,3.5978,6642.47,11825.1750,-0.3776,22.1,12.1,6563383,2478387,,2025-W20,5378.21,0
2025-W18,2025-04-27,강원,10,SARS-CoV-2,6,23294.02,4.3673,18489.02,23212.8600,0.2785,19.1,8.8,816637,816637,,2025-W20,15038.47,0
2025-W18,2025-04-27,충북,11,SARS-CoV-2,6,1984.52,3.2979,5793.35,6721.3300,-0.7797,13.9,13.6,374120,374120,,2025-W20,5479.15,0
2025-W18,2025-04-27,충남,12,SARS-CoV-2,8,30060.05,4.4780,42912.18,62489.6700,-0.4401,15.9,13.9,1408091,1266129,,2025-W20,21424.30,0
2025-W18,2025-04-27,전북,13,SARS-CoV-2,4,700.47,2.8460,1171.63,1253.5000,-0.3128,26.3,12.8,1043386,906026,,2025-W20,2141.19,1
2025-W18,2025-04-27,전남,14,SARS-CoV-2,10,3154.88,3.4991,2385.99,2973.1275,1.3935,27.2,13.9,1017979,960007,,2025-W20,1128.42,0
2025-W18,2025-04-27,경북,15,SARS-CoV-2,8,1582.52,3.1996,1411.69,1592.2575,0.1385,22.1,14.8,1287477,1173671,,2025-W20,1289.44,0
2025-W18,2025-04-27,경남,16,SARS-CoV-2,5,1055.07,3.0237,3129.86,2779.5775,-0.8250,25.1,14.0,1723394,1446496,,2025-W20,1692.22,0
2025-W18,2025-04-27,제주,17,SARS-CoV-2,8,2741.18,3.4381,3910.04,2577.9175,0.3277,25.4,12.4,563849,563849,,2025-W20,2439.22,0
2025-W19,2025-05-04,서울,01,SARS-CoV-2,5,48526.90,4.6860,28304.93,33534.2875,2.3122,40.4,12.9,9667667,11268168,,2025-W21,17169.71,0
2025-W19,2025-05-04,부산,02,SARS-CoV-2,6,3182.14,3.5029,2177.43,3576.6525,0.4714,46.5,14.0,2961386,2961386,,2025-W21,1764.16,0
2025-W19,2025-05-04,대구,03,SARS-CoV-2,4,2673.64,3.4273,2543.32,4018.6325,-0.0952,26.1,14.6,1948639,1948639,,2025-W21,1529.12,0
2025-W19,2025-05-04,인천,04,SARS-CoV-2,7,3349.01,3.5250,5199.66,4888.3425,-0.2564,33.8,13.0,2579599,2313918,,2025-W21,4977.58,0
2025-W19,2025-05-04,광주,05,SARS-CoV-2,3,2273.40,3.3569,2784.02,2197.4175,0.1330,29.6,13.4,691807,691807,,2025-W21,5705.20,1
2025-W19,2025-05-04,대전,06,SARS-CoV-2,5,19981.07,4.3006,21109.33,26167.6600,-0.1652,19.0,14.4,1439687,1439687,,2025-W21,10539.48,0
2025-W19,2025-05-04,울산,07,SARS-CoV-2,4,3712.76,3.5698,4593.60,6261.1175,-0.0699,29.4,13.8,1218898,1218898,,2025-W21,6566.17,0
2025-W19,2025-05-04,세종,08,SARS-CoV-2,4,3050.02,3.4844,5429.81,6321.9575,-0.6144,19.5,14.1,343577,343577,,2025-W21,7664.00,0
2025-W19,2025-05-04,경기,09,SARS-CoV-2,4,9604.34,3.9825,6314.23,7064.3925,1.4252,27.7,12.1,6563383,2478387,,2025-W21,7042.25,0
2025-W19,2025-05-04,강원,10,SARS-CoV-2,6,13953.51,4.1447,17428.67,19132.8175,-0.4010,39.2,8.6,816637,816637,,2025-W21,12961.99,0
2025-W19,2025-05-04,충북,11,SARS-CoV-2,6,6386.73,3.8053,4616.80,6696.8575,2.2183,19.1,13.5,374120,374120,,2025-W21,6492.20,0
2025-W19,2025-05-04,충남,12,SARS-CoV-2,8,44992.47,4.6531,32158.94,49387.8050,0.4968,18.5,13.6,1408091,1266129,,2025-W21,38929.40,0
2025-W19,2025-05-04,전북,13,SARS-CoV-2,3,1795.14,3.2543,1545.60,1256.5000,1.5628,26.5,12.1,1043386,897106,,2025-W21,1350.85,0
2025-W19,2025-05-04,전남,14,SARS-CoV-2,11,2684.99,3.4291,2322.76,2864.7925,-0.1489,41.7,12.5,1017979,1017979,,2025-W21,2103.68,0
2025-W19,2025-05-04,경북,15,SARS-CoV-2,7,1262.52,3.1016,1378.16,1435.7200,-0.2022,24.2,13.4,1287477,950334,,2025-W21,1189.01,0
2025-W19,2025-05-04,경남,16,SARS-CoV-2,5,2305.67,3.3630,1684.32,2685.7250,1.1853,41.6,13.2,1723394,1446496,,2025-W21,579.67,0
2025-W19,2025-05-04,제주,17,SARS-CoV-2,8,6924.30,3.8404,4034.90,3339.8000,1.5260,126.0,11.4,563849,563849,,2025-W21,2380.02,0
2025-W20,2025-05-11,서울,01,SARS-CoV-2,5,21737.12,4.3372,29144.58,29781.2050,-0.5521,26.5,17.1,9667667,11268168,,2025-W22,19896.99,0
2025-W20,2025-05-11,부산,02,SARS-CoV-2,5,1187.53,3.0750,2044.61,2816.7000,-0.6268,67.0,17.1,2961386,2095713,,2025-W22,3603.86,0
2025-W20,2025-05-11,대구,03,SARS-CoV-2,4,2001.41,3.3016,2068.05,3424.4850,-0.2514,47.4,19.2,1948639,1948639,,2025-W22,3186.53,0
2025-W20,2025-05-11,인천,04,SARS-CoV-2,7,7746.21,3.8891,5357.60,5215.4325,1.3130,19.9,17.1,2579599,2313918,,2025-W22,3358.99,0
2025-W20,2025-05-11,광주,05,SARS-CoV-2,3,4072.18,3.6099,4016.93,2289.9000,0.7912,56.0,17.9,691807,691807,,2025-W22,5780.45,1
2025-W20,2025-05-11,대전,06,SARS-CoV-2,5,19412.11,4.2881,16644.22,22340.9850,-0.0285,45.3,18.6,1439687,1439687,,2025-W22,15342.46,0
2025-W20,2025-05-11,울산,07,SARS-CoV-2,4,6076.45,3.7837,5451.79,4437.2325,0.6366,58.7,18.2,1218898,1218898,,2025-W22,112322.37,1
2025-W20,2025-05-11,세종,08,SARS-CoV-2,4,5329.44,3.7268,5347.82,6204.8575,0.7473,24.5,18.3,343577,343577,,2025-W22,4788.39,0
2025-W20,2025-05-11,경기,09,SARS-CoV-2,4,5378.21,3.7307,7341.60,6326.4050,-0.4400,27.7,16.8,6563383,2478387,,2025-W22,6396.51,0
2025-W20,2025-05-11,강원,10,SARS-CoV-2,6,15038.47,4.1772,13984.65,17626.3825,0.0778,25.9,13.5,816637,816637,,2025-W22,15759.01,0
2025-W20,2025-05-11,충북,11,SARS-CoV-2,6,5479.15,3.7388,6119.36,5714.8000,-0.1421,30.5,17.8,374120,374120,,2025-W22,12796.98,1
2025-W20,2025-05-11,충남,12,SARS-CoV-2,8,21424.30,4.3309,35115.39,37540.2075,-0.5238,27.7,18.1,1408091,1266129,,2025-W22,38282.30,0
2025-W20,2025-05-11,전북,13,SARS-CoV-2,3,2141.19,3.3309,1762.39,1414.0225,0.1928,52.2,17.0,1043386,889058,,2025-W22,814.57,0
2025-W20,2025-05-11,전남,14,SARS-CoV-2,11,1128.42,3.0529,1972.36,2071.5975,-0.5797,54.7,16.8,1017979,1017979,,2025-W22,2915.16,1
2025-W20,2025-05-11,경북,15,SARS-CoV-2,8,1289.44,3.1107,1246.99,1381.1250,0.0213,35.7,18.4,1287477,1173671,,2025-W22,798.09,0
2025-W20,2025-05-11,경남,16,SARS-CoV-2,5,1692.22,3.2287,1525.85,2770.4500,-0.2661,70.6,16.8,1723394,1409889,,2025-W22,3157.08,0
2025-W20,2025-05-11,제주,17,SARS-CoV-2,8,2439.22,3.3874,3914.51,3542.3325,-0.6477,66.3,16.0,563849,563849,,2025-W22,5233.66,1
2025-W21,2025-05-18,서울,01,SARS-CoV-2,5,17169.71,4.2348,19601.28,25521.1275,-0.2101,4.2,18.6,9667667,11268168,,2025-W23,19237.71,0
2025-W21,2025-05-18,부산,02,SARS-CoV-2,5,1764.16,3.2468,2185.18,2074.1150,0.4856,11.7,18.1,2961386,2095713,,2025-W23,3044.62,1
2025-W21,2025-05-18,대구,03,SARS-CoV-2,3,1529.12,3.1847,2239.02,2289.7700,-0.2360,7.4,19.2,1948639,1156006,,2025-W23,33294.54,1
2025-W21,2025-05-18,인천,04,SARS-CoV-2,7,4977.58,3.6971,5360.93,5144.1375,-0.3574,8.4,18.8,2579599,2313918,,2025-W23,4082.15,0
2025-W21,2025-05-18,광주,05,SARS-CoV-2,3,5705.20,3.7563,5185.94,3514.3150,0.4010,1.4,19.6,691807,691807,,2025-W23,7699.33,1
2025-W21,2025-05-18,대전,06,SARS-CoV-2,5,10539.48,4.0229,15098.02,18466.8675,-0.4571,4.5,20.0,1439687,1439687,,2025-W23,22412.90,0
2025-W21,2025-05-18,울산,07,SARS-CoV-2,4,6566.17,3.8174,41654.99,5086.7400,0.0806,9.4,18.2,1218898,1218898,,2025-W23,4031.45,0
2025-W21,2025-05-18,세종,08,SARS-CoV-2,4,7664.00,3.8845,5927.28,5988.3575,0.4380,4.0,19.7,343577,343577,,2025-W23,5607.69,0
2025-W21,2025-05-18,경기,09,SARS-CoV-2,4,7042.25,3.8478,6272.32,6496.2375,0.3094,11.6,18.2,6563383,2478387,,2025-W23,4981.16,0
2025-W21,2025-05-18,강원,10,SARS-CoV-2,6,12961.99,4.1127,14586.49,16311.9975,-0.1381,23.6,13.1,816637,816637,,2025-W23,22791.94,1
2025-W21,2025-05-18,충북,11,SARS-CoV-2,6,6492.20,3.8125,8256.11,5085.6500,0.1849,3.6,18.8,374120,374120,,2025-W23,10787.49,1
2025-W21,2025-05-18,충남,12,SARS-CoV-2,7,38929.40,4.5903,32878.67,33851.5550,0.8171,5.9,19.5,1408091,1208656,,2025-W23,72754.21,1
2025-W21,2025-05-18,전북,13,SARS-CoV-2,4,1350.85,3.1309,1435.54,1496.9125,-0.3691,3.4,18.5,1043386,906026,,2025-W23,522.42,0
2025-W21,2025-05-18,전남,14,SARS-CoV-2,9,2103.68,3.3232,2049.08,2267.9925,0.8643,6.1,18.1,1017979,911752,,2025-W23,1502.10,0
2025-W21,2025-05-18,경북,15,SARS-CoV-2,7,1189.01,3.0756,1092.18,1330.8725,-0.0779,5.0,18.0,1287477,1115970,,2025-W23,277.62,0
2025-W21,2025-05-18,경남,16,SARS-CoV-2,6,579.67,2.7639,1809.65,1408.1575,-0.6574,13.3,17.9,1723394,1723394,,2025-W23,2984.67,1
2025-W21,2025-05-18,제주,17,SARS-CoV-2,8,2380.02,3.3768,3350.97,3621.1800,-0.0243,36.9,17.0,563849,563849,,2025-W23,3313.25,0
2025-W22,2025-05-25,서울,01,SARS-CoV-2,5,19896.99,4.2988,18768.14,26832.6800,0.1588,3.4,19.9,9667667,11268168,,2025-W24,12121.14,0
2025-W22,2025-05-25,부산,02,SARS-CoV-2,5,3603.86,3.5569,2804.21,2434.4225,1.0428,1.4,17.9,2961386,2095713,,2025-W24,4492.01,1
2025-W22,2025-05-25,대구,03,SARS-CoV-2,4,3186.53,3.5035,12670.06,2347.6750,1.0839,15.1,19.5,1948639,1948639,,2025-W24,31037.39,1
2025-W22,2025-05-25,인천,04,SARS-CoV-2,7,3358.99,3.5263,4139.57,4857.9475,-0.3252,0.4,19.3,2579599,2313918,,2025-W24,3768.23,0
2025-W22,2025-05-25,광주,05,SARS-CoV-2,3,5780.45,3.7620,6394.99,4457.8075,0.0132,1.5,19.8,691807,691807,,2025-W24,9260.54,1
2025-W22,2025-05-25,대전,06,SARS-CoV-2,5,15342.46,4.1859,16098.28,16318.7800,0.4557,1.0,19.9,1439687,2859481,,2025-W24,20690.75,0
2025-W22,2025-05-25,울산,07,SARS-CoV-2,4,112322.37,5.0505,40973.33,32169.4375,16.1062,1.2,17.5,1218898,1218898,,2025-W24,12738.16,0
2025-W22,2025-05-25,세종,08,SARS-CoV-2,4,4788.39,3.6803,6020.03,5207.9625,-0.3752,0.7,19.5,343577,343577,,2025-W24,3109.47,0
2025-W22,2025-05-25,경기,09,SARS-CoV-2,4,6396.51,3.8060,6139.97,7105.3275,-0.0917,0.9,18.0,6563383,2478387,,2025-W24,10127.11,1
2025-W22,2025-05-25,강원,10,SARS-CoV-2,6,15759.01,4.1976,17170.98,14428.2450,0.2158,14.5,13.2,816637,816637,,2025-W24,6195.00,0
2025-W22,2025-05-25,충북,11,SARS-CoV-2,6,12796.98,4.1071,10025.56,7788.7650,0.9711,0.8,18.5,374120,374120,,2025-W24,7948.75,0
2025-W22,2025-05-25,충남,12,SARS-CoV-2,8,38282.30,4.5830,49988.64,35907.1175,-0.0166,0.5,19.1,1408091,1266129,,2025-W24,18837.56,0
2025-W22,2025-05-25,전북,13,SARS-CoV-2,4,814.57,2.9115,895.95,1525.4375,-0.3970,1.8,17.6,1043386,906026,,2025-W24,1044.00,0
2025-W22,2025-05-25,전남,14,SARS-CoV-2,11,2915.16,3.4648,2173.65,2208.0625,0.3857,1.6,18.2,1017979,1017979,,2025-W24,1482.99,0
2025-W22,2025-05-25,경북,15,SARS-CoV-2,8,798.09,2.9026,754.91,1134.7650,-0.3288,7.8,17.4,1287477,1173671,,2025-W24,770.07,0
2025-W22,2025-05-25,경남,16,SARS-CoV-2,6,3157.08,3.4994,2240.47,1933.6600,4.4463,19.5,17.1,1723394,1723394,,2025-W24,1934.95,0
2025-W22,2025-05-25,제주,17,SARS-CoV-2,8,5233.66,3.7189,3642.31,4244.3000,1.1990,0.0,16.1,563849,563849,,2025-W24,2839.10,0
2025-W23,2025-06-01,서울,01,SARS-CoV-2,5,19237.71,4.2842,17085.28,19510.3825,-0.0331,2.2,21.7,9667667,11268168,,2025-W25,5140.23,0
2025-W23,2025-06-01,부산,02,SARS-CoV-2,6,3044.62,3.4837,3713.49,2400.0425,-0.1552,12.0,20.3,2961386,2961386,,2025-W25,2369.22,0
2025-W23,2025-06-01,대구,03,SARS-CoV-2,4,33294.54,4.5224,22506.16,10002.9000,9.4485,3.1,22.7,1948639,1948639,,2025-W25,23853.71,1
2025-W23,2025-06-01,인천,04,SARS-CoV-2,7,4082.15,3.6110,3736.46,5041.2325,0.2153,1.2,20.6,2579599,2313918,,2025-W25,2094.27,0
2025-W23,2025-06-01,광주,05,SARS-CoV-2,3,7699.33,3.8865,7580.11,5814.2900,0.3320,7.7,21.0,691807,691807,,2025-W25,2669.89,0
2025-W23,2025-06-01,대전,06,SARS-CoV-2,3,22412.90,4.3505,19482.04,16926.7375,0.4608,1.2,21.9,1439687,1332369,,2025-W25,10363.24,0
2025-W23,2025-06-01,울산,07,SARS-CoV-2,4,4031.45,3.6056,43030.66,32249.1100,-0.9641,7.3,21.0,1218898,1218898,,2025-W25,1992.50,0
2025-W23,2025-06-01,세종,08,SARS-CoV-2,4,5607.69,3.7489,4501.85,5847.3800,0.1711,1.1,21.5,343577,343577,,2025-W25,3012.78,0
2025-W23,2025-06-01,경기,09,SARS-CoV-2,4,4981.16,3.6974,7168.26,5949.5325,-0.2213,1.3,20.3,6563383,2478387,,2025-W25,6204.13,0
2025-W23,2025-06-01,강원,10,SARS-CoV-2,5,22791.94,4.3578,14915.32,16637.8525,0.4463,2.2,16.0,816637,779557,,2025-W25,8232.22,0
2025-W23,2025-06-01,충북,11,SARS-CoV-2,6,10787.49,4.0330,10511.07,8888.9550,-0.1570,0.7,20.8,374120,374120,,2025-W25,4977.90,0
2025-W23,2025-06-01,충남,12,SARS-CoV-2,8,72754.21,4.8619,43291.36,42847.5525,0.9005,1.6,20.8,1408091,1266129,,2025-W25,22205.62,0
2025-W23,2025-06-01,전북,13,SARS-CoV-2,4,522.42,2.7189,793.67,1207.2575,-0.3587,7.2,19.3,1043386,906026,,2025-W25,1618.54,1
2025-W23,2025-06-01,전남,14,SARS-CoV-2,9,1502.10,3.1770,1966.75,1912.3400,-0.4847,10.2,19.1,1017979,833181,,2025-W25,4037.82,1
2025-W23,2025-06-01,경북,15,SARS-CoV-2,8,277.62,2.4450,615.26,888.5400,-0.6522,1.2,21.3,1287477,1173671,,2025-W25,420.22,0
2025-W23,2025-06-01,경남,16,SARS-CoV-2,6,2984.67,3.4750,2692.23,2103.4100,-0.0546,6.9,18.9,1723394,1723394,,2025-W25,589.65,0
2025-W23,2025-06-01,제주,17,SARS-CoV-2,8,3313.25,3.5204,3795.34,3341.5375,-0.3669,21.0,17.3,563849,563849,,2025-W25,3629.85,0
2025-W24,2025-06-08,서울,01,SARS-CoV-2,5,12121.14,4.0836,12166.36,17106.3875,-0.3699,4.6,23.6,9667667,11268168,,2025-W26,1424.51,0
2025-W24,2025-06-08,부산,02,SARS-CoV-2,6,4492.01,3.6525,3301.95,3226.1625,0.4754,66.5,22.2,2961386,2961386,,2025-W26,2487.71,0
2025-W24,2025-06-08,대구,03,SARS-CoV-2,4,31037.39,4.4919,29395.22,17261.8950,-0.0678,92.7,25.0,1948639,1948639,,2025-W26,14490.81,0
2025-W24,2025-06-08,인천,04,SARS-CoV-2,7,3768.23,3.5763,3314.88,4046.7375,-0.0769,4.1,22.2,2579599,2313918,,2025-W26,1569.61,0
2025-W24,2025-06-08,광주,05,SARS-CoV-2,3,9260.54,3.9667,6543.25,7111.3800,0.2028,91.8,23.9,691807,691807,,2025-W26,1958.58,0
2025-W24,2025-06-08,대전,06,SARS-CoV-2,5,20690.75,4.3158,17822.30,17246.3975,-0.0768,87.3,23.8,1439687,1439687,,2025-W26,14039.69,0
2025-W24,2025-06-08,울산,07,SARS-CoV-2,4,12738.16,4.1051,6254.04,33914.5375,2.1597,54.1,22.9,1218898,1218898,,2025-W26,6139.63,0
2025-W24,2025-06-08,세종,08,SARS-CoV-2,4,3109.47,3.4928,3909.98,5292.3875,-0.4455,41.9,23.4,343577,343577,,2025-W26,2883.44,0
2025-W24,2025-06-08,경기,09,SARS-CoV-2,4,10127.11,4.0055,7104.13,7136.7575,1.0331,5.9,22.8,6563383,2478387,,2025-W26,4288.59,0
2025-W24,2025-06-08,강원,10,SARS-CoV-2,6,6195.00,3.7921,12406.39,14426.9850,-0.7282,3.5,18.7,816637,816637,,2025-W26,3748.70,0
2025-W24,2025-06-08,충북,11,SARS-CoV-2,6,7948.75,3.9004,7904.72,9506.3550,-0.2632,31.8,23.0,374120,374120,,2025-W26,2192.03,0
2025-W24,2025-06-08,충남,12,SARS-CoV-2,8,18837.56,4.2750,37932.46,42200.8675,-0.7411,40.5,22.3,1408091,1266129,,2025-W26,20568.27,0
2025-W24,2025-06-08,전북,13,SARS-CoV-2,3,1044.00,3.0191,1061.65,932.9600,0.9984,67.0,21.3,1043386,889058,,2025-W26,789.55,0
2025-W24,2025-06-08,전남,14,SARS-CoV-2,11,1482.99,3.1714,2340.97,2000.9825,-0.0127,58.9,21.6,1017979,1017979,,2025-W26,1768.78,0
2025-W24,2025-06-08,경북,15,SARS-CoV-2,7,770.07,2.8871,489.30,758.6975,1.7739,77.8,23.4,1287477,1135415,,2025-W26,385.05,0
2025-W24,2025-06-08,경남,16,SARS-CoV-2,6,1934.95,3.2869,1836.42,2164.0925,-0.3517,86.9,21.2,1723394,1723394,,2025-W26,1924.94,0
2025-W24,2025-06-08,제주,17,SARS-CoV-2,8,2839.10,3.4533,3260.73,3441.5075,-0.1431,88.9,19.4,563849,563849,,2025-W26,1741.44,0
2025-W25,2025-06-15,서울,01,SARS-CoV-2,5,5140.23,3.7111,6228.63,14099.0175,-0.5759,72.7,23.9,9667667,11268168,,2025-W27,1795.87,0
2025-W25,2025-06-15,부산,02,SARS-CoV-2,6,2369.22,3.3748,3116.31,3377.4275,-0.4726,40.7,23.1,2961386,2961386,,2025-W27,2769.46,0
2025-W25,2025-06-15,대구,03,SARS-CoV-2,4,23853.71,4.3776,23127.30,22843.0425,-0.2315,70.6,25.1,1948639,1948639,,2025-W27,29705.06,1
2025-W25,2025-06-15,인천,04,SARS-CoV-2,7,2094.27,3.3212,2477.37,3325.9100,-0.4442,64.0,23.0,2579599,2313918,,2025-W27,1605.45,0
2025-W25,2025-06-15,광주,05,SARS-CoV-2,3,2669.89,3.4267,4629.67,6352.5525,-0.7117,117.1,23.5,691807,691807,,2025-W27,6408.83,0
2025-W25,2025-06-15,대전,06,SARS-CoV-2,4,10363.24,4.0155,15031.23,17202.3375,-0.4991,151.1,24.1,1439687,1414171,,2025-W27,12737.05,0
2025-W25,2025-06-15,울산,07,SARS-CoV-2,4,1992.50,3.2996,6956.76,32771.1200,-0.8436,30.1,24.7,1218898,1218898,,2025-W27,21755.95,0
2025-W25,2025-06-15,세종,08,SARS-CoV-2,4,3012.78,3.4791,3001.90,4129.5825,-0.0311,134.2,23.6,343577,343577,,2025-W27,3055.37,0
2025-W25,2025-06-15,경기,09,SARS-CoV-2,4,6204.13,3.7928,6873.28,6927.2275,-0.3874,93.8,23.1,6563383,2478387,,2025-W27,3203.04,0
2025-W25,2025-06-15,강원,10,SARS-CoV-2,6,8232.22,3.9156,6058.64,13244.5425,0.3288,70.7,20.0,816637,816637,,2025-W27,9311.11,0
2025-W25,2025-06-15,충북,11,SARS-CoV-2,6,4977.90,3.6971,5039.56,9127.7800,-0.3737,122.8,23.3,374120,374120,,2025-W27,3451.45,0
2025-W25,2025-06-15,충남,12,SARS-CoV-2,8,22205.62,4.3465,20537.15,38019.9225,0.1788,122.2,23.3,1408091,1266129,,2025-W27,22205.62,0
2025-W25,2025-06-15,전북,13,SARS-CoV-2,3,1618.54,3.2094,1150.70,999.8825,0.5503,147.9,22.7,1043386,897106,,2025-W27,1205.06,0
2025-W25,2025-06-15,전남,14,SARS-CoV-2,7,4037.82,3.6063,2429.86,2484.5175,1.7227,79.1,22.3,1017979,861767,,2025-W27,2134.77,0
2025-W25,2025-06-15,경북,15,SARS-CoV-2,8,420.22,2.6245,525.11,566.5000,-0.4543,95.5,23.5,1287477,1173671,,2025-W27,434.39,0
2025-W25,2025-06-15,경남,16,SARS-CoV-2,6,589.65,2.7713,1483.18,2166.5875,-0.6953,54.0,22.8,1723394,1723394,,2025-W27,3311.63,1
2025-W25,2025-06-15,제주,17,SARS-CoV-2,8,3629.85,3.5600,2736.80,3753.9650,0.2785,63.1,22.3,563849,563849,,2025-W27,3910.00,0
2025-W26,2025-06-22,서울,01,SARS-CoV-2,5,1424.51,3.1540,2786.87,9480.8975,-0.7229,18.7,22.8,9667667,11268168,,2025-W28,3981.14,0
2025-W26,2025-06-22,부산,02,SARS-CoV-2,5,2487.71,3.3960,2542.13,3098.3900,0.0500,54.5,23.0,2961386,2095713,,2025-W28,2182.62,0
2025-W26,2025-06-22,대구,03,SARS-CoV-2,4,14490.81,4.1611,22683.19,25669.1125,-0.3925,40.3,24.1,1948639,1948639,,2025-W28,23030.96,0
2025-W26,2025-06-22,인천,04,SARS-CoV-2,7,1569.61,3.1961,1756.44,2878.5650,-0.2505,18.0,22.6,2579599,2313918,,2025-W28,2153.15,0
2025-W26,2025-06-22,광주,05,SARS-CoV-2,3,1958.58,3.2922,3679.10,5397.0850,-0.2664,29.8,23.2,691807,691807,,2025-W28,3487.79,0
2025-W26,2025-06-22,대전,06,SARS-CoV-2,5,14039.69,4.1474,12379.99,16876.6450,0.3548,40.9,23.1,1439687,1439687,,2025-W28,19965.53,0
2025-W26,2025-06-22,울산,07,SARS-CoV-2,4,6139.63,3.7882,9962.69,6225.4350,2.0814,51.4,23.6,1218898,1218898,,2025-W28,39754.35,1
2025-W26,2025-06-22,세종,08,SARS-CoV-2,4,2883.44,3.4601,2983.86,3653.3450,-0.0429,47.4,22.8,343577,343577,,2025-W28,2076.75,0
2025-W26,2025-06-22,경기,09,SARS-CoV-2,4,4288.59,3.6324,4565.25,6400.2475,-0.3088,21.9,21.9,6563383,2478387,,2025-W28,6062.05,0
2025-W26,2025-06-22,강원,10,SARS-CoV-2,5,3748.70,3.5740,7097.34,10241.9650,-0.5446,13.9,18.9,816637,795516,,2025-W28,17887.04,1
2025-W26,2025-06-22,충북,11,SARS-CoV-2,6,2192.03,3.3410,3540.46,6476.5425,-0.5596,60.4,22.2,374120,374120,,2025-W28,14725.95,1
2025-W26,2025-06-22,충남,12,SARS-CoV-2,8,20568.27,4.3132,21659.84,33591.4150,-0.0737,20.8,22.7,1408091,1266129,,2025-W28,27986.21,0
2025-W26,2025-06-22,전북,13,SARS-CoV-2,3,789.55,2.8979,1204.38,993.6275,-0.5122,43.5,21.8,1043386,889058,,2025-W28,2604.73,1
2025-W26,2025-06-22,전남,14,SARS-CoV-2,9,1768.78,3.2479,2647.12,2197.9225,-0.5619,16.0,22.1,1017979,958881,,2025-W28,1480.60,0
2025-W26,2025-06-22,경북,15,SARS-CoV-2,8,385.05,2.5866,413.22,463.2400,-0.0837,38.4,22.5,1287477,1173671,,2025-W28,894.61,1
2025-W26,2025-06-22,경남,16,SARS-CoV-2,6,1924.94,3.2846,1942.07,1858.5525,2.2645,43.6,22.6,1723394,1723394,,2025-W28,3265.71,1
2025-W26,2025-06-22,제주,17,SARS-CoV-2,8,1741.44,3.2412,3093.76,2880.9100,-0.5202,40.3,21.6,563849,563849,,2025-W28,4685.84,1
2025-W27,2025-06-29,서울,01,SARS-CoV-2,5,1795.87,3.2545,2400.51,5120.4375,0.2607,15.1,26.3,9667667,11268168,,2025-W29,4976.89,0
2025-W27,2025-06-29,부산,02,SARS-CoV-2,6,2769.46,3.4426,2479.93,3029.6000,0.1133,0.0,27.9,2961386,2961386,,2025-W29,3689.77,0
2025-W27,2025-06-29,대구,03,SARS-CoV-2,4,29705.06,4.4728,22408.94,24771.7425,1.0499,0.9,30.5,1948639,1948639,,2025-W29,34122.73,1
2025-W27,2025-06-29,인천,04,SARS-CoV-2,7,1605.45,3.2059,1776.07,2259.3900,0.0228,7.6,26.0,2579599,2313918,,2025-W29,3736.70,1
2025-W27,2025-06-29,광주,05,SARS-CoV-2,3,6408.83,3.8068,3951.73,5074.4600,2.2722,2.6,27.9,691807,691807,,2025-W29,5507.13,0
2025-W27,2025-06-29,대전,06,SARS-CoV-2,5,12737.05,4.1051,15580.76,14457.6825,-0.0928,2.6,27.5,1439687,1439687,,2025-W29,25091.96,1
2025-W27,2025-06-29,울산,07,SARS-CoV-2,4,21755.95,4.3376,22549.98,10656.5600,2.5435,1.4,30.8,1218898,1218898,,2025-W29,8351.70,0
2025-W27,2025-06-29,세종,08,SARS-CoV-2,4,3055.37,3.4852,2671.85,3015.2650,0.0596,3.9,27.2,343577,343577,,2025-W29,9884.94,1
2025-W27,2025-06-29,경기,09,SARS-CoV-2,4,3203.04,3.5057,4517.89,5955.7175,-0.2531,10.3,26.0,6563383,2478387,,2025-W29,6203.04,0
2025-W27,2025-06-29,강원,10,SARS-CoV-2,5,9311.11,3.9690,10315.61,6871.7575,1.4838,10.9,22.9,816637,795516,,2025-W29,11250.90,1
2025-W27,2025-06-29,충북,11,SARS-CoV-2,6,3451.45,3.5381,6789.81,4642.5325,0.5745,3.5,26.9,374120,374120,,2025-W29,10403.24,1
2025-W27,2025-06-29,충남,12,SARS-CoV-2,8,22205.62,4.3465,23586.70,20954.2675,0.0796,5.0,27.1,1408091,1266129,,2025-W29,36529.64,1
2025-W27,2025-06-29,전북,13,SARS-CoV-2,4,1205.06,3.0814,1533.12,1164.2875,0.5263,3.7,26.1,1043386,906026,,2025-W29,1322.51,0
2025-W27,2025-06-29,전남,14,SARS-CoV-2,11,2134.77,3.3296,1794.72,2356.0900,0.2069,2.4,26.6,1017979,1017979,,2025-W29,1222.52,0
2025-W27,2025-06-29,경북,15,SARS-CoV-2,8,434.39,2.6389,571.35,502.4325,0.1282,0.7,27.8,1287477,1173671,,2025-W29,664.59,1
2025-W27,2025-06-29,경남,16,SARS-CoV-2,6,3311.63,3.5202,2834.09,1940.2925,0.7204,0.3,27.5,1723394,1723394,,2025-W29,6272.11,1
2025-W27,2025-06-29,제주,17,SARS-CoV-2,7,3910.00,3.5923,3445.76,3030.0975,1.2453,2.9,24.5,563849,549934,,2025-W29,3151.60,0
2025-W28,2025-07-06,서울,01,SARS-CoV-2,5,3981.14,3.6001,3584.63,3085.4375,1.2168,2.2,29.5,9667667,11268168,,2025-W30,4536.43,1
2025-W28,2025-07-06,부산,02,SARS-CoV-2,6,2182.62,3.3392,2880.62,2452.2525,-0.2119,0.3,28.0,2961386,2961386,,2025-W30,6523.39,1
2025-W28,2025-07-06,대구,03,SARS-CoV-2,4,23030.96,4.3623,28952.92,22770.1350,-0.2247,0.6,29.1,1948639,1948639,,2025-W30,44633.37,1
2025-W28,2025-07-06,인천,04,SARS-CoV-2,7,2153.15,3.3333,2498.43,1855.6200,0.3412,1.6,29.3,2579599,2313918,,2025-W30,1960.78,0
2025-W28,2025-07-06,광주,05,SARS-CoV-2,3,3487.79,3.5427,5134.58,3631.2725,-0.4558,3.3,30.4,691807,691807,,2025-W30,4972.98,1
2025-W28,2025-07-06,대전,06,SARS-CoV-2,5,19965.53,4.3003,19264.84,14276.3775,0.5675,1.1,29.5,1439687,1439687,,2025-W30,142527.99,1
2025-W28,2025-07-06,울산,07,SARS-CoV-2,4,39754.35,4.5994,23287.34,17410.6075,0.8273,0.1,28.2,1218898,1218898,,2025-W30,93667.37,1
2025-W28,2025-07-06,세종,08,SARS-CoV-2,4,2076.75,3.3176,5005.69,2757.0850,-0.3203,3.6,29.1,343577,343577,,2025-W30,11475.20,1
2025-W28,2025-07-06,경기,09,SARS-CoV-2,4,6062.05,3.7827,5156.04,4939.4525,0.8926,2.5,27.5,6563383,2478387,,2025-W30,5063.12,0
2025-W28,2025-07-06,강원,10,SARS-CoV-2,5,17887.04,4.2526,12816.35,9794.7675,0.9210,4.1,22.7,816637,795516,,2025-W30,9417.85,0
2025-W28,2025-07-06,충북,11,SARS-CoV-2,6,14725.95,4.1681,9526.88,6336.8325,3.2666,3.3,29.0,374120,374120,,2025-W30,21640.04,1
2025-W28,2025-07-06,충남,12,SARS-CoV-2,8,27986.21,4.4470,28907.16,23241.4300,0.2603,4.7,29.2,1408091,1266129,,2025-W30,4583.07,0
2025-W28,2025-07-06,전북,13,SARS-CoV-2,3,2604.73,3.4159,1710.77,1554.4700,1.1615,1.6,27.5,1043386,897106,,2025-W30,2672.44,1
2025-W28,2025-07-06,전남,14,SARS-CoV-2,11,1480.60,3.1707,1612.63,2355.4925,-0.3064,1.9,28.0,1017979,1017979,,2025-W30,7515.14,1
2025-W28,2025-07-06,경북,15,SARS-CoV-2,8,894.61,2.9521,664.53,533.5675,1.0594,0.3,26.9,1287477,1173671,,2025-W30,1162.30,1
2025-W28,2025-07-06,경남,16,SARS-CoV-2,6,3265.71,3.5141,4283.15,2272.9825,-0.0139,1.1,27.6,1723394,1723394,,2025-W30,19560.41,1
2025-W28,2025-07-06,제주,17,SARS-CoV-2,8,4685.84,3.6709,3915.82,3491.7825,0.1984,36.5,23.5,563849,563849,,2025-W30,5738.80,1
2025-W29,2025-07-13,서울,01,SARS-CoV-2,5,4976.89,3.6970,4498.15,3044.6025,0.2501,187.2,23.8,9667667,11268168,,2025-W31,9387.89,1
2025-W29,2025-07-13,부산,02,SARS-CoV-2,6,3689.77,3.5671,4131.93,2782.3900,0.6905,145.2,24.5,2961386,2961386,,2025-W31,14166.53,1
2025-W29,2025-07-13,대구,03,SARS-CoV-2,4,34122.73,4.5331,33929.02,25337.3900,0.4816,183.2,24.5,1948639,1948639,,2025-W31,20155.11,0
2025-W29,2025-07-13,인천,04,SARS-CoV-2,7,3736.70,3.5726,2616.88,2266.2275,0.7355,205.4,23.8,2579599,2313918,,2025-W31,1362.04,0
2025-W29,2025-07-13,광주,05,SARS-CoV-2,3,5507.13,3.7410,4655.97,4340.5825,0.5790,157.6,24.7,691807,691807,,2025-W31,7896.60,1
2025-W29,2025-07-13,대전,06,SARS-CoV-2,5,25091.96,4.3996,62528.49,17958.5575,0.2568,167.8,24.2,1439687,1439687,,2025-W31,63236.85,1
2025-W29,2025-07-13,울산,07,SARS-CoV-2,4,8351.70,3.9218,47257.81,19000.4075,-0.7899,188.5,24.3,1218898,1218898,,2025-W31,28927.77,1
2025-W29,2025-07-13,세종,08,SARS-CoV-2,4,9884.94,3.9950,7812.29,4475.1250,3.7598,152.0,24.0,343577,343577,,2025-W31,6971.03,1
2025-W29,2025-07-13,경기,09,SARS-CoV-2,4,6203.04,3.7927,5776.07,4939.1800,0.0233,251.0,22.7,6563383,2478387,,2025-W31,12505.51,1
2025-W29,2025-07-13,강원,10,SARS-CoV-2,6,11250.90,4.0512,12851.93,10549.4375,-0.3710,128.5,20.0,816637,816637,,2025-W31,16056.81,1
2025-W29,2025-07-13,충북,11,SARS-CoV-2,6,10403.24,4.0172,15589.74,7693.1675,-0.2935,194.9,23.3,374120,374120,,2025-W31,11146.75,1
2025-W29,2025-07-13,충남,12,SARS-CoV-2,8,36529.64,4.5627,23032.98,26822.4350,0.3053,172.9,24.0,1408091,1266129,,2025-W31,32395.06,0
2025-W29,2025-07-13,전북,13,SARS-CoV-2,4,1322.51,3.1217,2199.89,1480.4625,-0.4923,153.6,22.7,1043386,906026,,2025-W31,1645.77,0
2025-W29,2025-07-13,전남,14,SARS-CoV-2,11,1222.52,3.0876,3406.09,1651.6675,-0.1743,162.3,23.4,1017979,1017979,,2025-W31,242.93,0
2025-W29,2025-07-13,경북,15,SARS-CoV-2,8,664.59,2.8232,907.17,594.6600,-0.2571,196.7,23.2,1287477,1173671,,2025-W31,1637.47,1
2025-W29,2025-07-13,경남,16,SARS-CoV-2,6,6272.11,3.7975,9699.41,3693.5975,0.9206,189.3,23.2,1723394,1723394,,2025-W31,29952.48,1
2025-W29,2025-07-13,제주,17,SARS-CoV-2,8,3151.60,3.4987,4525.41,3372.2200,-0.3274,121.9,22.1,563849,563849,,2025-W31,8296.25,1
2025-W30,2025-07-20,서울,01,SARS-CoV-2,5,4536.43,3.6568,6300.40,3822.5825,-0.0885,30.0,28.2,9667667,11268168,,2025-W32,8950.27,1
2025-W30,2025-07-20,부산,02,SARS-CoV-2,6,6523.39,3.8145,8126.56,3791.3100,0.7680,2.7,27.7,2961386,2961386,,2025-W32,18699.38,1
2025-W30,2025-07-20,대구,03,SARS-CoV-2,4,44633.37,4.6497,32970.40,32873.0300,0.3080,3.1,28.6,1948639,1948639,,2025-W32,8874.32,0
2025-W30,2025-07-20,인천,04,SARS-CoV-2,7,1960.78,3.2927,2353.17,2364.0200,-0.4753,25.0,27.6,2579599,2313918,,2025-W32,8630.97,1
2025-W30,2025-07-20,광주,05,SARS-CoV-2,3,4972.98,3.6967,6125.57,5094.1825,-0.0970,7.0,28.1,691807,691807,,2025-W32,13601.89,1
2025-W30,2025-07-20,대전,06,SARS-CoV-2,5,142527.99,5.1539,76952.26,50080.6325,4.6802,6.6,28.3,1439687,1439687,,2025-W32,41171.82,0
2025-W30,2025-07-20,울산,07,SARS-CoV-2,3,93667.37,4.9716,43648.95,40882.3425,10.2154,3.1,27.7,1218898,704531,,2025-W32,12477.50,0
2025-W30,2025-07-20,세종,08,SARS-CoV-2,4,11475.20,4.0598,9443.72,6623.0650,0.1609,3.5,27.6,343577,343577,,2025-W32,2271.20,0
2025-W30,2025-07-20,경기,09,SARS-CoV-2,4,5063.12,3.7045,7923.89,5132.8125,-0.1838,27.1,26.6,6563383,2478387,,2025-W32,18450.32,1
2025-W30,2025-07-20,강원,10,SARS-CoV-2,6,9417.85,3.9740,12241.85,11966.7250,-0.1629,13.8,23.4,816637,816637,,2025-W32,13839.70,0
2025-W30,2025-07-20,충북,11,SARS-CoV-2,6,21640.04,4.3353,14396.67,12555.1700,1.0801,6.0,26.9,374120,374120,,2025-W32,4733.66,0
2025-W30,2025-07-20,충남,12,SARS-CoV-2,8,4583.07,3.6613,24502.59,22826.1350,-0.8745,3.5,27.9,1408091,1266129,,2025-W32,34275.97,1
2025-W30,2025-07-20,전북,13,SARS-CoV-2,3,2672.44,3.4271,1880.24,1951.1850,1.0207,12.7,26.7,1043386,897106,,2025-W32,3227.89,1
2025-W30,2025-07-20,전남,14,SARS-CoV-2,9,7515.14,3.8760,2993.53,3088.2575,5.1473,9.1,26.6,1017979,948726,,2025-W32,205.31,0
2025-W30,2025-07-20,경북,15,SARS-CoV-2,8,1162.30,3.0657,1154.79,788.9725,0.7489,1.6,27.3,1287477,1173671,,2025-W32,2110.50,1
2025-W30,2025-07-20,경남,16,SARS-CoV-2,6,19560.41,4.2914,18595.00,8102.4650,2.1186,5.7,26.6,1723394,1723394,,2025-W32,135857.61,1
2025-W30,2025-07-20,제주,17,SARS-CoV-2,8,5738.80,3.7589,5728.88,4371.5600,0.8209,16.8,23.9,563849,563849,,2025-W32,8094.90,1
2025-W31,2025-07-27,서울,01,SARS-CoV-2,5,9387.89,3.9726,7624.86,5720.5875,1.0694,2.5,31.9,9667667,11268168,,2025-W33,20037.16,1
2025-W31,2025-07-27,부산,02,SARS-CoV-2,6,14166.53,4.1513,13129.77,6640.5775,1.1717,1.7,29.2,2961386,2961386,,2025-W33,25951.06,1
2025-W31,2025-07-27,대구,03,SARS-CoV-2,4,20155.11,4.3044,24554.27,30485.5425,-0.5484,0.5,31.1,1948639,1948639,,2025-W33,135606.84,1
2025-W31,2025-07-27,인천,04,SARS-CoV-2,7,1362.04,3.1345,3984.60,2303.1675,-0.3054,0.6,30.6,2579599,2313918,,2025-W33,1013.76,0
2025-W31,2025-07-27,광주,05,SARS-CoV-2,3,7896.60,3.8975,8823.82,5466.1250,0.5879,2.5,30.7,691807,691807,,2025-W33,17028.21,1
2025-W31,2025-07-27,대전,06,SARS-CoV-2,5,63236.85,4.8010,82312.22,62705.5825,-0.5563,0.6,31.0,1439687,1439687,,2025-W33,59480.60,0
2025-W31,2025-07-27,울산,07,SARS-CoV-2,4,28927.77,4.4613,45024.21,42675.2975,-0.6912,2.3,28.8,1218898,1218898,,2025-W33,38641.82,0
2025-W31,2025-07-27,세종,08,SARS-CoV-2,4,6971.03,3.8434,6905.81,7601.9800,-0.3925,0.0,29.8,343577,343577,,2025-W33,3400.62,0
2025-W31,2025-07-27,경기,09,SARS-CoV-2,4,12505.51,4.0971,12006.32,7458.4300,1.4699,0.2,28.5,6563383,2478387,,2025-W33,23692.82,1
2025-W31,2025-07-27,강원,10,SARS-CoV-2,6,16056.81,4.2057,13104.79,13653.1500,0.7049,2.1,25.0,816637,816637,,2025-W33,20601.11,1
2025-W31,2025-07-27,충북,11,SARS-CoV-2,6,11146.75,4.0472,12506.81,14478.9950,-0.4849,0.5,29.2,374120,374120,,2025-W33,20434.29,1
2025-W31,2025-07-27,충남,12,SARS-CoV-2,8,32395.06,4.5105,23751.37,25373.4950,6.0684,1.6,29.7,1408091,1266129,,2025-W33,36382.22,1
2025-W31,2025-07-27,전북,13,SARS-CoV-2,4,1645.77,3.2166,2515.37,2061.3625,-0.3842,0.4,27.9,1043386,906026,,2025-W33,1746.49,0
2025-W31,2025-07-27,전남,14,SARS-CoV-2,11,242.93,2.3873,2654.46,2615.2975,-0.9677,0.9,28.4,1017979,1017979,,2025-W33,4329.82,1
2025-W31,2025-07-27,경북,15,SARS-CoV-2,8,1637.47,3.2144,1636.76,1089.7425,0.4088,0.5,28.3,1287477,1173671,,2025-W33,2720.43,1
2025-W31,2025-07-27,경남,16,SARS-CoV-2,4,29952.48,4.4764,61790.17,14762.6775,0.5313,0.0,27.5,1723394,966306,,2025-W33,257536.29,1
2025-W31,2025-07-27,제주,17,SARS-CoV-2,8,8296.25,3.9189,7376.65,5468.1225,0.4456,11.6,24.1,563849,563849,,2025-W33,3264.19,0
2025-W32,2025-08-03,서울,01,SARS-CoV-2,5,8950.27,3.9519,12791.77,6962.8700,-0.0466,24.5,26.6,9667667,11268168,,2025-W34,28865.08,1
2025-W32,2025-08-03,부산,02,SARS-CoV-2,6,18699.38,4.2719,19605.66,10769.7675,0.3200,51.4,27.4,2961386,2961386,,2025-W34,14065.32,1
2025-W32,2025-08-03,대구,03,SARS-CoV-2,4,8874.32,3.9482,54878.76,26946.3825,-0.5597,62.5,28.0,1948639,1948639,,2025-W34,243913.52,1
2025-W32,2025-08-03,인천,04,SARS-CoV-2,7,8630.97,3.9361,3668.92,3922.6225,5.3368,24.5,26.4,2579599,2313918,,2025-W34,10076.45,1
2025-W32,2025-08-03,광주,05,SARS-CoV-2,3,13601.89,4.1336,12842.23,7994.6500,0.7225,81.5,26.8,691807,691807,,2025-W34,6019.25,0
2025-W32,2025-08-03,대전,06,SARS-CoV-2,5,41171.82,4.6146,54629.76,68007.1550,-0.3489,48.4,26.8,1439687,1439687,,2025-W34,71209.74,0
2025-W32,2025-08-03,울산,07,SARS-CoV-2,4,12477.50,4.0962,26682.36,35856.0850,-0.5687,39.5,28.1,1218898,1218898,,2025-W34,28069.15,0
2025-W32,2025-08-03,세종,08,SARS-CoV-2,4,2271.20,3.3564,4214.28,7650.5925,-0.6742,49.7,26.3,343577,343577,,2025-W34,17983.83,1
2025-W32,2025-08-03,경기,09,SARS-CoV-2,4,18450.32,4.2660,18216.22,10555.4975,0.4754,68.8,25.3,6563383,2478387,,2025-W34,14486.83,1
2025-W32,2025-08-03,강원,10,SARS-CoV-2,6,13839.70,4.1412,16832.54,12641.3150,-0.1381,30.4,22.0,816637,816637,,2025-W34,30026.77,1
2025-W32,2025-08-03,충북,11,SARS-CoV-2,6,4733.66,3.6753,12104.90,11980.9225,-0.5753,68.3,25.5,374120,374120,,2025-W34,26464.05,1
2025-W32,2025-08-03,충남,12,SARS-CoV-2,8,34275.97,4.5350,34351.08,26945.9350,0.0581,42.7,26.1,1408091,1266129,,2025-W34,70179.59,1
2025-W32,2025-08-03,전북,13,SARS-CoV-2,3,3227.89,3.5091,2206.72,2217.1525,0.9613,73.2,25.0,1043386,897106,,2025-W34,2214.59,0
2025-W32,2025-08-03,전남,14,SARS-CoV-2,11,205.31,2.3145,1592.69,2296.4750,-0.1549,88.8,25.8,1017979,1017979,,2025-W34,2905.09,0
2025-W32,2025-08-03,경북,15,SARS-CoV-2,8,2110.50,3.3246,2156.13,1393.7150,0.2889,59.3,26.0,1287477,1173671,,2025-W34,1575.48,0
2025-W32,2025-08-03,경남,16,SARS-CoV-2,6,135857.61,5.1331,141115.46,47910.6525,3.5358,62.8,26.3,1723394,1723394,,2025-W34,492359.35,1
2025-W32,2025-08-03,제주,17,SARS-CoV-2,8,8094.90,3.9083,6551.78,6320.3875,-0.0243,65.3,24.3,563849,563849,,2025-W34,9758.54,1
2025-W33,2025-08-10,서울,01,SARS-CoV-2,5,20037.16,4.3019,19284.17,10727.9375,1.2387,90.0,25.8,9667667,11268168,,2025-W35,14650.78,1
2025-W33,2025-08-10,부산,02,SARS-CoV-2,6,25951.06,4.4142,19571.92,16335.0900,0.3878,154.7,25.7,2961386,2961386,,2025-W35,23103.61,1
2025-W33,2025-08-10,대구,03,SARS-CoV-2,4,135606.84,5.1323,129464.89,52317.4100,14.2808,46.8,26.7,1948639,1948639,,2025-W35,195009.60,1
2025-W33,2025-08-10,인천,04,SARS-CoV-2,5,1013.76,3.0064,6573.73,3241.8875,-0.8825,78.2,25.6,2579599,1419301,,2025-W35,2495.99,0
2025-W33,2025-08-10,광주,05,SARS-CoV-2,3,17028.21,4.2312,12216.45,10874.9200,0.2519,122.4,26.0,691807,691807,,2025-W35,15784.91,1
2025-W33,2025-08-10,대전,06,SARS-CoV-2,5,59480.60,4.7744,57287.39,76604.3150,0.4447,20.0,26.0,1439687,1439687,,2025-W35,38427.55,0
2025-W33,2025-08-10,울산,07,SARS-CoV-2,4,38641.82,4.5871,26396.16,43428.6150,2.0969,100.0,25.7,1218898,1218898,,2025-W35,43821.62,0
2025-W33,2025-08-10,세종,08,SARS-CoV-2,4,3400.62,3.5317,7885.22,6029.5125,0.4973,24.5,25.5,343577,343577,,2025-W35,5818.23,0
2025-W33,2025-08-10,경기,09,SARS-CoV-2,4,23692.82,4.3746,18876.66,14927.9425,0.2841,54.4,24.5,6563383,2478387,,2025-W35,9394.28,0
2025-W33,2025-08-10,강원,10,SARS-CoV-2,6,20601.11,4.3139,21489.20,14978.8675,0.4886,64.7,21.6,816637,816637,,2025-W35,40370.63,1
2025-W33,2025-08-10,충북,11,SARS-CoV-2,6,20434.29,4.3104,17210.67,14488.6850,3.3168,30.2,24.7,374120,374120,,2025-W35,29748.79,1
2025-W33,2025-08-10,충남,12,SARS-CoV-2,8,36382.22,4.5609,46945.92,26909.0800,0.0614,25.8,25.6,1408091,1266129,,2025-W35,76541.18,1
2025-W33,2025-08-10,전북,13,SARS-CoV-2,4,1746.49,3.2424,2396.33,2323.1475,-0.4589,59.0,24.7,1043386,906026,,2025-W35,2129.96,0
2025-W33,2025-08-10,전남,14,SARS-CoV-2,10,4329.82,3.6366,2480.07,3073.3000,20.0895,115.1,24.7,1017979,995487,,2025-W35,2903.07,0
2025-W33,2025-08-10,경북,15,SARS-CoV-2,8,2720.43,3.4348,2135.47,1907.6750,0.2890,21.7,25.2,1287477,1173671,,2025-W35,2794.56,1
2025-W33,2025-08-10,경남,16,SARS-CoV-2,6,257536.29,5.4108,295251.09,110726.6975,0.8956,88.1,25.2,1723394,1723394,,2025-W35,239821.17,1
2025-W33,2025-08-10,제주,17,SARS-CoV-2,8,3264.19,3.5139,7039.21,6348.5350,-0.5968,94.2,23.6,563849,563849,,2025-W35,13313.54,1
2025-W34,2025-08-17,서울,01,SARS-CoV-2,5,28865.08,4.4604,21184.34,16810.1000,0.4406,9.1,27.7,9667667,11268168,,2025-W36,8641.56,0
2025-W34,2025-08-17,부산,02,SARS-CoV-2,6,14065.32,4.1482,21040.00,18220.5725,-0.4580,2.8,28.6,2961386,2961386,,2025-W36,11317.86,0
2025-W34,2025-08-17,대구,03,SARS-CoV-2,4,243913.52,5.3872,191509.99,102137.4475,0.7987,4.1,30.6,1948639,1948639,,2025-W36,123647.64,0
2025-W34,2025-08-17,인천,04,SARS-CoV-2,6,10076.45,4.0034,4528.74,5270.8050,8.9396,9.2,27.5,2579599,2246114,,2025-W36,15060.37,1
2025-W34,2025-08-17,광주,05,SARS-CoV-2,3,6019.25,3.7796,12944.12,11136.4875,-0.6465,3.5,28.5,691807,691807,,2025-W36,7465.16,0
2025-W34,2025-08-17,대전,06,SARS-CoV-2,5,71209.74,4.8525,56372.63,58774.7525,0.1972,3.6,28.7,1439687,1439687,,2025-W36,91681.73,1
2025-W34,2025-08-17,울산,07,SARS-CoV-2,4,28069.15,4.4482,36844.20,27029.0600,-0.2736,1.7,28.7,1218898,1218898,,2025-W36,37222.10,1
2025-W34,2025-08-17,세종,08,SARS-CoV-2,4,17983.83,4.2549,9067.56,7656.6700,4.2884,2.5,27.8,343577,343577,,2025-W36,26297.71,1
2025-W34,2025-08-17,경기,09,SARS-CoV-2,4,14486.83,4.1610,15857.98,17283.8700,-0.3886,7.1,26.6,6563383,2478387,,2025-W36,5868.39,0
2025-W34,2025-08-17,강원,10,SARS-CoV-2,6,30026.77,4.4775,30332.84,20131.0975,0.4575,7.4,23.4,816637,816637,,2025-W36,18826.29,0
2025-W34,2025-08-17,충북,11,SARS-CoV-2,6,26464.05,4.4227,25549.05,15694.6875,0.2951,5.4,26.9,374120,374120,,2025-W36,66770.90,1
2025-W34,2025-08-17,충남,12,SARS-CoV-2,8,70179.59,4.8462,61034.33,43308.2100,0.9290,5.9,27.6,1408091,1266129,,2025-W36,176523.00,1
2025-W34,2025-08-17,전북,13,SARS-CoV-2,4,2214.59,3.3455,2030.35,2208.6850,0.2680,5.8,26.5,1043386,906026,,2025-W36,2689.26,0
2025-W34,2025-08-17,전남,14,SARS-CoV-2,11,2905.09,3.4633,3379.32,1920.7875,-0.3291,8.7,26.5,1017979,1017979,,2025-W36,7273.44,1
2025-W34,2025-08-17,경북,15,SARS-CoV-2,8,1575.48,3.1977,2363.49,2010.9700,-0.4209,1.5,28.7,1287477,1173671,,2025-W36,1698.09,0
2025-W34,2025-08-17,경남,16,SARS-CoV-2,6,492359.35,5.6923,329905.60,228926.4325,0.9118,3.2,27.1,1723394,1723394,,2025-W36,556401.65,1
2025-W34,2025-08-17,제주,17,SARS-CoV-2,8,9758.54,3.9894,8778.76,7353.4700,1.9896,11.3,23.8,563849,563849,,2025-W36,8615.28,0
2025-W35,2025-08-24,서울,01,SARS-CoV-2,5,14650.78,4.1659,17385.81,18125.8225,-0.4924,73.9,27.2,9667667,11268168,,2025-W37,7010.33,0
2025-W35,2025-08-24,부산,02,SARS-CoV-2,6,23103.61,4.3637,16162.26,20454.8425,0.6426,4.4,28.8,2961386,2961386,,2025-W37,16149.73,0
2025-W35,2025-08-24,대구,03,SARS-CoV-2,4,195009.60,5.2901,187523.58,145851.0700,-0.2005,3.1,30.9,1948639,1948639,,2025-W37,142930.00,0
2025-W35,2025-08-24,인천,04,SARS-CoV-2,7,2495.99,3.3974,9210.94,5554.2925,-0.7523,41.6,27.1,2579599,2313918,,2025-W37,9442.87,1
2025-W35,2025-08-24,광주,05,SARS-CoV-2,3,15784.91,4.1983,9756.44,13108.5650,1.6224,26.6,28.8,691807,691807,,2025-W37,7604.44,0
2025-W35,2025-08-24,대전,06,SARS-CoV-2,5,38427.55,4.5847,67106.34,52572.4275,-0.4604,20.3,28.0,1439687,1439687,,2025-W37,111966.36,1
2025-W35,2025-08-24,울산,07,SARS-CoV-2,4,43821.62,4.6417,36370.96,30752.5225,0.5612,4.2,29.0,1218898,1218898,,2025-W37,89612.69,1
2025-W35,2025-08-24,세종,08,SARS-CoV-2,4,5818.23,3.7649,16699.92,7368.4700,-0.6765,27.7,27.4,343577,343577,,2025-W37,6143.54,0
2025-W35,2025-08-24,경기,09,SARS-CoV-2,4,9394.28,3.9729,9916.50,16506.0625,-0.3515,50.1,26.0,6563383,2478387,,2025-W37,11172.97,0
2025-W35,2025-08-24,강원,10,SARS-CoV-2,6,40370.63,4.6061,29741.23,26209.5525,0.3445,27.9,22.8,816637,816637,,2025-W37,36378.25,1
2025-W35,2025-08-24,충북,11,SARS-CoV-2,6,29748.79,4.4735,40994.58,20345.1975,0.1241,21.5,26.8,374120,374120,,2025-W37,12249.48,0
2025-W35,2025-08-24,충남,12,SARS-CoV-2,8,76541.18,4.8839,107747.92,54344.7400,0.0906,52.9,27.2,1408091,1266129,,2025-W37,167129.54,1
2025-W35,2025-08-24,전북,13,SARS-CoV-2,4,2129.96,3.3286,2344.61,2329.7325,-0.0382,21.0,26.1,1043386,906026,,2025-W37,3473.57,1
2025-W35,2025-08-24,전남,14,SARS-CoV-2,11,2903.07,3.4630,4360.53,2585.8225,-0.0007,13.3,27.3,1017979,1017979,,2025-W37,3879.37,1
2025-W35,2025-08-24,경북,15,SARS-CoV-2,8,2794.56,3.4465,2022.71,2300.2425,0.7738,2.1,28.4,1287477,1173671,,2025-W37,3718.64,1
2025-W35,2025-08-24,경남,16,SARS-CoV-2,6,239821.17,5.3799,429527.39,281393.6050,-0.5129,3.2,27.6,1723394,1723394,,2025-W37,641489.33,1
2025-W35,2025-08-24,제주,17,SARS-CoV-2,8,13313.54,4.1243,10562.45,8607.7925,0.3643,20.6,24.2,563849,563849,,2025-W37,8362.03,0
2025-W36,2025-08-31,서울,01,SARS-CoV-2,5,8641.56,3.9366,10100.89,18048.6450,-0.4102,93.3,25.4,9667667,11268168,,2025-W38,8366.96,0
2025-W36,2025-08-31,부산,02,SARS-CoV-2,6,11317.86,4.0538,16857.07,18609.4625,-0.5101,52.8,26.4,2961386,2961386,,2025-W38,12019.64,0
2025-W36,2025-08-31,대구,03,SARS-CoV-2,4,123647.64,5.0922,153862.41,174544.4000,-0.3659,46.4,27.7,1948639,1948639,,2025-W38,127604.66,0
2025-W36,2025-08-31,인천,04,SARS-CoV-2,7,15060.37,4.1779,8999.75,7161.6425,5.0338,108.2,25.7,2579599,2313918,,2025-W38,6937.85,0
2025-W36,2025-08-31,광주,05,SARS-CoV-2,3,7465.16,3.8731,10284.84,11574.3825,-0.5271,33.4,27.0,691807,691807,,2025-W38,10233.65,0
2025-W36,2025-08-31,대전,06,SARS-CoV-2,5,91681.73,4.9623,80691.88,65199.9050,1.3858,17.6,26.8,1439687,1439687,,2025-W38,68395.39,0
2025-W36,2025-08-31,울산,07,SARS-CoV-2,4,37222.10,4.5708,56885.47,36938.6725,-0.1506,16.4,27.0,1218898,1218898,,2025-W38,17521.94,0
2025-W36,2025-08-31,세종,08,SARS-CoV-2,4,26297.71,4.4199,12753.16,13375.0975,3.5199,23.1,26.1,343577,343577,,2025-W38,9443.96,0
2025-W36,2025-08-31,경기,09,SARS-CoV-2,4,5868.39,3.7686,8811.88,13360.5800,-0.3753,83.0,24.5,6563383,2478387,,2025-W38,11676.15,0
2025-W36,2025-08-31,강원,10,SARS-CoV-2,6,18826.29,4.2748,31858.39,27456.2000,-0.5337,44.8,21.3,816637,816637,,2025-W38,36378.27,1
2025-W36,2025-08-31,충북,11,SARS-CoV-2,6,66770.90,4.8246,36256.39,35854.5075,1.2445,23.1,25.5,374120,374120,,2025-W38,22178.32,0
2025-W36,2025-08-31,충남,12,SARS-CoV-2,8,176523.00,5.2468,140064.57,89906.4975,1.3062,18.7,26.2,1408091,1266129,,2025-W38,125048.24,1
2025-W36,2025-08-31,전북,13,SARS-CoV-2,4,2689.26,3.4298,2764.26,2195.0750,0.2626,37.6,25.0,1043386,906026,,2025-W38,3235.96,1
2025-W36,2025-08-31,전남,14,SARS-CoV-2,11,7273.44,3.8618,4685.29,4352.8550,1.5054,21.3,26.1,1017979,1017979,,2025-W38,2855.51,0
2025-W36,2025-08-31,경북,15,SARS-CoV-2,8,1698.09,3.2302,2737.10,2197.1400,-0.3924,11.0,26.1,1287477,1173671,,2025-W38,2845.94,0
2025-W36,2025-08-31,경남,16,SARS-CoV-2,6,556401.65,5.7454,479237.38,386529.6150,1.3201,36.0,25.5,1723394,1723394,,2025-W38,288234.46,0
2025-W36,2025-08-31,제주,17,SARS-CoV-2,8,8615.28,3.9353,10096.95,8737.8875,-0.3529,22.5,23.5,563849,563849,,2025-W38,5619.20,0
2025-W37,2025-09-07,서울,01,SARS-CoV-2,5,7010.33,3.8458,8006.29,14791.9375,-0.1888,65.8,23.2,9667667,11268168,,2025-W39,4392.28,0
2025-W37,2025-09-07,부산,02,SARS-CoV-2,6,16149.73,4.2082,13162.41,16159.1300,0.4269,47.9,24.9,2961386,2961386,,2025-W39,7476.72,0
2025-W37,2025-09-07,대구,03,SARS-CoV-2,4,142930.00,5.1551,131394.10,176375.1900,0.1559,49.5,24.2,1948639,1948639,,2025-W39,198758.97,0
2025-W37,2025-09-07,인천,04,SARS-CoV-2,7,9442.87,3.9752,10480.37,9268.9200,-0.3730,64.3,23.5,2579599,2313918,,2025-W39,10436.26,0
2025-W37,2025-09-07,광주,05,SARS-CoV-2,3,7604.44,3.8811,8434.42,9218.4400,0.0187,70.7,23.9,691807,691807,,2025-W39,7940.87,0
2025-W37,2025-09-07,대전,06,SARS-CoV-2,5,111966.36,5.0491,90681.16,78321.3450,0.2213,38.2,23.5,1439687,1439687,,2025-W39,57285.26,0
2025-W37,2025-09-07,울산,07,SARS-CoV-2,4,89612.69,4.9524,48118.91,49681.3900,1.4075,85.2,24.7,1218898,1218898,,2025-W39,24905.74,0
2025-W37,2025-09-07,세종,08,SARS-CoV-2,4,6143.54,3.7885,13961.74,14060.8275,-0.7664,50.7,22.9,343577,343577,,2025-W39,11822.73,0
2025-W37,2025-09-07,경기,09,SARS-CoV-2,4,11172.97,4.0482,9572.50,10230.6175,0.9039,70.0,21.8,6563383,2478387,,2025-W39,6532.65,0
2025-W37,2025-09-07,강원,10,SARS-CoV-2,6,36378.25,4.5609,30527.60,31400.4850,0.9323,66.8,18.3,816637,816637,,2025-W39,22808.46,0
2025-W37,2025-09-07,충북,11,SARS-CoV-2,5,12249.48,4.0882,33732.90,33808.3050,-0.8165,61.6,22.2,374120,200819,,2025-W39,25461.74,0
2025-W37,2025-09-07,충남,12,SARS-CoV-2,8,167129.54,5.2231,156233.59,122593.3275,-0.0532,58.4,23.4,1408091,1266129,,2025-W39,60565.33,0
2025-W37,2025-09-07,전북,13,SARS-CoV-2,4,3473.57,3.5409,3132.93,2626.8450,0.2916,57.1,22.2,1043386,906026,,2025-W39,2306.03,0
2025-W37,2025-09-07,전남,14,SARS-CoV-2,10,3879.37,3.5889,4669.44,4240.2425,-0.4666,123.8,23.1,1017979,971218,,2025-W39,7242.67,1
2025-W37,2025-09-07,경북,15,SARS-CoV-2,8,3718.64,3.5705,2754.23,2446.6925,1.1899,45.2,22.9,1287477,1173671,,2025-W39,3730.49,1
2025-W37,2025-09-07,경남,16,SARS-CoV-2,6,641489.33,5.8072,495375.15,482517.8750,0.1529,71.3,22.9,1723394,1723394,,2025-W39,268808.46,0
2025-W37,2025-09-07,제주,17,SARS-CoV-2,8,8362.03,3.9224,7532.17,10012.3475,-0.0294,49.9,22.8,563849,563849,,2025-W39,3822.72,0
2025-W38,2025-09-14,서울,01,SARS-CoV-2,5,8366.96,3.9226,6589.86,9667.4075,0.1935,83.8,21.7,9667667,11268168,,2025-W40,4187.53,0
2025-W38,2025-09-14,부산,02,SARS-CoV-2,6,12019.64,4.0799,11882.03,15647.7100,-0.2557,16.5,24.5,2961386,2961386,,2025-W40,9007.86,0
2025-W38,2025-09-14,대구,03,SARS-CoV-2,4,127604.66,5.1059,156431.21,147297.9750,-0.1072,18.1,24.0,1948639,1948639,,2025-W40,60916.76,0
2025-W38,2025-09-14,인천,04,SARS-CoV-2,7,6937.85,3.8413,8939.00,8484.2700,-0.2653,95.2,22.0,2579599,2313918,,2025-W40,2717.65,0
2025-W38,2025-09-14,광주,05,SARS-CoV-2,3,10233.65,4.0101,8592.99,10272.0400,0.3457,52.0,24.2,691807,691807,,2025-W40,6849.18,0
2025-W38,2025-09-14,대전,06,SARS-CoV-2,5,68395.39,4.8350,79215.67,77617.7575,-0.3891,108.5,23.1,1439687,1439687,,2025-W40,45780.54,0
2025-W38,2025-09-14,울산,07,SARS-CoV-2,4,17521.94,4.2436,44013.46,47044.5875,-0.8045,21.1,24.1,1218898,1218898,,2025-W40,33061.24,0
2025-W38,2025-09-14,세종,08,SARS-CoV-2,4,9443.96,3.9752,9136.74,11925.8600,0.5372,90.3,22.4,343577,343577,,2025-W40,13724.74,0
2025-W38,2025-09-14,경기,09,SARS-CoV-2,4,11676.15,4.0673,9793.92,9527.9475,0.0450,93.6,20.7,6563383,2478387,,2025-W40,3143.88,0
2025-W38,2025-09-14,강원,10,SARS-CoV-2,6,36378.27,4.5609,31854.99,32988.3600,0.0000,103.6,17.2,816637,816637,,2025-W40,34755.62,0
2025-W38,2025-09-14,충북,11,SARS-CoV-2,6,22178.32,4.3459,19963.18,32736.8725,0.8106,139.8,21.6,374120,374120,,2025-W40,24043.06,0
2025-W38,2025-09-14,충남,12,SARS-CoV-2,8,125048.24,5.0971,117581.04,136310.4900,-0.2518,105.7,22.5,1408091,1266129,,2025-W40,88200.63,0
2025-W38,2025-09-14,전북,13,SARS-CoV-2,4,3235.96,3.5101,3005.19,2882.1875,-0.0684,47.1,22.4,1043386,906026,,2025-W40,2834.40,0
2025-W38,2025-09-14,전남,14,SARS-CoV-2,10,2855.51,3.4558,4659.18,4227.8475,-0.2639,34.7,23.3,1017979,995487,,2025-W40,3116.86,0
2025-W38,2025-09-14,경북,15,SARS-CoV-2,8,2845.94,3.4544,3431.69,2764.3075,-0.2347,56.1,21.9,1287477,1173671,,2025-W40,2471.63,0
2025-W38,2025-09-14,경남,16,SARS-CoV-2,5,288234.46,5.4597,399510.75,431486.6525,-0.5507,20.1,23.5,1723394,1446496,,2025-W40,189819.54,0
2025-W38,2025-09-14,제주,17,SARS-CoV-2,8,5619.20,3.7498,5934.65,8977.5125,-0.3280,68.6,22.3,563849,563849,,2025-W40,11428.33,0
2025-W39,2025-09-21,서울,01,SARS-CoV-2,5,4392.28,3.6428,5648.92,7102.7825,-0.4750,38.4,20.6,9667667,11268168,,2025-W41,872.69,0
2025-W39,2025-09-21,부산,02,SARS-CoV-2,6,7476.72,3.8738,9501.41,11740.9875,-0.3780,15.0,22.4,2961386,2961386,,2025-W41,4457.31,0
2025-W39,2025-09-21,대구,03,SARS-CoV-2,4,198758.97,5.2983,129093.46,148235.3175,0.5576,13.7,22.1,1948639,1948639,,2025-W41,30641.05,0
2025-W39,2025-09-21,인천,04,SARS-CoV-2,7,10436.26,4.0186,6697.25,10469.3375,0.5042,46.2,20.9,2579599,2313918,,2025-W41,7507.52,0
2025-W39,2025-09-21,광주,05,SARS-CoV-2,3,7940.87,3.8999,8341.23,8311.0300,-0.2240,23.0,22.7,691807,691807,,2025-W41,3766.03,0
2025-W39,2025-09-21,대전,06,SARS-CoV-2,5,57285.26,4.7581,57153.73,82332.1850,-0.1624,22.6,21.6,1439687,1439687,,2025-W41,3241.44,0
2025-W39,2025-09-21,울산,07,SARS-CoV-2,4,24905.74,4.3963,25162.97,42315.6175,0.4214,9.3,22.0,1218898,1218898,,2025-W41,19049.28,0
2025-W39,2025-09-21,세종,08,SARS-CoV-2,4,11822.73,4.0728,11663.81,13426.9850,0.2519,25.8,21.0,343577,343577,,2025-W41,4813.64,0
2025-W39,2025-09-21,경기,09,SARS-CoV-2,4,6532.65,3.8152,7117.56,8812.5400,-0.4405,25.0,19.7,6563383,2478387,,2025-W41,3036.78,0
2025-W39,2025-09-21,강원,10,SARS-CoV-2,6,22808.46,4.3581,31314.12,28597.8175,-0.3730,28.2,16.2,816637,816637,,2025-W41,18049.80,0
2025-W39,2025-09-21,충북,11,SARS-CoV-2,6,25461.74,4.4059,23894.37,31665.1100,0.1480,18.9,20.3,374120,374120,,2025-W41,34474.16,0
2025-W39,2025-09-21,충남,12,SARS-CoV-2,8,60565.33,4.7822,91271.40,132316.5275,-0.5157,38.3,21.3,1408091,1266129,,2025-W41,50088.04,0
2025-W39,2025-09-21,전북,13,SARS-CoV-2,4,2306.03,3.3631,2792.13,2926.2050,-0.2874,24.6,21.2,1043386,906026,,2025-W41,2167.30,0
2025-W39,2025-09-21,전남,14,SARS-CoV-2,11,7242.67,3.8600,4405.01,5312.7475,1.5364,31.9,21.7,1017979,1017979,,2025-W41,4459.67,0
2025-W39,2025-09-21,경북,15,SARS-CoV-2,7,3730.49,3.5719,3016.02,2998.2900,0.3108,8.2,20.4,1287477,1135415,,2025-W41,1360.91,0
2025-W39,2025-09-21,경남,16,SARS-CoV-2,6,268808.46,5.4294,248954.15,438733.4750,-0.0674,10.6,21.4,1723394,1723394,,2025-W41,137300.35,0
2025-W39,2025-09-21,제주,17,SARS-CoV-2,8,3822.72,3.5825,6956.75,6604.8075,-0.3197,56.6,20.7,563849,563849,,2025-W41,2618.91,0
2025-W40,2025-09-28,서울,01,SARS-CoV-2,5,4187.53,3.6221,3150.83,5989.2750,-0.0466,25.6,19.8,9667667,11268168,,2025-W42,775.61,0
2025-W40,2025-09-28,부산,02,SARS-CoV-2,6,9007.86,3.9547,6980.63,11163.4875,0.2048,72.9,20.8,2961386,2961386,,2025-W42,10075.70,0
2025-W40,2025-09-28,대구,03,SARS-CoV-2,4,60916.76,4.7847,96772.26,132552.5975,-0.6935,23.9,20.6,1948639,1948639,,2025-W42,15282.96,0
2025-W40,2025-09-28,인천,04,SARS-CoV-2,7,2717.65,3.4344,6887.14,7383.6575,-0.7396,27.2,20.0,2579599,2313918,,2025-W42,3012.55,0
2025-W40,2025-09-28,광주,05,SARS-CoV-2,3,6849.18,3.8357,6185.36,8157.0350,-0.1375,103.6,20.2,691807,691807,,2025-W42,647.97,0
2025-W40,2025-09-28,대전,06,SARS-CoV-2,5,45780.54,4.6607,35435.75,70856.8875,-0.2008,41.4,20.1,1439687,1439687,,2025-W42,34640.57,0
2025-W40,2025-09-28,울산,07,SARS-CoV-2,4,33061.24,4.5193,25672.08,41275.4025,0.3275,56.2,20.3,1218898,1218898,,2025-W42,19099.14,0
2025-W40,2025-09-28,세종,08,SARS-CoV-2,4,13724.74,4.1375,10120.37,10283.7425,0.1609,30.5,19.7,343577,343577,,2025-W42,4088.74,0
2025-W40,2025-09-28,경기,09,SARS-CoV-2,8,3143.88,3.4976,4237.77,8131.4125,-0.5187,27.6,18.7,6563383,4536708,,2025-W42,1037.14,0
2025-W40,2025-09-28,강원,10,SARS-CoV-2,6,34755.62,4.5410,25204.63,32580.1500,0.5238,21.1,15.1,816637,816637,,2025-W42,10090.95,0
2025-W40,2025-09-28,충북,11,SARS-CoV-2,6,24043.06,4.3810,27992.99,20983.1500,-0.0557,38.7,18.9,374120,374120,,2025-W42,16534.38,0
2025-W40,2025-09-28,충남,12,SARS-CoV-2,8,88200.63,4.9455,66284.66,110235.9350,0.4563,51.1,20.1,1408091,1266129,,2025-W42,40388.33,0
2025-W40,2025-09-28,전북,13,SARS-CoV-2,4,2834.40,3.4526,2435.91,2962.4900,0.2291,58.9,18.7,1043386,906026,,2025-W42,1566.86,0
2025-W40,2025-09-28,전남,14,SARS-CoV-2,11,3116.86,3.4939,4939.73,4273.6025,-0.5697,132.1,19.3,1017979,1017979,,2025-W42,2086.38,0
2025-W40,2025-09-28,경북,15,SARS-CoV-2,8,2471.63,3.3932,2521.01,3191.6750,-0.3375,21.3,19.2,1287477,1173671,,2025-W42,1691.06,0
2025-W40,2025-09-28,경남,16,SARS-CoV-2,6,189819.54,5.2783,198642.78,347087.9475,-0.2938,66.3,19.5,1723394,1723394,,2025-W42,96719.66,0
2025-W40,2025-09-28,제주,17,SARS-CoV-2,8,11428.33,4.0580,5956.65,7308.0700,1.9896,125.6,19.0,563849,563849,,2025-W42,2801.98,0
2025-W41,2025-10-05,서울,01,SARS-CoV-2,5,872.69,2.9414,1945.28,4454.8650,-0.7916,91.6,19.1,9667667,11268168,,2025-W43,1084.86,0
2025-W41,2025-10-05,부산,02,SARS-CoV-2,6,4457.31,3.6492,7846.96,8240.3825,-0.5052,11.3,21.4,2961386,2961386,,2025-W43,3965.21,0
2025-W41,2025-10-05,대구,03,SARS-CoV-2,4,30641.05,4.4863,35613.59,104480.3600,-0.4970,11.1,21.1,1948639,1948639,,2025-W43,15930.11,0
2025-W41,2025-10-05,인천,04,SARS-CoV-2,7,7507.52,3.8756,4412.57,6899.8200,1.7625,80.8,19.7,2579599,2313918,,2025-W43,2817.43,0
2025-W41,2025-10-05,광주,05,SARS-CoV-2,3,3766.03,3.5760,3754.39,7197.4325,-0.4501,10.6,22.3,691807,691807,,2025-W43,1749.26,0
2025-W41,2025-10-05,대전,06,SARS-CoV-2,4,3241.44,3.5109,27887.52,43675.6575,-0.9292,29.0,21.1,1439687,1414171,,2025-W43,27944.48,0
2025-W41,2025-10-05,울산,07,SARS-CoV-2,4,19049.28,4.2799,23736.55,23634.5500,-0.4238,31.9,21.1,1218898,1218898,,2025-W43,8220.17,0
2025-W41,2025-10-05,세종,08,SARS-CoV-2,4,4813.64,3.6826,7542.37,9951.2675,-0.6493,55.3,20.9,343577,343577,,2025-W43,2618.14,0
2025-W41,2025-10-05,경기,09,SARS-CoV-2,8,3036.78,3.4826,2405.93,6097.3650,-0.0341,91.1,18.7,6563383,4536708,,2025-W43,731.09,0
2025-W41,2025-10-05,강원,10,SARS-CoV-2,6,18049.80,4.2565,20965.46,27998.0375,-0.4807,75.0,14.8,816637,816637,,2025-W43,7629.37,0
2025-W41,2025-10-05,충북,11,SARS-CoV-2,6,34474.16,4.5375,25017.20,26539.3200,0.4339,41.6,20.0,374120,374120,,2025-W43,12500.99,0
2025-W41,2025-10-05,충남,12,SARS-CoV-2,8,50088.04,4.6997,59559.00,80975.5600,-0.4321,30.0,21.2,1408091,1266129,,2025-W43,43227.82,0
2025-W41,2025-10-05,전북,13,SARS-CoV-2,4,2167.30,3.3361,2189.52,2635.9225,-0.2354,33.7,20.8,1043386,906026,,2025-W43,1713.71,0
2025-W41,2025-10-05,전남,14,SARS-CoV-2,10,4459.67,3.6494,3220.97,4418.6775,0.4308,6.5,21.3,1017979,967626,,2025-W43,993.58,0
2025-W41,2025-10-05,경북,15,SARS-CoV-2,7,1360.91,3.1341,1841.20,2602.2425,-0.4494,17.0,19.6,1287477,1135415,,2025-W43,1803.56,0
2025-W41,2025-10-05,경남,16,SARS-CoV-2,6,137300.35,5.1377,141279.85,221040.7025,-0.2767,32.5,20.3,1723394,1723394,,2025-W43,65587.49,0
2025-W41,2025-10-05,제주,17,SARS-CoV-2,8,2618.91,3.4183,5616.40,5872.2900,-0.7708,13.1,19.8,563849,563849,,2025-W43,1832.37,0
2025-W42,2025-10-12,서울,01,SARS-CoV-2,5,775.61,2.8902,911.05,2557.0275,-0.1112,62.7,17.6,9667667,11268168,,2025-W44,1142.70,0
2025-W42,2025-10-12,부산,02,SARS-CoV-2,6,10075.70,4.0033,6166.07,7754.3975,1.2605,72.9,20.3,2961386,2961386,,2025-W44,2334.18,0
2025-W42,2025-10-12,대구,03,SARS-CoV-2,4,15282.96,4.1842,20618.04,76399.9350,-0.5012,42.0,19.3,1948639,1948639,,2025-W44,21888.12,0
2025-W42,2025-10-12,인천,04,SARS-CoV-2,7,3012.55,3.4791,4445.83,5918.4950,-0.5987,59.8,17.9,2579599,2313918,,2025-W44,2370.28,0
2025-W42,2025-10-12,광주,05,SARS-CoV-2,3,647.97,2.8122,2054.42,4801.0125,-0.8279,79.2,20.8,691807,691807,,2025-W44,2597.18,0
2025-W42,2025-10-12,대전,06,SARS-CoV-2,5,34640.57,4.5396,21942.16,35236.9525,9.6868,119.1,19.5,1439687,1439687,,2025-W44,21836.32,0
2025-W42,2025-10-12,울산,07,SARS-CoV-2,4,19099.14,4.2810,15456.20,24028.8500,0.0026,63.5,19.4,1218898,1218898,,2025-W44,11119.57,0
2025-W42,2025-10-12,세종,08,SARS-CoV-2,4,4088.74,3.6117,3840.17,8612.4625,-0.1506,117.4,19.1,343577,343577,,2025-W44,3641.57,0
2025-W42,2025-10-12,경기,09,SARS-CoV-2,8,1037.14,3.0163,1601.67,3437.6125,-0.6585,69.7,17.5,6563383,4536708,,2025-W44,2861.13,0
2025-W42,2025-10-12,강원,10,SARS-CoV-2,6,10090.95,4.0040,11923.37,21426.2075,-0.4409,48.3,13.2,816637,816637,,2025-W44,9450.96,0
2025-W42,2025-10-12,충북,11,SARS-CoV-2,6,16534.38,4.2184,21169.85,25128.3350,-0.5204,101.5,18.2,374120,374120,,2025-W44,9618.87,0
2025-W42,2025-10-12,충남,12,SARS-CoV-2,8,40388.33,4.6063,44568.06,59810.5825,-0.1937,96.5,19.2,1408091,1266129,,2025-W44,36105.38,0
2025-W42,2025-10-12,전북,13,SARS-CoV-2,4,1566.86,3.1953,1815.96,2218.6475,-0.2770,84.3,19.2,1043386,906026,,2025-W44,1661.45,0
2025-W42,2025-10-12,전남,14,SARS-CoV-2,10,2086.38,3.3196,2513.21,4226.3950,-0.5322,79.0,20.1,1017979,995487,,2025-W44,2247.00,0
2025-W42,2025-10-12,경북,15,SARS-CoV-2,8,1691.06,3.2284,1618.51,2313.5225,0.2426,115.7,17.8,1287477,1173671,,2025-W44,1340.78,0
2025-W42,2025-10-12,경남,16,SARS-CoV-2,6,96719.66,4.9855,99869.17,173162.0025,-0.2956,62.8,19.2,1723394,1723394,,2025-W44,42608.34,0
2025-W42,2025-10-12,제주,17,SARS-CoV-2,8,2801.98,3.4476,2417.75,5167.9850,0.0699,54.7,19.4,563849,563849,,2025-W44,668.55,0
2025-W43,2025-10-19,서울,01,SARS-CoV-2,5,1084.86,3.0358,1001.06,1730.1725,0.3987,1.6,12.1,9667667,11268168,,2025-W45,622.18,0
2025-W43,2025-10-19,부산,02,SARS-CoV-2,6,3965.21,3.5984,5458.36,6876.5200,-0.6065,4.5,16.1,2961386,2961386,,2025-W45,5350.18,0
2025-W43,2025-10-19,대구,03,SARS-CoV-2,4,15930.11,4.2022,17700.40,30692.7200,0.0423,5.4,15.2,1948639,1948639,,2025-W45,15544.62,0
2025-W43,2025-10-19,인천,04,SARS-CoV-2,7,2817.43,3.4500,2733.42,4013.7875,-0.0648,1.5,12.0,2579599,2313918,,2025-W45,1697.20,0
2025-W43,2025-10-19,광주,05,SARS-CoV-2,3,1749.26,3.2431,1664.81,3253.1100,1.6996,0.2,14.4,691807,691807,,2025-W45,826.95,0
2025-W43,2025-10-19,대전,06,SARS-CoV-2,5,27944.48,4.4463,28140.46,27901.7575,-0.1933,0.5,13.9,1439687,1439687,,2025-W45,42600.49,1
2025-W43,2025-10-19,울산,07,SARS-CoV-2,4,8220.17,3.9149,12812.96,19857.4575,-0.5696,15.3,15.4,1218898,1218898,,2025-W45,5285.52,0
2025-W43,2025-10-19,세종,08,SARS-CoV-2,4,2618.14,3.4182,3449.48,6311.3150,-0.3597,0.7,13.3,343577,343577,,2025-W45,3066.11,0
2025-W43,2025-10-19,경기,09,SARS-CoV-2,8,731.09,2.8646,1543.12,1987.2225,-0.2951,1.4,12.3,6563383,4536708,,2025-W45,5789.92,1
2025-W43,2025-10-19,강원,10,SARS-CoV-2,6,7629.37,3.8825,9057.09,17631.4350,-0.2439,3.6,9.0,816637,816637,,2025-W45,3508.25,0
2025-W43,2025-10-19,충북,11,SARS-CoV-2,6,12500.99,4.0970,12884.75,21888.1475,-0.2439,4.7,13.1,374120,374120,,2025-W45,4739.16,0
2025-W43,2025-10-19,충남,12,SARS-CoV-2,8,43227.82,4.6358,39907.18,55476.2050,0.0703,0.8,13.1,1408091,1266129,,2025-W45,33359.23,0
2025-W43,2025-10-19,전북,13,SARS-CoV-2,4,1713.71,3.2342,1647.34,2070.5675,0.0937,0.5,13.3,1043386,906026,,2025-W45,3082.30,1
2025-W43,2025-10-19,전남,14,SARS-CoV-2,11,993.58,2.9976,1775.65,2664.1225,-0.5238,0.2,13.9,1017979,1017979,,2025-W45,1397.06,0
2025-W43,2025-10-19,경북,15,SARS-CoV-2,8,1803.56,3.2564,1611.80,1831.7900,0.0665,3.9,14.0,1287477,1173671,,2025-W45,1061.51,0
2025-W43,2025-10-19,경남,16,SARS-CoV-2,6,65587.49,4.8168,68305.16,122356.7600,-0.3219,3.2,14.9,1723394,1723394,,2025-W45,65190.35,0
2025-W43,2025-10-19,제주,17,SARS-CoV-2,8,1832.37,3.2633,1767.63,4670.3975,-0.3460,44.0,13.6,563849,563849,,2025-W45,960.56,0
2025-W44,2025-10-26,서울,01,SARS-CoV-2,5,1142.70,3.0583,949.91,968.9650,0.0533,2.1,9.9,9667667,11268168,,2025-W46,388.72,0
2025-W44,2025-10-26,부산,02,SARS-CoV-2,6,2334.18,3.3683,3883.19,5208.1000,-0.4113,0.4,11.4,2961386,2961386,,2025-W46,1792.11,0
2025-W44,2025-10-26,대구,03,SARS-CoV-2,4,21888.12,4.3402,17787.62,20935.5600,0.3740,2.4,11.0,1948639,1948639,,2025-W46,14490.81,0
2025-W44,2025-10-26,인천,04,SARS-CoV-2,7,2370.28,3.3750,2294.97,3926.9450,-0.1587,3.6,10.5,2579599,2313918,,2025-W46,3011.65,0
2025-W44,2025-10-26,광주,05,SARS-CoV-2,3,2597.18,3.4147,1724.47,2190.1100,0.4847,0.7,11.7,691807,691807,,2025-W46,610.29,0
2025-W44,2025-10-26,대전,06,SARS-CoV-2,5,21836.32,4.3392,30793.76,21915.7025,-0.2186,1.7,10.6,1439687,1439687,,2025-W46,2.58,0
2025-W44,2025-10-26,울산,07,SARS-CoV-2,4,11119.57,4.0461,8208.42,14372.0400,0.3527,0.7,10.6,1218898,1218898,,2025-W46,15723.19,0
2025-W44,2025-10-26,세종,08,SARS-CoV-2,4,3641.57,3.5614,3108.61,3790.5225,0.3909,2.2,10.4,343577,343577,,2025-W46,3175.65,0
2025-W44,2025-10-26,경기,09,SARS-CoV-2,8,2861.13,3.4567,3127.38,1916.5350,2.9135,8.1,8.9,6563383,4536708,,2025-W46,7729.12,1
2025-W44,2025-10-26,강원,10,SARS-CoV-2,6,9450.96,3.9755,6862.86,11305.2700,0.2388,2.9,5.3,816637,816637,,2025-W46,8466.65,0
2025-W44,2025-10-26,충북,11,SARS-CoV-2,6,9618.87,3.9832,8953.01,18282.1000,-0.2306,2.4,9.3,374120,374120,,2025-W46,2885.73,0
2025-W44,2025-10-26,충남,12,SARS-CoV-2,8,36105.38,4.5576,37564.14,42452.3925,-0.1648,2.6,11.4,1408091,1266129,,2025-W46,28047.02,0
2025-W44,2025-10-26,전북,13,SARS-CoV-2,4,1661.45,3.2207,2152.49,1777.3300,-0.0305,2.0,10.0,1043386,906026,,2025-W46,2388.50,1
2025-W44,2025-10-26,전남,14,SARS-CoV-2,11,2247.00,3.3518,1545.88,2446.6575,1.2615,1.2,10.9,1017979,1017979,,2025-W46,1320.54,0
2025-W44,2025-10-26,경북,15,SARS-CoV-2,8,1340.78,3.1277,1401.95,1549.0775,-0.2566,0.9,9.8,1287477,1173671,,2025-W46,1053.77,0
2025-W44,2025-10-26,경남,16,SARS-CoV-2,6,42608.34,4.6295,57795.39,85553.9600,-0.3504,4.0,10.4,1723394,1723394,,2025-W46,58966.72,0
2025-W44,2025-10-26,제주,17,SARS-CoV-2,8,668.55,2.8258,1153.83,1980.4525,-0.6351,19.1,10.3,563849,563849,,2025-W46,1560.53,0
2025-W45,2025-11-02,서울,01,SARS-CoV-2,5,622.18,2.7946,717.87,906.3375,-0.4555,0.2,9.2,9667667,11268168,,2025-W47,147.54,0
2025-W45,2025-11-02,부산,02,SARS-CoV-2,6,5350.18,3.7284,3158.82,5431.3175,1.2921,5.9,12.8,2961386,2961386,,2025-W47,1644.24,0
2025-W45,2025-11-02,대구,03,SARS-CoV-2,4,15544.62,4.1916,17307.85,17161.4525,-0.2898,3.2,11.9,1948639,1948639,,2025-W47,20692.73,0
2025-W45,2025-11-02,인천,04,SARS-CoV-2,7,1697.20,3.2300,2359.71,2474.3650,-0.2840,0.1,9.8,2579599,2313918,,2025-W47,1982.69,0
2025-W45,2025-11-02,광주,05,SARS-CoV-2,3,826.95,2.9180,1344.81,1455.3400,-0.6816,6.4,11.8,691807,691807,,2025-W47,1041.47,0
2025-W45,2025-11-02,대전,06,SARS-CoV-2,5,42600.49,4.6294,21479.80,31755.4650,0.9509,3.6,10.3,1439687,1439687,,2025-W47,24878.86,0
2025-W45,2025-11-02,울산,07,SARS-CoV-2,4,5285.52,3.7232,10709.43,10931.1000,-0.5247,8.3,11.7,1218898,1218898,,2025-W47,4676.57,0
2025-W45,2025-11-02,세종,08,SARS-CoV-2,4,3066.11,3.4867,3294.44,3353.6400,-0.1580,0.3,9.7,343577,343577,,2025-W47,8322.95,1
2025-W45,2025-11-02,경기,09,SARS-CoV-2,8,5789.92,3.7627,5460.05,2604.8200,1.0237,0.1,8.3,6563383,4536708,,2025-W47,4704.00,1
2025-W45,2025-11-02,강원,10,SARS-CoV-2,6,3508.25,3.5452,7141.95,7669.8825,-0.6288,3.2,4.9,816637,816637,,2025-W47,16944.65,1
2025-W45,2025-11-02,충북,11,SARS-CoV-2,6,4739.16,3.6758,5747.92,10848.3500,-0.5073,0.8,8.8,374120,374120,,2025-W47,6319.84,0
2025-W45,2025-11-02,충남,12,SARS-CoV-2,8,33359.23,4.5232,32503.87,38270.1900,-0.0761,1.4,10.7,1408091,1266129,,2025-W47,17445.49,0
2025-W45,2025-11-02,전북,13,SARS-CoV-2,4,3082.30,3.4890,2377.42,2006.0800,0.8552,4.5,10.0,1043386,906026,,2025-W47,864.77,0
2025-W45,2025-11-02,전남,14,SARS-CoV-2,11,1397.06,3.1455,1654.87,1681.0050,-0.3783,10.0,11.6,1017979,1017979,,2025-W47,412.30,0
2025-W45,2025-11-02,경북,15,SARS-CoV-2,8,1061.51,3.0263,1152.02,1474.2275,-0.2083,1.4,10.1,1287477,1173671,,2025-W47,5816.58,1
2025-W45,2025-11-02,경남,16,SARS-CoV-2,6,65190.35,4.8142,55588.47,67526.4600,0.5300,9.4,11.1,1723394,1723394,,2025-W47,20542.21,0
2025-W45,2025-11-02,제주,17,SARS-CoV-2,8,960.56,2.9830,1063.21,1565.8650,0.4368,46.5,10.8,563849,563849,,2025-W47,434.14,0
2025-W46,2025-11-09,서울,01,SARS-CoV-2,5,388.72,2.5908,386.15,809.6150,-0.3752,0.0,8.5,9667667,11268168,,2025-W48,3827.67,1
2025-W46,2025-11-09,부산,02,SARS-CoV-2,6,1792.11,3.2536,2928.85,3360.4200,-0.6650,20.3,10.5,2961386,2961386,,2025-W48,2997.72,0
2025-W46,2025-11-09,대구,03,SARS-CoV-2,4,14490.81,4.1611,16909.39,16963.4150,-0.0678,10.5,10.6,1948639,1948639,,2025-W48,9133.46,0
2025-W46,2025-11-09,인천,04,SARS-CoV-2,7,3011.65,3.4789,2230.51,2474.1400,0.7745,0.1,9.0,2579599,2313918,,2025-W48,961.78,0
2025-W46,2025-11-09,광주,05,SARS-CoV-2,3,610.29,2.7862,826.24,1445.9200,-0.2620,3.1,10.4,691807,691807,,2025-W48,488.64,0
2025-W46,2025-11-09,대전,06,SARS-CoV-2,5,2.58,0.5539,22493.98,23095.9675,-0.9999,0.0,9.1,1439687,1439687,,2025-W48,16448.36,0
2025-W46,2025-11-09,울산,07,SARS-CoV-2,4,15723.19,4.1966,8561.76,10087.1125,1.9748,17.5,10.1,1218898,1218898,,2025-W48,3290.31,0
2025-W46,2025-11-09,세종,08,SARS-CoV-2,4,3175.65,3.5020,4854.90,3125.3675,0.0357,0.0,8.4,343577,343577,,2025-W48,2769.14,0
2025-W46,2025-11-09,경기,09,SARS-CoV-2,8,7729.12,3.8882,6074.34,4277.8150,0.3349,0.0,6.9,6563383,4536708,,2025-W48,4483.93,0
2025-W46,2025-11-09,강원,10,SARS-CoV-2,6,8466.65,3.9278,9639.85,7263.8075,1.4134,0.5,3.6,816637,816637,,2025-W48,7728.19,0
2025-W46,2025-11-09,충북,11,SARS-CoV-2,6,2885.73,3.4604,4648.24,7436.1875,-0.3911,0.2,7.5,374120,374120,,2025-W48,2792.75,0
2025-W46,2025-11-09,충남,12,SARS-CoV-2,8,28047.02,4.4479,26283.91,35184.8625,-0.1592,0.1,9.6,1408091,1266129,,2025-W48,37774.71,0
2025-W46,2025-11-09,전북,13,SARS-CoV-2,4,2388.50,3.3783,2111.86,2211.4900,-0.2251,6.2,8.6,1043386,906026,,2025-W48,1494.00,0
2025-W46,2025-11-09,전남,14,SARS-CoV-2,10,1320.54,3.1211,1043.30,1489.5450,-0.0548,5.1,9.7,1017979,971218,,2025-W48,1204.79,0
2025-W46,2025-11-09,경북,15,SARS-CoV-2,8,1053.77,3.0232,2643.96,1314.9050,-0.0073,1.9,8.7,1287477,1173671,,2025-W48,,
2025-W46,2025-11-09,경남,16,SARS-CoV-2,6,58966.72,4.7706,48233.09,58088.2250,-0.0955,15.0,9.6,1723394,1723394,,2025-W48,12768.90,0
2025-W46,2025-11-09,제주,17,SARS-CoV-2,8,1560.53,3.1936,985.08,1255.5025,0.6246,8.5,9.1,563849,563849,,2025-W48,602.26,0
2025-W47,2025-11-16,서울,01,SARS-CoV-2,5,147.54,2.1718,1454.64,575.2850,-0.6204,0.8,4.8,9667667,11268168,,2025-W49,142.25,0
2025-W47,2025-11-16,부산,02,SARS-CoV-2,6,1644.24,3.2162,2144.69,2780.1775,-0.0825,0.0,6.2,2961386,2961386,,2025-W49,1696.13,0
2025-W47,2025-11-16,대구,03,SARS-CoV-2,4,20692.73,4.3158,14772.33,18154.0700,0.4280,0.0,7.1,1948639,1948639,,2025-W49,5868.97,0
2025-W47,2025-11-16,인천,04,SARS-CoV-2,7,1982.69,3.2975,1985.37,2265.4550,-0.3417,0.9,5.8,2579599,2313918,,2025-W49,1378.85,0
2025-W47,2025-11-16,광주,05,SARS-CoV-2,3,1041.47,3.0181,713.47,1268.9725,0.7065,0.2,7.7,691807,691807,,2025-W49,773.91,0
2025-W47,2025-11-16,대전,06,SARS-CoV-2,5,24878.86,4.3958,13776.60,22329.5625,9638.9798,0.1,6.2,1439687,1439687,,2025-W49,17211.70,0
2025-W47,2025-11-16,울산,07,SARS-CoV-2,4,4676.57,3.6700,7896.69,9201.2125,-0.7026,0.0,5.3,1218898,1218898,,2025-W49,5696.08,0
2025-W47,2025-11-16,세종,08,SARS-CoV-2,4,8322.95,3.9203,4755.91,4551.5700,1.6209,0.6,5.5,343577,343577,,2025-W49,3044.73,0
2025-W47,2025-11-16,경기,09,SARS-CoV-2,8,4704.00,3.6726,5639.01,5271.0425,-0.3914,0.7,3.2,6563383,4536708,,2025-W49,2645.25,0
2025-W47,2025-11-16,강원,10,SARS-CoV-2,6,16944.65,4.2291,11046.50,9592.6275,1.0013,0.5,0.1,816637,816637,,2025-W49,9926.99,0
2025-W47,2025-11-16,충북,11,SARS-CoV-2,6,6319.84,3.8008,3999.44,5890.9000,1.1900,0.2,4.3,374120,374120,,2025-W49,3688.56,0
2025-W47,2025-11-16,충남,12,SARS-CoV-2,8,17445.49,4.2417,27755.74,28739.2800,-0.3780,0.5,6.5,1408091,1266129,,2025-W49,18105.94,0
2025-W47,2025-11-16,전북,13,SARS-CoV-2,2,864.77,2.9374,1582.42,1999.2550,-0.6379,0.4,5.7,1043386,635558,,2025-W49,1282.93,0
2025-W47,2025-11-16,전남,14,SARS-CoV-2,10,412.30,2.6163,979.21,1344.2250,-0.6878,0.1,6.8,1017979,964243,,2025-W49,1394.81,0
2025-W47,2025-11-16,경북,15,SARS-CoV-2,8,5816.58,3.7647,3435.18,2318.1600,4.5198,0.0,5.0,1287477,1173671,,2025-W49,436.30,0
2025-W47,2025-11-16,경남,16,SARS-CoV-2,6,20542.21,4.3127,30759.28,46826.9050,-0.6516,0.0,6.0,1723394,1723394,,2025-W49,13252.81,0
2025-W47,2025-11-16,제주,17,SARS-CoV-2,8,434.14,2.6386,865.64,905.9450,-0.7218,11.6,6.4,563849,563849,,2025-W49,334.54,0
2025-W48,2025-11-23,서울,01,SARS-CoV-2,5,3827.67,3.5830,1372.49,1246.5275,24.9432,13.6,5.8,9667667,11268168,,2025-W50,2547.44,1
2025-W48,2025-11-23,부산,02,SARS-CoV-2,6,2997.72,3.4769,2112.70,2946.0625,0.8232,1.8,7.3,2961386,2961386,,2025-W50,723.32,0
2025-W48,2025-11-23,대구,03,SARS-CoV-2,4,9133.46,3.9607,11898.39,14965.4050,-0.5586,2.5,7.6,1948639,1948639,,2025-W50,3153.15,0
2025-W48,2025-11-23,인천,04,SARS-CoV-2,6,961.78,2.9835,1441.10,1913.3300,-0.5149,17.8,6.7,2579599,2052131,,2025-W50,634.70,0
2025-W48,2025-11-23,광주,05,SARS-CoV-2,3,488.64,2.6899,768.01,741.8375,-0.5308,10.7,8.1,691807,691807,,2025-W50,264.27,0
2025-W48,2025-11-23,대전,06,SARS-CoV-2,5,16448.36,4.2161,19512.97,20982.5725,-0.3389,12.9,7.1,1439687,1439687,,2025-W50,6717.03,0
2025-W48,2025-11-23,울산,07,SARS-CoV-2,4,3290.31,3.5174,4554.32,7243.8975,-0.2964,3.2,6.6,1218898,1218898,,2025-W50,2939.83,0
2025-W48,2025-11-23,세종,08,SARS-CoV-2,3,2769.14,3.4425,4712.28,4333.4625,-0.6673,13.6,6.1,343577,336440,,2025-W50,1196.89,0
2025-W48,2025-11-23,경기,09,SARS-CoV-2,8,4483.93,3.6518,3944.39,5676.7425,-0.0468,10.4,4.3,6563383,4536708,,2025-W50,3593.73,0
2025-W48,2025-11-23,강원,10,SARS-CoV-2,6,7728.19,3.8881,11533.28,9161.9350,-0.5439,13.9,1.3,816637,816637,,2025-W50,5030.29,0
2025-W48,2025-11-23,충북,11,SARS-CoV-2,6,2792.75,3.4462,4267.05,4184.3700,-0.5581,16.0,5.2,374120,374120,,2025-W50,1839.27,0
2025-W48,2025-11-23,충남,12,SARS-CoV-2,8,37774.71,4.5772,24442.05,29156.6125,1.1653,20.5,7.2,1408091,1266129,,2025-W50,12772.90,0
2025-W48,2025-11-23,전북,13,SARS-CoV-2,4,1494.00,3.1746,1213.90,1957.3925,0.7276,11.9,6.1,1043386,906026,,2025-W50,2648.15,1
2025-W48,2025-11-23,전남,14,SARS-CoV-2,9,1204.79,3.0813,1003.97,1083.6725,1.9221,5.3,7.2,1017979,941751,,2025-W50,627.32,0
2025-W48,2025-11-23,경북,15,SARS-CoV-2,0,,,3126.44,2643.9533,,2.0,5.6,1287477,,no_measurement,2025-W50,442.93,0
2025-W48,2025-11-23,경남,16,SARS-CoV-2,6,12768.90,4.1062,15521.31,39367.0450,-0.3784,1.0,6.1,1723394,1723394,,2025-W50,14892.96,0
2025-W48,2025-11-23,제주,17,SARS-CoV-2,8,602.26,2.7805,456.98,889.3725,0.3872,4.0,5.9,563849,563849,,2025-W50,92.74,0
2025-W49,2025-11-30,서울,01,SARS-CoV-2,5,142.25,2.1561,2172.45,1126.5450,-0.9628,5.7,-0.5,9667667,11268168,,2025-W51,896.29,0
2025-W49,2025-11-30,부산,02,SARS-CoV-2,6,1696.13,3.2297,1805.72,2032.5500,-0.4342,0.0,4.1,2961386,2961386,,2025-W51,862.49,0
2025-W49,2025-11-30,대구,03,SARS-CoV-2,4,5868.97,3.7686,6051.86,12546.4925,-0.3574,0.2,3.2,1948639,1948639,,2025-W51,7730.84,0
2025-W49,2025-11-30,인천,04,SARS-CoV-2,7,1378.85,3.1398,991.77,1833.7425,0.4336,3.1,0.6,2579599,2313918,,2025-W51,1269.00,0
2025-W49,2025-11-30,광주,05,SARS-CoV-2,3,773.91,2.8893,508.94,728.5775,0.5838,0.3,4.3,691807,691807,,2025-W51,654.21,0
2025-W49,2025-11-30,대전,06,SARS-CoV-2,4,17211.70,4.2358,13459.03,14635.3750,0.0464,0.8,2.4,1439687,1414171,,2025-W51,13120.55,0
2025-W49,2025-11-30,울산,07,SARS-CoV-2,4,5696.08,3.7557,3975.40,7346.5375,0.7312,0.0,3.3,1218898,1218898,,2025-W51,2845.68,0
2025-W49,2025-11-30,세종,08,SARS-CoV-2,4,3044.73,3.4837,2336.92,4328.1175,0.0995,0.8,1.8,343577,343577,,2025-W51,1270.47,0
2025-W49,2025-11-30,경기,09,SARS-CoV-2,8,2645.25,3.4226,3574.30,4890.5750,-0.4101,2.9,-1.1,6563383,4536708,,2025-W51,1417.32,0
2025-W49,2025-11-30,강원,10,SARS-CoV-2,6,9926.99,3.9969,7561.82,10766.6200,0.2845,3.0,-3.6,816637,816637,,2025-W51,2967.75,0
2025-W49,2025-11-30,충북,11,SARS-CoV-2,5,3688.56,3.5670,2773.53,3921.7200,0.3208,0.9,0.4,374120,370590,,2025-W51,5732.21,1
2025-W49,2025-11-30,충남,12,SARS-CoV-2,8,18105.94,4.2578,22884.52,25343.2900,-0.5207,1.7,2.3,1408091,1266129,,2025-W51,16318.19,0
2025-W49,2025-11-30,전북,13,SARS-CoV-2,3,1282.93,3.1085,1808.36,1507.5500,-0.1413,0.6,1.8,1043386,897106,,2025-W51,411.32,0
2025-W49,2025-11-30,전남,14,SARS-CoV-2,8,1394.81,3.1448,1075.64,1083.1100,0.1577,0.1,3.6,1017979,891398,,2025-W51,1218.52,0
2025-W49,2025-11-30,경북,15,SARS-CoV-2,8,436.30,2.6408,439.62,2435.5500,,0.2,1.1,1287477,1173671,,2025-W51,572.02,0
2025-W49,2025-11-30,경남,16,SARS-CoV-2,6,13252.81,4.1223,13638.22,26382.6600,0.0379,0.0,3.1,1723394,1723394,,2025-W51,12347.78,0
2025-W49,2025-11-30,제주,17,SARS-CoV-2,8,334.54,2.5257,343.18,732.8675,-0.4445,12.7,3.6,563849,563849,,2025-W51,82.89,0
2025-W50,2025-12-07,서울,01,SARS-CoV-2,5,2547.44,3.4063,1195.33,1666.2250,16.9078,22.3,1.6,9667667,11268168,,2025-W52,,
2025-W50,2025-12-07,부산,02,SARS-CoV-2,5,723.32,2.8599,1093.98,1765.3525,-0.5735,7.1,5.6,2961386,2242434,,2025-W52,,
2025-W50,2025-12-07,대구,03,SARS-CoV-2,4,3153.15,3.4989,5584.32,9712.0775,-0.4627,9.4,4.9,1948639,1948639,,2025-W52,,
2025-W50,2025-12-07,인천,04,SARS-CoV-2,6,634.70,2.8033,1094.18,1239.5050,-0.5397,18.8,2.8,2579599,1487105,,2025-W52,,
2025-W50,2025-12-07,광주,05,SARS-CoV-2,3,264.27,2.4237,564.13,642.0725,-0.6585,13.4,5.9,691807,691807,,2025-W52,,
2025-W50,2025-12-07,대전,06,SARS-CoV-2,5,6717.03,3.8272,12349.76,16313.9875,-0.6097,11.5,4.2,1439687,1439687,,2025-W52,,
2025-W50,2025-12-07,울산,07,SARS-CoV-2,4,2939.83,3.4685,3827.20,4150.6975,-0.4839,8.5,4.9,1218898,1218898,,2025-W52,,
2025-W50,2025-12-07,세종,08,SARS-CoV-2,4,1196.89,3.0784,1837.37,3833.4275,-0.6069,12.6,3.1,343577,343577,,2025-W52,,
2025-W50,2025-12-07,경기,09,SARS-CoV-2,8,3593.73,3.5557,2552.10,3856.7275,0.3586,20.5,0.7,6563383,4536708,,2025-W52,,
2025-W50,2025-12-07,강원,10,SARS-CoV-2,6,5030.29,3.7017,5975.01,9907.5300,-0.4933,19.4,-0.9,816637,816637,,2025-W52,,
2025-W50,2025-12-07,충북,11,SARS-CoV-2,5,1839.27,3.2649,3753.35,3660.1050,-0.5014,16.1,2.0,374120,340720,,2025-W52,,
2025-W50,2025-12-07,충남,12,SARS-CoV-2,8,12772.90,4.1063,15732.34,21524.7600,-0.2945,13.1,4.2,1408091,1266129,,2025-W52,,
2025-W50,2025-12-07,전북,13,SARS-CoV-2,2,2648.15,3.4231,1447.47,1572.4625,1.0641,19.5,3.8,1043386,880138,,2025-W52,,
2025-W50,2025-12-07,전남,14,SARS-CoV-2,8,627.32,2.7982,1080.22,909.8050,-0.5502,15.0,5.3,1017979,887162,,2025-W52,,
2025-W50,2025-12-07,경북,15,SARS-CoV-2,8,442.93,2.6473,483.75,2231.9367,0.0152,7.5,3.4,1287477,1173671,,2025-W52,,
2025-W50,2025-12-07,경남,16,SARS-CoV-2,5,14892.96,4.1730,13497.85,15364.2200,0.1238,10.6,4.1,1723394,1602360,,2025-W52,,
2025-W50,2025-12-07,제주,17,SARS-CoV-2,8,92.74,1.9719,170.06,365.9200,-0.7228,18.9,4.8,563849,563849,,2025-W52,,
2025-W51,2025-12-14,서울,01,SARS-CoV-2,5,896.29,2.9529,1721.86,1853.4125,-0.6482,5.9,1.0,9667667,11268168,,2026-W01,3742.17,1
2025-W51,2025-12-14,부산,02,SARS-CoV-2,6,862.49,2.9363,792.90,1569.9150,0.1924,1.7,5.2,2961386,2961386,,2026-W01,,
2025-W51,2025-12-14,대구,03,SARS-CoV-2,4,7730.84,3.8883,5442.00,6471.6050,1.4518,0.2,4.4,1948639,1948639,,2026-W01,,
2025-W51,2025-12-14,인천,04,SARS-CoV-2,7,1269.00,3.1038,951.85,1061.0825,0.9994,5.6,2.2,2579599,2313918,,2026-W01,,
2025-W51,2025-12-14,광주,05,SARS-CoV-2,3,654.21,2.8164,459.24,545.2575,1.4756,3.5,5.6,691807,691807,,2026-W01,,
2025-W51,2025-12-14,대전,06,SARS-CoV-2,5,13120.55,4.1180,9918.79,13374.4100,0.9533,2.3,4.0,1439687,1439687,,2026-W01,,
2025-W51,2025-12-14,울산,07,SARS-CoV-2,4,2845.68,3.4543,2892.75,3692.9750,-0.0320,0.4,4.3,1218898,1218898,,2026-W01,,
2025-W51,2025-12-14,세종,08,SARS-CoV-2,4,1270.47,3.1043,1233.68,2070.3075,0.0615,0.9,2.9,343577,343577,,2026-W01,,
2025-W51,2025-12-14,경기,09,SARS-CoV-2,8,1417.32,3.1518,2505.53,3035.0575,-0.6056,9.1,0.5,6563383,4536708,,2026-W01,,
2025-W51,2025-12-14,강원,10,SARS-CoV-2,6,2967.75,3.4726,3999.02,6413.3050,-0.4100,4.9,-1.8,816637,816637,,2026-W01,,
2025-W51,2025-12-14,충북,11,SARS-CoV-2,5,5732.21,3.7584,3785.74,3513.1975,2.1166,1.5,1.8,374120,370590,,2026-W01,,
2025-W51,2025-12-14,충남,12,SARS-CoV-2,8,16318.19,4.2127,14545.54,21242.9350,0.2776,1.8,4.4,1408091,1266129,,2026-W01,,
2025-W51,2025-12-14,전북,13,SARS-CoV-2,3,411.32,2.6152,1529.74,1459.1000,-0.8447,11.5,3.8,1043386,889058,,2026-W01,,
2025-W51,2025-12-14,전남,14,SARS-CoV-2,10,1218.52,3.0862,922.92,1111.3600,0.9424,2.7,5.0,1017979,995487,,2026-W01,,
2025-W51,2025-12-14,경북,15,SARS-CoV-2,6,572.02,2.7582,507.48,483.7500,0.2914,0.3,2.5,1287477,892633,,2026-W01,,
2025-W51,2025-12-14,경남,16,SARS-CoV-2,5,12347.78,4.0916,13620.37,13315.6125,-0.1709,0.8,3.5,1723394,1602360,,2026-W01,,
2025-W51,2025-12-14,제주,17,SARS-CoV-2,8,82.89,1.9237,87.82,278.1075,-0.1062,18.1,5.0,563849,563849,,2026-W01,,
2025-W52,2025-12-21,서울,01,SARS-CoV-2,0,,,,1195.3267,,10.9,-3.2,9667667,,no_source_row,2026-W02,1154.66,0
2025-W52,2025-12-21,부산,02,SARS-CoV-2,0,,,,1093.9800,,18.9,1.9,2961386,,no_source_row,2026-W02,2067.21,1
2025-W52,2025-12-21,대구,03,SARS-CoV-2,0,,,,5584.3200,,6.0,0.5,1948639,,no_source_row,2026-W02,1511.41,0
2025-W52,2025-12-21,인천,04,SARS-CoV-2,0,,,,1094.1833,,10.9,-2.5,2579599,,no_source_row,2026-W02,941.46,0
2025-W52,2025-12-21,광주,05,SARS-CoV-2,0,,,,564.1300,,11.9,1.4,691807,,no_source_row,2026-W02,1326.26,1
2025-W52,2025-12-21,대전,06,SARS-CoV-2,0,,,,12349.7600,,12.4,-1.0,1439687,,no_source_row,2026-W02,22793.02,1
2025-W52,2025-12-21,울산,07,SARS-CoV-2,0,,,,3827.1967,,13.0,1.6,1218898,,no_source_row,2026-W02,2954.20,0
2025-W52,2025-12-21,세종,08,SARS-CoV-2,0,,,,1837.3633,,13.3,-1.4,343577,,no_source_row,2026-W02,8534.27,1
2025-W52,2025-12-21,경기,09,SARS-CoV-2,0,,,,2552.1000,,8.9,-3.2,6563383,,no_source_row,2026-W02,1923.19,0
2025-W52,2025-12-21,강원,10,SARS-CoV-2,0,,,,5975.0100,,5.4,-6.1,816637,,no_source_row,2026-W02,4689.28,0
2025-W52,2025-12-21,충북,11,SARS-CoV-2,0,,,,3753.3467,,11.3,-2.6,374120,,no_source_row,2026-W02,2362.48,0
2025-W52,2025-12-21,충남,12,SARS-CoV-2,0,,,,15732.3433,,16.7,-0.9,1408091,,no_source_row,2026-W02,13051.07,0
2025-W52,2025-12-21,전북,13,SARS-CoV-2,0,,,,1447.4667,,14.5,-0.9,1043386,,no_source_row,2026-W02,451.58,0
2025-W52,2025-12-21,전남,14,SARS-CoV-2,0,,,,1080.2167,,7.9,1.0,1017979,,no_source_row,2026-W02,730.84,0
2025-W52,2025-12-21,경북,15,SARS-CoV-2,0,,,,483.7500,,5.0,-0.6,1287477,,no_source_row,2026-W02,525.44,0
2025-W52,2025-12-21,경남,16,SARS-CoV-2,0,,,,13497.8500,,11.4,0.6,1723394,,no_source_row,2026-W02,6515.27,0
2025-W52,2025-12-21,제주,17,SARS-CoV-2,0,,,,170.0567,,17.8,1.3,563849,,no_source_row,2026-W02,117.13,0
2026-W01,2025-12-28,서울,01,SARS-CoV-2,4,3742.17,3.5732,2448.42,2395.3000,,1.9,-3.9,9667667,9667667,,2026-W03,2481.82,0
2026-W01,2025-12-28,부산,02,SARS-CoV-2,0,,,,792.9050,,0.1,-0.3,2961386,,no_measurement,2026-W03,1690.56,1
2026-W01,2025-12-28,대구,03,SARS-CoV-2,0,,,,5441.9950,,0.0,-0.9,1948639,,no_measurement,2026-W03,3503.29,0
2026-W01,2025-12-28,인천,04,SARS-CoV-2,0,,,,951.8500,,3.2,-3.2,2579599,,no_measurement,2026-W03,1064.99,0
2026-W01,2025-12-28,광주,05,SARS-CoV-2,0,,,,459.2400,,0.7,0.1,691807,,no_measurement,2026-W03,2315.46,1
2026-W01,2025-12-28,대전,06,SARS-CoV-2,0,,,,9918.7900,,3.0,-1.3,1439687,,no_measurement,2026-W03,11312.78,0
2026-W01,2025-12-28,울산,07,SARS-CoV-2,0,,,,2892.7550,,0.1,-0.8,1218898,,no_measurement,2026-W03,11421.19,1
2026-W01,2025-12-28,세종,08,SARS-CoV-2,0,,,,1233.6800,,0.9,-1.9,343577,,no_measurement,2026-W03,2523.39,1
2026-W01,2025-12-28,경기,09,SARS-CoV-2,0,,,,2505.5250,,2.5,-4.0,6563383,,no_measurement,2026-W03,2256.08,0
2026-W01,2025-12-28,강원,10,SARS-CoV-2,0,,,,3999.0200,,3.2,-8.3,816637,,no_measurement,2026-W03,5077.61,0
2026-W01,2025-12-28,충북,11,SARS-CoV-2,0,,,,3785.7400,,5.3,-3.2,374120,,no_measurement,2026-W03,7066.03,1
2026-W01,2025-12-28,충남,12,SARS-CoV-2,0,,,,14545.5450,,0.7,-1.3,1408091,,no_measurement,2026-W03,11508.96,0
2026-W01,2025-12-28,전북,13,SARS-CoV-2,0,,,,1529.7350,,5.8,-2.3,1043386,,no_measurement,2026-W03,469.02,0
2026-W01,2025-12-28,전남,14,SARS-CoV-2,0,,,,922.9200,,0.5,-0.5,1017979,,no_measurement,2026-W03,510.20,0
2026-W01,2025-12-28,경북,15,SARS-CoV-2,0,,,,507.4750,,0.2,-2.3,1287477,,no_measurement,2026-W03,310.71,0
2026-W01,2025-12-28,경남,16,SARS-CoV-2,0,,,,13620.3700,,0.0,-0.8,1723394,,no_measurement,2026-W03,7015.21,0
2026-W01,2025-12-28,제주,17,SARS-CoV-2,0,,,,87.8150,,9.3,-0.3,563849,,no_measurement,2026-W03,236.34,1
2026-W02,2026-01-04,서울,01,SARS-CoV-2,4,1154.66,3.0628,2459.55,1931.0400,-0.6914,7.2,-2.2,9667667,9667667,,2026-W04,2333.96,0
2026-W02,2026-01-04,부산,02,SARS-CoV-2,6,2067.21,3.3156,1878.88,1464.8500,,0.0,1.0,2961386,2961386,,2026-W04,889.03,0
2026-W02,2026-01-04,대구,03,SARS-CoV-2,4,1511.41,3.1797,2507.35,4621.1250,,0.1,0.9,1948639,1948639,,2026-W04,4542.36,0
2026-W02,2026-01-04,인천,04,SARS-CoV-2,6,941.46,2.9743,1003.23,1105.2300,,9.5,-1.4,2579599,2210929,,2026-W04,448.99,0
2026-W02,2026-01-04,광주,05,SARS-CoV-2,3,1326.26,3.1230,1820.86,990.2350,,0.3,1.2,691807,691807,,2026-W04,1587.77,1
2026-W02,2026-01-04,대전,06,SARS-CoV-2,5,22793.02,4.3578,17052.90,17956.7850,,5.6,0.0,1439687,1439687,,2026-W04,9967.88,0
2026-W02,2026-01-04,울산,07,SARS-CoV-2,2,2954.20,3.4706,7187.70,2899.9400,,0.2,0.7,1218898,564831,,2026-W04,9987.20,1
2026-W02,2026-01-04,세종,08,SARS-CoV-2,3,8534.27,3.9312,5528.83,4902.3700,,2.6,-0.8,343577,336440,,2026-W04,2814.19,0
2026-W02,2026-01-04,경기,09,SARS-CoV-2,12,1923.19,3.2842,2089.63,1670.2550,,5.8,-2.8,6563383,6563383,,2026-W04,3307.41,1
2026-W02,2026-01-04,강원,10,SARS-CoV-2,6,4689.28,3.6712,4883.44,3828.5150,,10.3,-6.6,816637,816637,,2026-W04,1965.30,0
2026-W02,2026-01-04,충북,11,SARS-CoV-2,6,2362.48,3.3736,4714.25,4047.3450,,5.2,-1.8,374120,374120,,2026-W04,3342.68,0
2026-W02,2026-01-04,충남,12,SARS-CoV-2,11,13051.07,4.1157,12280.02,14684.6300,,8.2,-0.1,1408091,1408091,,2026-W04,7716.53,0
2026-W02,2026-01-04,전북,13,SARS-CoV-2,2,451.58,2.6557,460.30,431.4500,,10.1,-0.7,1043386,137360,,2026-W04,486.51,0
2026-W02,2026-01-04,전남,14,SARS-CoV-2,6,730.84,2.8644,620.52,974.6800,,0.4,0.6,1017979,792034,,2026-W04,1254.55,0
2026-W02,2026-01-04,경북,15,SARS-CoV-2,9,525.44,2.7213,418.08,548.7300,,2.3,-1.1,1287477,1119434,,2026-W04,1102.41,1
2026-W02,2026-01-04,경남,16,SARS-CoV-2,6,6515.27,3.8140,6765.24,9431.5250,,0.1,0.4,1723394,1723394,,2026-W04,7776.88,0
2026-W02,2026-01-04,제주,17,SARS-CoV-2,8,117.13,2.0724,176.73,100.0100,,15.1,0.3,563849,563849,,2026-W04,159.79,1
2026-W03,2026-01-11,서울,01,SARS-CoV-2,4,2481.82,3.3949,1990.15,2459.5500,1.1494,3.5,-3.0,9667667,9667667,,2026-W05,855.30,0
2026-W03,2026-01-11,부산,02,SARS-CoV-2,6,1690.56,3.2283,1548.93,1878.8850,-0.1822,0.1,3.1,2961386,2961386,,2026-W05,2102.61,0
2026-W03,2026-01-11,대구,03,SARS-CoV-2,4,3503.29,3.5446,3185.69,2507.3500,1.3179,0.0,1.7,1948639,1948639,,2026-W05,2650.25,0
2026-W03,2026-01-11,인천,04,SARS-CoV-2,8,1064.99,3.0278,818.48,1003.2250,0.1312,3.1,-2.1,2579599,2579599,,2026-W05,546.69,0
2026-W03,2026-01-11,광주,05,SARS-CoV-2,2,2315.46,3.3648,1743.16,1820.8600,0.7459,1.6,2.1,691807,508012,,2026-W05,2929.16,1
2026-W03,2026-01-11,대전,06,SARS-CoV-2,4,11312.78,4.0536,14691.23,17052.9000,-0.5037,2.9,0.5,1439687,1414171,,2026-W05,10367.37,0
2026-W03,2026-01-11,울산,07,SARS-CoV-2,4,11421.19,4.0577,8120.87,7187.6950,2.8661,0.0,2.4,1218898,1218898,,2026-W05,6002.65,0
2026-W03,2026-01-11,세종,08,SARS-CoV-2,4,2523.39,3.4022,4623.95,5528.8300,-0.7043,0.2,-0.4,343577,343577,,2026-W05,4161.13,0
2026-W03,2026-01-11,경기,09,SARS-CoV-2,12,2256.08,3.3535,2495.56,2089.6350,0.1731,5.1,-3.3,6563383,6563383,,2026-W05,3238.10,1
2026-W03,2026-01-11,강원,10,SARS-CoV-2,6,5077.61,3.7057,3910.73,4883.4450,0.0828,5.2,-6.9,816637,816637,,2026-W05,956.52,0
2026-W03,2026-01-11,충북,11,SARS-CoV-2,5,7066.03,3.8492,4257.06,4714.2550,1.9909,3.2,-1.6,374120,370590,,2026-W05,504.21,0
2026-W03,2026-01-11,충남,12,SARS-CoV-2,11,11508.96,4.0611,10758.85,12280.0150,-0.1182,2.8,0.3,1408091,1408091,,2026-W05,9213.44,0
2026-W03,2026-01-11,전북,13,SARS-CoV-2,1,469.02,2.6721,469.04,460.3000,0.0386,4.1,0.4,1043386,16968,,2026-W05,875.68,1
2026-W03,2026-01-11,전남,14,SARS-CoV-2,6,510.20,2.7086,831.86,620.5200,-0.3019,3.1,1.7,1017979,607198,,2026-W05,348.44,0
2026-W03,2026-01-11,경북,15,SARS-CoV-2,8,310.71,2.4938,646.19,418.0750,-0.4087,0.1,-0.7,1287477,668376,,2026-W05,257.80,0
2026-W03,2026-01-11,경남,16,SARS-CoV-2,6,7015.21,3.8461,7102.45,6765.2400,0.0767,0.0,1.6,1723394,1723394,,2026-W05,6217.90,0
2026-W03,2026-01-11,제주,17,SARS-CoV-2,8,236.34,2.3754,171.09,176.7350,1.0178,3.9,2.4,563849,563849,,2026-W05,210.49,0
2026-W04,2026-01-18,서울,01,SARS-CoV-2,4,2333.96,3.3683,1890.36,2428.1525,-0.0596,4.0,-7.6,9667667,9667667,,2026-W06,1042.91,0
2026-W04,2026-01-18,부산,02,SARS-CoV-2,5,889.03,2.9494,1560.73,1548.9333,-0.4741,0.0,-0.5,2961386,2812075,,2026-W06,1821.16,0
2026-W04,2026-01-18,대구,03,SARS-CoV-2,4,4542.36,3.6574,3565.30,3185.6867,0.2966,0.3,-2.0,1948639,1948639,,2026-W06,967.80,0
2026-W04,2026-01-18,인천,04,SARS-CoV-2,8,448.99,2.6532,686.89,818.4800,-0.5784,4.3,-6.8,2579599,2579599,,2026-W06,703.90,0
2026-W04,2026-01-18,광주,05,SARS-CoV-2,3,1587.77,3.2011,2277.46,1743.1633,-0.3143,1.0,-1.5,691807,691807,,2026-W06,1168.57,0
2026-W04,2026-01-18,대전,06,SARS-CoV-2,5,9967.88,3.9986,10549.34,14691.2267,-0.1189,1.8,-3.8,1439687,1439687,,2026-W06,8948.88,0
2026-W04,2026-01-18,울산,07,SARS-CoV-2,4,9987.20,3.9995,9137.01,8120.8633,-0.1256,0.0,-0.7,1218898,1218898,,2026-W06,2995.27,0
2026-W04,2026-01-18,세종,08,SARS-CoV-2,3,2814.19,3.4495,3166.24,4623.9500,0.1152,0.8,-4.1,343577,300189,,2026-W06,957.75,0
2026-W04,2026-01-18,경기,09,SARS-CoV-2,12,3307.41,3.5196,2933.87,2495.5600,0.4660,3.6,-7.5,6563383,6563383,,2026-W06,1676.06,0
2026-W04,2026-01-18,강원,10,SARS-CoV-2,6,1965.30,3.2936,2666.47,3910.7300,-0.6129,3.7,-10.5,816637,816637,,2026-W06,1824.73,0
2026-W04,2026-01-18,충북,11,SARS-CoV-2,4,3342.68,3.5242,3637.64,4257.0633,-0.5269,1.9,-5.5,374120,247546,,2026-W06,1699.31,0
2026-W04,2026-01-18,충남,12,SARS-CoV-2,11,7716.53,3.8875,9479.64,10758.8533,-0.3295,3.3,-4.0,1408091,1408091,,2026-W06,7107.35,0
2026-W04,2026-01-18,전북,13,SARS-CoV-2,2,486.51,2.6880,610.40,469.0367,0.0373,1.4,-4.0,1043386,683011,,2026-W06,50522.43,1
2026-W04,2026-01-18,전남,14,SARS-CoV-2,5,1254.55,3.0988,704.40,831.8633,1.4589,0.2,-2.3,1017979,558299,,2026-W06,784.73,0
2026-W04,2026-01-18,경북,15,SARS-CoV-2,9,1102.41,3.0427,556.98,646.1867,2.5480,0.2,-3.5,1287477,1205958,,2026-W06,558.80,0
2026-W04,2026-01-18,경남,16,SARS-CoV-2,6,7776.88,3.8909,7003.33,7102.4533,0.1086,0.0,-1.4,1723394,1723394,,2026-W06,6554.90,0
2026-W04,2026-01-18,제주,17,SARS-CoV-2,8,159.79,2.2063,202.21,171.0867,-0.3239,11.9,-1.3,563849,563849,,2026-W06,100.81,0
2026-W05,2026-01-25,서울,01,SARS-CoV-2,4,855.30,2.9326,1410.72,1706.4350,-0.6335,0.0,-7.0,9667667,9667667,,2026-W07,1583.61,0
2026-W05,2026-01-25,부산,02,SARS-CoV-2,5,2102.61,3.3230,1604.27,1687.3525,1.3651,0.0,-1.1,2961386,2812075,,2026-W07,790.53,0
2026-W05,2026-01-25,대구,03,SARS-CoV-2,4,2650.25,3.4235,2720.14,3051.8275,-0.4165,0.0,-2.2,1948639,1948639,,2026-W07,1343.76,0
2026-W05,2026-01-25,인천,04,SARS-CoV-2,8,546.69,2.7385,566.52,750.5325,0.2176,0.0,-5.8,2579599,2579599,,2026-W07,424.21,0
2026-W05,2026-01-25,광주,05,SARS-CoV-2,3,2929.16,3.4669,1895.16,2039.6625,0.8448,0.2,-1.7,691807,691807,,2026-W07,10028.94,1
2026-W05,2026-01-25,대전,06,SARS-CoV-2,5,10367.37,4.0157,9761.37,13610.2625,0.0401,0.1,-3.6,1439687,1439687,,2026-W07,14008.55,0
2026-W05,2026-01-25,울산,07,SARS-CoV-2,4,6002.65,3.7784,6328.37,7591.3100,-0.3990,0.0,-0.8,1218898,1218898,,2026-W07,2360.03,0
2026-W05,2026-01-25,세종,08,SARS-CoV-2,4,4161.13,3.6193,2644.36,4508.2450,0.4786,0.1,-4.0,343577,343577,,2026-W07,7645.46,1
2026-W05,2026-01-25,경기,09,SARS-CoV-2,12,3238.10,3.5104,2740.53,2681.1950,-0.0210,0.0,-7.7,6563383,6563383,,2026-W07,2019.93,0
2026-W05,2026-01-25,강원,10,SARS-CoV-2,5,956.52,2.9811,1582.18,3172.1775,-0.5133,0.0,-10.6,816637,779557,,2026-W07,1672.80,0
2026-W05,2026-01-25,충북,11,SARS-CoV-2,6,504.21,2.7035,1848.74,3318.8500,-0.8492,0.0,-5.6,374120,374120,,2026-W07,4191.33,0
2026-W05,2026-01-25,충남,12,SARS-CoV-2,11,9213.44,3.9645,8012.44,10372.5000,0.1940,0.1,-3.8,1408091,1408091,,2026-W07,4975.22,0
2026-W05,2026-01-25,전북,13,SARS-CoV-2,4,875.68,2.9428,17294.87,570.6975,0.7999,0.0,-4.3,1043386,1017498,,2026-W07,4399.40,1
2026-W05,2026-01-25,전남,14,SARS-CoV-2,4,348.44,2.5434,795.91,711.0075,-0.7223,0.1,-2.7,1017979,398784,,2026-W07,731.78,0
2026-W05,2026-01-25,경북,15,SARS-CoV-2,9,257.80,2.4130,639.67,549.0900,-0.7661,0.0,-3.9,1287477,891713,,2026-W07,240.15,0
2026-W05,2026-01-25,경남,16,SARS-CoV-2,6,6217.90,3.7937,6849.89,6881.3150,-0.2005,0.0,-1.7,1723394,1723394,,2026-W07,8688.45,0
2026-W05,2026-01-25,제주,17,SARS-CoV-2,8,210.49,2.3253,157.03,180.9375,0.3172,6.9,-3.0,563849,563849,,2026-W07,71.84,0
2026-W06,2026-02-01,서울,01,SARS-CoV-2,4,1042.91,3.0187,1160.61,1678.4975,0.2193,1.4,-3.3,9667667,9667667,,2026-W08,1179.23,0
2026-W06,2026-02-01,부산,02,SARS-CoV-2,5,1821.16,3.2606,1571.43,1625.8400,-0.1339,0.6,1.2,2961386,2735261,,2026-W08,888.83,0
2026-W06,2026-02-01,대구,03,SARS-CoV-2,4,967.80,2.9862,1653.94,2915.9250,-0.6348,0.5,0.4,1948639,1948639,,2026-W08,1766.95,0
2026-W06,2026-02-01,인천,04,SARS-CoV-2,8,703.90,2.8481,558.26,691.1425,0.2876,0.9,-2.7,2579599,2579599,,2026-W08,512.29,0
2026-W06,2026-02-01,광주,05,SARS-CoV-2,3,1168.57,3.0680,4708.89,2000.2400,-0.6011,2.5,0.2,691807,691807,,2026-W08,,
2026-W06,2026-02-01,대전,06,SARS-CoV-2,4,8948.88,3.9518,11108.26,10149.2275,-0.1368,2.5,-1.1,1439687,1414171,,2026-W08,16225.08,1
2026-W06,2026-02-01,울산,07,SARS-CoV-2,4,2995.27,3.4766,3785.98,7601.5775,-0.5010,3.6,0.9,1218898,1218898,,2026-W08,5267.00,0
2026-W06,2026-02-01,세종,08,SARS-CoV-2,4,957.75,2.9817,4254.78,2614.1150,-0.7698,2.2,-1.6,343577,343577,,2026-W08,2253.25,0
2026-W06,2026-02-01,경기,09,SARS-CoV-2,12,1676.06,3.2245,2311.36,2619.4125,-0.4824,2.2,-3.7,6563383,6563383,,2026-W08,1066.10,0
2026-W06,2026-02-01,강원,10,SARS-CoV-2,6,1824.73,3.2614,1484.68,2456.0400,0.9077,3.0,-7.1,816637,816637,,2026-W08,1564.87,0
2026-W06,2026-02-01,충북,11,SARS-CoV-2,5,1699.31,3.2305,2131.62,3153.0575,2.3702,2.3,-2.7,374120,370590,,2026-W08,1468.44,0
2026-W06,2026-02-01,충남,12,SARS-CoV-2,11,7107.35,3.8518,7098.67,8886.5700,-0.2286,2.0,-1.1,1408091,1408091,,2026-W08,5161.53,0
2026-W06,2026-02-01,전북,13,SARS-CoV-2,2,50522.43,4.7035,18599.17,13088.4100,56.6952,2.8,-2.1,1043386,707625,,2026-W08,157.36,0
2026-W06,2026-02-01,전남,14,SARS-CoV-2,4,784.73,2.8953,621.65,724.4800,1.2521,1.4,-0.4,1017979,612022,,2026-W08,101.21,0
2026-W06,2026-02-01,경북,15,SARS-CoV-2,8,558.80,2.7480,352.25,557.4300,1.1676,1.1,-1.2,1287477,1148257,,2026-W08,291.45,0
2026-W06,2026-02-01,경남,16,SARS-CoV-2,5,6554.90,3.8166,7153.75,6891.2225,0.0542,0.4,0.3,1723394,1602360,,2026-W08,4274.59,0
2026-W06,2026-02-01,제주,17,SARS-CoV-2,8,100.81,2.0078,127.71,176.8575,-0.5211,10.4,-0.9,563849,563849,,2026-W08,84.43,0
2026-W07,2026-02-08,서울,01,SARS-CoV-2,4,1583.61,3.1999,1268.58,1453.9450,0.5185,0.6,-0.8,9667667,9667667,,2026-W09,1716.76,0
2026-W07,2026-02-08,부산,02,SARS-CoV-2,4,790.53,2.8985,1166.84,1400.8325,-0.5659,1.4,1.8,2961386,1376761,,2026-W09,1138.14,0
2026-W07,2026-02-08,대구,03,SARS-CoV-2,4,1343.76,3.1286,1359.50,2376.0425,0.3885,0.2,1.9,1948639,1948639,,2026-W09,5394.81,1
2026-W07,2026-02-08,인천,04,SARS-CoV-2,8,424.21,2.6286,546.80,530.9475,-0.3973,0.7,-0.3,2579599,2579599,,2026-W09,872.42,1
2026-W07,2026-02-08,광주,05,SARS-CoV-2,1,10028.94,4.0013,5598.75,3928.6100,7.5823,2.1,1.2,691807,465265,,2026-W09,1952.88,0
2026-W07,2026-02-08,대전,06,SARS-CoV-2,4,14008.55,4.1464,13060.83,10823.1700,0.5654,0.7,0.7,1439687,1414171,,2026-W09,22793.02,1
2026-W07,2026-02-08,울산,07,SARS-CoV-2,4,2360.03,3.3731,3540.77,5336.2875,-0.2121,0.5,1.3,1218898,1218898,,2026-W09,7882.91,1
2026-W07,2026-02-08,세종,08,SARS-CoV-2,3,7645.46,3.8835,3618.82,3894.6325,6.9827,0.4,-0.1,343577,336440,,2026-W09,3000.37,0
2026-W07,2026-02-08,경기,09,SARS-CoV-2,12,2019.93,3.3056,1587.36,2560.3750,0.2052,0.4,-1.7,6563383,6563383,,2026-W09,410.58,0
2026-W07,2026-02-08,강원,10,SARS-CoV-2,6,1672.80,3.2237,1687.47,1604.8375,-0.0833,0.4,-4.6,816637,816637,,2026-W09,2370.66,1
2026-W07,2026-02-08,충북,11,SARS-CoV-2,6,4191.33,3.6225,2453.03,2434.3825,1.4665,0.5,-0.8,374120,374120,,2026-W09,1725.76,0
2026-W07,2026-02-08,충남,12,SARS-CoV-2,9,4975.22,3.6969,5748.03,7253.1350,-0.3000,0.7,0.8,1408091,1215839,,2026-W09,3821.66,0
2026-W07,2026-02-08,전북,13,SARS-CoV-2,5,4399.40,3.6435,18359.73,14071.0050,-0.9129,3.4,-0.2,1043386,962399,,2026-W09,140.56,0
2026-W07,2026-02-08,전남,14,SARS-CoV-2,1,731.78,2.8650,539.24,779.8750,-0.0675,1.7,0.7,1017979,249179,,2026-W09,172.38,0
2026-W07,2026-02-08,경북,15,SARS-CoV-2,7,240.15,2.3823,363.47,539.7900,-0.5702,0.2,-0.2,1287477,944365,,2026-W09,589.61,0
2026-W07,2026-02-08,경남,16,SARS-CoV-2,4,8688.45,3.9390,6505.98,7309.5325,0.3255,1.3,0.8,1723394,1347491,,2026-W09,5633.11,0
2026-W07,2026-02-08,제주,17,SARS-CoV-2,8,71.84,1.8624,85.69,135.7325,-0.2873,14.0,0.5,563849,563849,,2026-W09,94.05,0
2026-W08,2026-02-15,서울,01,SARS-CoV-2,4,1179.23,3.0720,1493.20,1165.2625,-0.2554,0.0,2.2,9667667,9667667,,2026-W10,1166.88,0
2026-W08,2026-02-15,부산,02,SARS-CoV-2,4,888.83,2.9493,939.17,1400.7825,0.1243,0.2,6.6,2961386,2093123,,2026-W10,149.72,0
2026-W08,2026-02-15,대구,03,SARS-CoV-2,4,1766.95,3.2475,2835.17,1682.1900,0.3149,0.0,5.6,1948639,1948639,,2026-W10,674.98,0
2026-W08,2026-02-15,인천,04,SARS-CoV-2,5,512.29,2.7104,602.97,546.7725,0.2076,0.0,2.5,2579599,1786450,,2026-W10,526.46,0
2026-W08,2026-02-15,광주,05,SARS-CoV-2,0,,,5990.91,4708.8900,,0.0,4.0,691807,,no_measurement,2026-W10,538.41,0
2026-W08,2026-02-15,대전,06,SARS-CoV-2,4,16225.08,4.2102,17675.55,12387.4700,0.1582,0.2,3.4,1439687,1414171,,2026-W10,9649.33,0
2026-W08,2026-02-15,울산,07,SARS-CoV-2,4,5267.00,3.7216,5169.98,4156.2375,1.2318,0.7,5.9,1218898,1218898,,2026-W10,9626.84,1
2026-W08,2026-02-15,세종,08,SARS-CoV-2,3,2253.25,3.3530,4299.69,3754.3975,-0.7053,0.2,2.4,343577,300189,,2026-W10,377.82,0
2026-W08,2026-02-15,경기,09,SARS-CoV-2,12,1066.10,3.0282,1165.53,2000.0475,-0.4722,0.0,1.7,6563383,6563383,,2026-W10,1373.75,0
2026-W08,2026-02-15,강원,10,SARS-CoV-2,6,1564.87,3.1948,1869.45,1504.7300,-0.0645,0.0,-0.3,816637,816637,,2026-W10,1674.74,0
2026-W08,2026-02-15,충북,11,SARS-CoV-2,5,1468.44,3.1672,2461.84,1965.8225,-0.6496,0.1,1.9,374120,370590,,2026-W10,442.21,0
2026-W08,2026-02-15,충남,12,SARS-CoV-2,11,5161.53,3.7129,4652.80,6614.3850,0.0374,0.1,3.1,1408091,1408091,,2026-W10,2615.74,0
2026-W08,2026-02-15,전북,13,SARS-CoV-2,5,157.36,2.1996,1565.77,13988.7175,-0.9642,0.0,2.2,1043386,1034466,,2026-W10,5308.54,0
2026-W08,2026-02-15,전남,14,SARS-CoV-2,4,101.21,2.0095,335.12,491.5400,-0.8617,0.1,3.4,1017979,385037,,2026-W10,833.93,1
2026-W08,2026-02-15,경북,15,SARS-CoV-2,8,291.45,2.4661,373.74,337.0500,0.2136,0.7,3.1,1287477,1191520,,2026-W10,552.33,1
2026-W08,2026-02-15,경남,16,SARS-CoV-2,6,4274.59,3.6310,6198.72,6433.9600,-0.5080,0.0,4.7,1723394,1723394,,2026-W10,1736.71,0
2026-W08,2026-02-15,제주,17,SARS-CoV-2,8,84.43,1.9316,83.44,116.8925,0.1752,0.0,2.6,563849,563849,,2026-W10,117.54,0
2026-W09,2026-02-22,서울,01,SARS-CoV-2,4,1716.76,3.2350,1354.29,1380.6275,0.4558,1.4,4.3,9667667,9667667,,2026-W11,440.56,0
2026-W09,2026-02-22,부산,02,SARS-CoV-2,5,1138.14,3.0566,725.56,1159.6650,0.2805,31.4,7.6,2961386,2812075,,2026-W11,1127.79,0
2026-W09,2026-02-22,대구,03,SARS-CoV-2,4,5394.81,3.7321,2612.24,2368.3300,2.0532,19.1,6.7,1948639,1948639,,2026-W11,2431.86,0
2026-W09,2026-02-22,인천,04,SARS-CoV-2,6,872.42,2.9412,637.06,628.2050,0.7030,1.6,5.0,2579599,2048237,,2026-W11,688.43,0
2026-W09,2026-02-22,광주,05,SARS-CoV-2,2,1952.88,3.2909,1245.64,4383.4633,,20.7,6.4,691807,649060,,2026-W11,1742.35,0
2026-W09,2026-02-22,대전,06,SARS-CoV-2,5,22793.02,4.3578,16222.48,15493.8825,0.4048,10.5,5.3,1439687,1439687,,2026-W11,3757.47,0
2026-W09,2026-02-22,울산,07,SARS-CoV-2,3,7882.91,3.8967,7592.25,4626.3025,0.4967,28.8,7.7,1218898,704531,,2026-W11,8480.03,1
2026-W09,2026-02-22,세종,08,SARS-CoV-2,2,3000.37,3.4773,1877.15,3464.2075,0.3316,6.9,4.8,343577,293052,,2026-W11,545.71,0
2026-W09,2026-02-22,경기,09,SARS-CoV-2,12,410.58,2.6145,950.14,1293.1675,-0.6149,2.4,3.1,6563383,6563383,,2026-W11,1440.16,0
2026-W09,2026-02-22,강원,10,SARS-CoV-2,6,2370.66,3.3751,1870.09,1858.2650,0.5149,3.0,0.3,816637,816637,,2026-W11,1996.03,0
2026-W09,2026-02-22,충북,11,SARS-CoV-2,5,1725.76,3.2372,1212.14,2271.2100,0.1752,6.1,3.7,374120,370590,,2026-W11,645.87,0
2026-W09,2026-02-22,충남,12,SARS-CoV-2,11,3821.66,3.5824,3866.31,5266.4400,-0.2596,5.7,5.5,1408091,1408091,,2026-W11,4783.27,0
2026-W09,2026-02-22,전북,13,SARS-CoV-2,3,140.56,2.1509,1868.82,13804.9375,-0.1068,14.1,4.3,1043386,279388,,2026-W11,1066.72,0
2026-W09,2026-02-22,전남,14,SARS-CoV-2,4,172.38,2.2390,369.17,447.5250,0.7032,25.9,5.8,1017979,418164,,2026-W11,296.04,0
2026-W09,2026-02-22,경북,15,SARS-CoV-2,10,589.61,2.7713,477.80,420.0025,1.0230,8.8,5.0,1287477,1287477,,2026-W11,341.98,0
2026-W09,2026-02-22,경남,16,SARS-CoV-2,4,5633.11,3.7508,3881.47,6287.7625,0.3178,27.1,5.9,1723394,1132991,,2026-W11,7844.06,0
2026-W09,2026-02-22,제주,17,SARS-CoV-2,8,94.05,1.9780,98.67,87.7825,0.1140,88.3,5.4,563849,563849,,2026-W11,96.99,0
2026-W10,2026-03-01,서울,01,SARS-CoV-2,4,1166.88,3.0674,1108.07,1411.6200,-0.3203,26.6,3.4,9667667,9667667,,2026-W12,841.90,0
2026-W10,2026-03-01,부산,02,SARS-CoV-2,2,149.72,2.1782,805.22,741.8050,-0.8685,35.6,6.7,2961386,270536,,2026-W12,618.10,0
2026-W10,2026-03-01,대구,03,SARS-CoV-2,3,674.98,2.8299,2833.88,2295.1250,-0.8749,24.3,6.1,1948639,1156006,,2026-W12,1495.59,0
2026-W10,2026-03-01,인천,04,SARS-CoV-2,8,526.46,2.7222,695.77,583.8450,-0.3966,26.5,3.9,2579599,2579599,,2026-W12,918.32,1
2026-W10,2026-03-01,광주,05,SARS-CoV-2,2,538.41,2.7319,1411.21,4173.4100,-0.7243,47.6,6.2,691807,508012,,2026-W12,2285.43,0
2026-W10,2026-03-01,대전,06,SARS-CoV-2,4,9649.33,3.9845,12066.61,15668.9950,-0.5767,39.7,5.0,1439687,1414171,,2026-W12,7680.81,0
2026-W10,2026-03-01,울산,07,SARS-CoV-2,3,9626.84,3.9835,8663.26,6284.1950,0.2212,31.7,6.4,1218898,896498,,2026-W12,7641.91,0
2026-W10,2026-03-01,세종,08,SARS-CoV-2,4,377.82,2.5784,1307.97,3319.2250,-0.8741,29.8,5.0,343577,343577,,2026-W12,1640.40,0
2026-W10,2026-03-01,경기,09,SARS-CoV-2,12,1373.75,3.1382,1074.83,1217.5900,2.3459,27.7,3.1,6563383,6563383,,2026-W12,1723.29,1
2026-W10,2026-03-01,강원,10,SARS-CoV-2,6,1674.74,3.2242,2013.81,1820.7675,-0.2936,38.4,-1.3,816637,816637,,2026-W12,2786.04,1
2026-W10,2026-03-01,충북,11,SARS-CoV-2,4,442.21,2.6466,937.95,1956.9350,-0.7438,29.3,3.9,374120,217676,,2026-W12,1649.58,0
2026-W10,2026-03-01,충남,12,SARS-CoV-2,10,2615.74,3.4178,3740.22,4143.5375,-0.3155,42.8,4.7,1408091,1345839,,2026-W12,7208.68,1
2026-W10,2026-03-01,전북,13,SARS-CoV-2,3,5308.54,3.7251,2171.94,2501.4650,36.7683,40.3,4.1,1043386,897106,,2026-W12,774.55,0
2026-W10,2026-03-01,전남,14,SARS-CoV-2,5,833.93,2.9217,434.11,459.8250,3.8378,42.5,5.2,1017979,359264,,2026-W12,247.53,0
2026-W10,2026-03-01,경북,15,SARS-CoV-2,7,552.33,2.7430,494.64,418.3850,-0.0632,17.2,4.6,1287477,1100952,,2026-W12,312.97,0
2026-W10,2026-03-01,경남,16,SARS-CoV-2,3,1736.71,3.2400,5071.29,5083.2150,-0.6917,27.5,5.6,1723394,463687,,2026-W12,9106.22,1
2026-W10,2026-03-01,제주,17,SARS-CoV-2,8,117.54,2.0739,102.86,91.9650,0.2497,116.1,5.0,563849,563849,,2026-W12,62.54,0
2026-W11,2026-03-08,서울,01,SARS-CoV-2,4,440.56,2.6450,816.45,1125.8575,-0.6224,0.1,3.2,9667667,9667667,,2026-W13,1405.63,0
2026-W11,2026-03-08,부산,02,SARS-CoV-2,2,1127.79,3.0526,631.87,826.1200,6.5327,0.8,4.8,2961386,1584625,,2026-W13,1306.60,1
2026-W11,2026-03-08,대구,03,SARS-CoV-2,4,2431.86,3.3861,1534.14,2567.1500,2.6029,1.0,5.0,1948639,1948639,,2026-W13,1343.75,0
2026-W11,2026-03-08,인천,04,SARS-CoV-2,6,688.43,2.8385,711.07,649.9000,0.3077,0.0,3.6,2579599,1926012,,2026-W13,894.63,1
2026-W11,2026-03-08,광주,05,SARS-CoV-2,2,1742.35,3.2414,1522.06,1411.2133,2.2361,0.5,4.1,691807,649060,,2026-W13,259.02,0
2026-W11,2026-03-08,대전,06,SARS-CoV-2,5,3757.47,3.5750,7029.20,13106.2250,-0.6106,0.3,3.9,1439687,1439687,,2026-W13,13879.03,0
2026-W11,2026-03-08,울산,07,SARS-CoV-2,3,8480.03,3.9284,8582.93,7814.1950,-0.1191,2.8,4.6,1218898,896498,,2026-W13,9028.15,0
2026-W11,2026-03-08,세종,08,SARS-CoV-2,3,545.71,2.7378,854.64,1544.2875,0.4443,0.7,3.6,343577,300189,,2026-W13,1340.62,0
2026-W11,2026-03-08,경기,09,SARS-CoV-2,12,1440.16,3.1587,1512.40,1072.6475,0.0483,0.5,2.4,6563383,6563383,,2026-W13,1300.25,0
2026-W11,2026-03-08,강원,10,SARS-CoV-2,6,1996.03,3.3004,2152.27,1901.5750,0.1918,0.8,-2.3,816637,816637,,2026-W13,1297.72,0
2026-W11,2026-03-08,충북,11,SARS-CoV-2,4,645.87,2.8108,912.55,1070.5700,0.4605,0.3,2.7,374120,337190,,2026-W13,425.55,0
2026-W11,2026-03-08,충남,12,SARS-CoV-2,11,4783.27,3.6798,4869.23,4095.5500,0.8286,0.2,4.0,1408091,1408091,,2026-W13,7483.10,1
2026-W11,2026-03-08,전북,13,SARS-CoV-2,3,1066.72,3.0285,2383.27,1668.2950,-0.7991,0.6,2.6,1043386,961125,,2026-W13,614.48,0
2026-W11,2026-03-08,전남,14,SARS-CoV-2,6,296.04,2.4728,459.16,350.8900,-0.6450,0.1,3.3,1017979,394625,,2026-W13,470.39,1
2026-W11,2026-03-08,경북,15,SARS-CoV-2,9,341.98,2.5353,402.43,443.8425,-0.3809,0.2,3.1,1287477,1229776,,2026-W13,531.27,0
2026-W11,2026-03-08,경남,16,SARS-CoV-2,5,7844.06,3.8946,6229.00,4872.1175,3.5166,0.6,4.0,1723394,1409889,,2026-W13,5352.91,0
2026-W11,2026-03-08,제주,17,SARS-CoV-2,8,96.99,1.9912,92.36,98.2525,-0.1748,2.1,1.9,563849,563849,,2026-W13,181.16,1
2026-W12,2026-03-15,서울,01,SARS-CoV-2,4,841.90,2.9258,896.03,1041.5250,0.9110,6.0,5.1,9667667,9667667,,2026-W14,1378.59,1
2026-W12,2026-03-15,부산,02,SARS-CoV-2,4,618.10,2.7918,1017.50,758.4375,-0.4519,5.8,8.7,2961386,1931975,,2026-W14,771.72,0
2026-W12,2026-03-15,대구,03,SARS-CoV-2,4,1495.59,3.1751,1757.07,2499.3100,-0.3850,5.1,9.2,1948639,1948639,,2026-W14,9814.88,1
2026-W12,2026-03-15,인천,04,SARS-CoV-2,5,918.32,2.9635,833.79,751.4075,0.3339,6.5,5.3,2579599,1625146,,2026-W14,1102.18,1
2026-W12,2026-03-15,광주,05,SARS-CoV-2,2,2285.43,3.3592,1428.93,1629.7675,0.3117,17.4,6.9,691807,649060,,2026-W14,1549.60,0
2026-W12,2026-03-15,대전,06,SARS-CoV-2,5,7680.81,3.8855,8439.10,10970.1575,1.0441,10.1,6.5,1439687,1439687,,2026-W14,17147.60,1
2026-W12,2026-03-15,울산,07,SARS-CoV-2,2,7641.91,3.8833,8383.36,8407.9225,-0.0988,6.3,8.3,1218898,462100,,2026-W14,5849.88,0
2026-W12,2026-03-15,세종,08,SARS-CoV-2,2,1640.40,3.2152,1175.58,1391.0750,2.0060,8.9,6.1,343577,133130,,2026-W14,2503.44,1
2026-W12,2026-03-15,경기,09,SARS-CoV-2,12,1723.29,3.2366,1487.90,1236.9450,0.1966,5.6,4.5,6563383,6563383,,2026-W14,1612.96,1
2026-W12,2026-03-15,강원,10,SARS-CoV-2,6,2786.04,3.4451,2026.60,2206.8675,0.3958,3.1,1.8,816637,816637,,2026-W14,1491.42,0
2026-W12,2026-03-15,충북,11,SARS-CoV-2,6,1649.58,3.2176,907.00,1115.8550,1.5540,7.5,5.3,374120,374120,,2026-W14,1085.82,0
2026-W12,2026-03-15,충남,12,SARS-CoV-2,10,7208.68,3.8579,6491.68,4607.3375,0.5071,9.4,5.9,1408091,1350618,,2026-W14,4337.02,0
2026-W12,2026-03-15,전북,13,SARS-CoV-2,4,774.55,2.8896,818.58,1822.5925,-0.2739,10.0,5.3,1043386,906026,,2026-W14,938.78,0
2026-W12,2026-03-15,전남,14,SARS-CoV-2,4,247.53,2.3954,337.98,387.4700,-0.1639,13.2,6.6,1017979,414441,,2026-W14,1287.49,1
2026-W12,2026-03-15,경북,15,SARS-CoV-2,9,312.97,2.4969,395.41,449.2225,-0.0848,6.6,7.0,1287477,1255190,,2026-W14,261.55,0
2026-W12,2026-03-15,경남,16,SARS-CoV-2,5,9106.22,3.9594,7434.40,6080.0250,0.1609,5.5,8.0,1723394,1409889,,2026-W14,8216.31,1
2026-W12,2026-03-15,제주,17,SARS-CoV-2,8,62.54,1.8030,113.56,92.7800,-0.3552,24.1,5.2,563849,563849,,2026-W14,298.21,1
2026-W13,2026-03-22,서울,01,SARS-CoV-2,4,1405.63,3.1482,1208.70,963.7425,0.6696,0.0,9.7,9667667,9667667,,2026-W15,2031.79,1
2026-W13,2026-03-22,부산,02,SARS-CoV-2,6,1306.60,3.1165,898.80,800.5525,1.1139,1.5,11.6,2961386,2961386,,2026-W15,709.68,0
2026-W13,2026-03-22,대구,03,SARS-CoV-2,4,1343.75,3.1286,4218.07,1486.5450,-0.1015,0.4,13.8,1948639,1948639,,2026-W15,1798.22,0
2026-W13,2026-03-22,인천,04,SARS-CoV-2,8,894.63,2.9521,971.71,756.9600,-0.0258,0.0,9.4,2579599,2579599,,2026-W15,1172.44,1
2026-W13,2026-03-22,광주,05,SARS-CoV-2,1,259.02,2.4150,1364.68,1206.3025,-0.8867,3.8,11.1,691807,183795,,2026-W15,657.43,0
2026-W13,2026-03-22,대전,06,SARS-CoV-2,5,13879.03,4.1424,12902.48,8741.6600,0.8070,0.0,11.5,1439687,1439687,,2026-W15,9699.11,0
2026-W13,2026-03-22,울산,07,SARS-CoV-2,3,9028.15,3.9556,7506.64,8694.2325,0.1814,1.1,11.0,1218898,704531,,2026-W15,8952.87,0
2026-W13,2026-03-22,세종,08,SARS-CoV-2,3,1340.62,3.1276,1828.16,976.1375,-0.1827,0.0,11.0,343577,336440,,2026-W15,1246.51,0
2026-W13,2026-03-22,경기,09,SARS-CoV-2,12,1300.25,3.1144,1545.50,1459.3625,-0.2455,0.0,9.4,6563383,6563383,,2026-W15,1709.23,0
2026-W13,2026-03-22,강원,10,SARS-CoV-2,6,1297.72,3.1135,1858.39,1938.6325,-0.5342,0.7,6.2,816637,816637,,2026-W15,1337.80,0
2026-W13,2026-03-22,충북,11,SARS-CoV-2,6,425.55,2.6300,1053.65,790.8025,-0.7420,0.0,10.1,374120,374120,,2026-W15,448.56,0
2026-W13,2026-03-22,충남,12,SARS-CoV-2,11,7483.10,3.8741,6342.93,5522.6975,0.0381,0.0,10.8,1408091,1408091,,2026-W15,6813.06,0
2026-W13,2026-03-22,전북,13,SARS-CoV-2,3,614.48,2.7892,775.94,1941.0725,-0.2067,0.3,9.8,1043386,652526,,2026-W15,3208.37,1
2026-W13,2026-03-22,전남,14,SARS-CoV-2,7,470.39,2.6734,668.47,461.9725,0.9004,5.5,10.6,1017979,854148,,2026-W15,395.89,0
2026-W13,2026-03-22,경북,15,SARS-CoV-2,9,531.27,2.7261,368.60,434.6375,0.6975,0.0,10.5,1287477,1255190,,2026-W15,478.11,0
2026-W13,2026-03-22,경남,16,SARS-CoV-2,6,5352.91,3.7287,7558.48,6009.9750,-0.4122,3.0,11.8,1723394,1723394,,2026-W15,8046.25,1
2026-W13,2026-03-22,제주,17,SARS-CoV-2,8,181.16,2.2605,180.64,114.5575,1.8966,20.9,9.2,563849,563849,,2026-W15,233.25,1
2026-W14,2026-03-29,서울,01,SARS-CoV-2,4,1378.59,3.1398,1605.34,1016.6700,-0.0192,10.9,12.1,9667667,9667667,,2026-W16,2354.53,1
2026-W14,2026-03-29,부산,02,SARS-CoV-2,5,771.72,2.8880,929.33,956.0525,-0.4094,68.3,13.1,2961386,2735261,,2026-W16,1043.30,0
2026-W14,2026-03-29,대구,03,SARS-CoV-2,4,9814.88,3.9919,4318.95,3771.5200,6.3041,75.4,13.8,1948639,1948639,,2026-W16,3424.27,0
2026-W14,2026-03-29,인천,04,SARS-CoV-2,8,1102.18,3.0426,1056.42,900.8900,0.2320,11.9,12.0,2579599,2579599,,2026-W16,1172.44,1
2026-W14,2026-03-29,광주,05,SARS-CoV-2,2,1549.60,3.1905,822.02,1459.1000,4.9825,88.1,12.5,691807,649060,,2026-W16,540.01,0
2026-W14,2026-03-29,대전,06,SARS-CoV-2,5,17147.60,4.2342,13575.25,10616.2275,0.2355,76.0,12.9,1439687,1439687,,2026-W16,6585.98,0
2026-W14,2026-03-29,울산,07,SARS-CoV-2,4,5849.88,3.7672,7943.63,7749.9925,-0.3520,74.6,12.7,1218898,1218898,,2026-W16,3292.49,0
2026-W14,2026-03-29,세종,08,SARS-CoV-2,3,2503.44,3.3987,1696.86,1507.5425,0.8674,66.7,12.6,343577,300189,,2026-W16,1175.97,0
2026-W14,2026-03-29,경기,09,SARS-CoV-2,12,1612.96,3.2079,1540.81,1519.1650,0.2405,22.2,11.3,6563383,6563383,,2026-W16,1670.29,0
2026-W14,2026-03-29,강원,10,SARS-CoV-2,6,1491.42,3.1739,1375.65,1892.8025,0.1493,28.0,7.5,816637,816637,,2026-W16,1360.93,0
2026-W14,2026-03-29,충북,11,SARS-CoV-2,5,1085.82,3.0362,653.31,951.7050,1.5516,58.9,11.9,374120,370590,,2026-W16,221.70,0
2026-W14,2026-03-29,충남,12,SARS-CoV-2,11,4337.02,3.6373,6211.06,5953.0175,-0.4204,48.3,12.3,1408091,1408091,,2026-W16,6709.04,0
2026-W14,2026-03-29,전북,13,SARS-CoV-2,3,938.78,2.9730,1587.21,848.6325,0.5278,79.0,11.1,1043386,326841,,2026-W16,1025.21,0
2026-W14,2026-03-29,전남,14,SARS-CoV-2,8,1287.49,3.1101,717.92,575.3625,1.7371,79.1,11.7,1017979,884259,,2026-W16,477.44,0
2026-W14,2026-03-29,경북,15,SARS-CoV-2,9,261.55,2.4192,423.64,361.9425,-0.5077,57.4,12.4,1287477,1119434,,2026-W16,223.04,0
2026-W14,2026-03-29,경남,16,SARS-CoV-2,6,8216.31,3.9147,7205.16,7629.8750,0.5349,95.4,12.5,1723394,1723394,,2026-W16,13334.31,1
2026-W14,2026-03-29,제주,17,SARS-CoV-2,8,298.21,2.4760,237.54,159.7250,0.6461,99.3,10.6,563849,563849,,2026-W16,271.96,1
2026-W15,2026-04-05,서울,01,SARS-CoV-2,4,2031.79,3.3081,1921.64,1414.4775,0.4738,44.0,9.1,9667667,9667667,,2026-W17,1815.93,0
2026-W15,2026-04-05,부산,02,SARS-CoV-2,5,709.68,2.8517,841.56,851.5250,-0.0804,76.4,12.8,2961386,2812075,,2026-W17,642.23,0
2026-W15,2026-04-05,대구,03,SARS-CoV-2,4,1798.22,3.2551,5012.46,3613.1100,-0.8168,35.2,12.4,1948639,1948639,,2026-W17,1629.89,0
2026-W15,2026-04-05,인천,04,SARS-CoV-2,7,1172.44,3.0695,1149.02,1021.8925,0.0637,32.4,9.0,2579599,2317812,,2026-W17,1733.60,1
2026-W15,2026-04-05,광주,05,SARS-CoV-2,2,657.43,2.8185,915.68,1187.8700,-0.5757,52.2,11.0,691807,508012,,2026-W17,350.22,0
2026-W15,2026-04-05,대전,06,SARS-CoV-2,5,9699.11,3.9868,11144.23,12101.6375,-0.4344,28.9,10.3,1439687,1439687,,2026-W17,7763.46,0
2026-W15,2026-04-05,울산,07,SARS-CoV-2,4,8952.87,3.9520,6031.74,7868.2025,0.5304,29.5,12.9,1218898,1218898,,2026-W17,1146.90,0
2026-W15,2026-04-05,세종,08,SARS-CoV-2,3,1246.51,3.0960,1641.97,1682.7425,-0.5021,18.0,10.1,343577,300189,,2026-W17,286.81,0
2026-W15,2026-04-05,경기,09,SARS-CoV-2,12,1709.23,3.2331,1664.16,1586.4325,0.0597,32.6,8.7,6563383,6563383,,2026-W17,1090.51,0
2026-W15,2026-04-05,강원,10,SARS-CoV-2,6,1337.80,3.1267,1396.72,1728.2450,-0.1030,29.2,5.7,816637,816637,,2026-W17,2131.87,0
2026-W15,2026-04-05,충북,11,SARS-CoV-2,6,448.56,2.6528,585.36,902.3775,-0.5869,11.9,9.4,374120,374120,,2026-W17,619.55,0
2026-W15,2026-04-05,충남,12,SARS-CoV-2,11,6813.06,3.8334,5953.04,6460.4650,0.5709,16.0,10.0,1408091,1408091,,2026-W17,6575.59,0
2026-W15,2026-04-05,전북,13,SARS-CoV-2,2,3208.37,3.5064,1724.12,1384.0450,2.4176,43.4,9.6,1043386,880138,,2026-W17,486.32,0
2026-W15,2026-04-05,전남,14,SARS-CoV-2,3,395.89,2.5987,720.27,600.3250,-0.6925,53.0,10.5,1017979,244264,,2026-W17,2022.84,1
2026-W15,2026-04-05,경북,15,SARS-CoV-2,8,478.11,2.6804,320.90,395.9750,0.8280,15.4,10.7,1287477,1197489,,2026-W17,689.44,1
2026-W15,2026-04-05,경남,16,SARS-CoV-2,3,8046.25,3.9056,9865.62,7680.4225,-0.0207,56.6,11.7,1723394,597522,,2026-W17,8449.18,0
2026-W15,2026-04-05,제주,17,SARS-CoV-2,8,233.25,2.3697,267.81,193.7900,-0.2178,46.9,10.7,563849,563849,,2026-W17,106.54,0
2026-W16,2026-04-12,서울,01,SARS-CoV-2,4,2354.53,3.3721,2067.42,1792.6350,0.1588,0.0,16.2,9667667,9667667,,2026-W18,1611.65,0
2026-W16,2026-04-12,부산,02,SARS-CoV-2,4,1043.30,3.0188,798.40,957.8250,0.4701,19.3,15.0,2961386,1931975,,2026-W18,621.78,0
2026-W16,2026-04-12,대구,03,SARS-CoV-2,4,3424.27,3.5347,2284.13,4095.2800,0.9043,6.5,15.9,1948639,1948639,,2026-W18,2986.18,0
2026-W16,2026-04-12,인천,04,SARS-CoV-2,7,1172.44,3.0695,1359.49,1085.4225,0.0000,0.0,15.6,2579599,2317812,,2026-W18,1141.80,0
2026-W16,2026-04-12,광주,05,SARS-CoV-2,3,540.01,2.7332,515.89,751.5150,-0.1786,12.3,16.3,691807,691807,,2026-W18,489.86,0
2026-W16,2026-04-12,대전,06,SARS-CoV-2,5,6585.98,3.8187,8016.18,11827.9300,-0.3210,0.5,16.4,1439687,1439687,,2026-W18,10486.75,0
2026-W16,2026-04-12,울산,07,SARS-CoV-2,3,3292.49,3.5177,4464.08,6780.8475,-0.6322,17.3,14.7,1218898,704531,,2026-W18,4080.91,0
2026-W16,2026-04-12,세종,08,SARS-CoV-2,3,1175.97,3.0708,903.09,1566.6350,-0.0566,0.5,15.8,343577,336440,,2026-W18,2530.65,1
2026-W16,2026-04-12,경기,09,SARS-CoV-2,12,1670.29,3.2231,1490.01,1573.1825,-0.0228,0.1,15.6,6563383,6563383,,2026-W18,733.42,0
2026-W16,2026-04-12,강원,10,SARS-CoV-2,6,1360.93,3.1342,1610.20,1371.9675,0.0173,0.0,10.7,816637,816637,,2026-W18,563.72,0
2026-W16,2026-04-12,충북,11,SARS-CoV-2,5,221.70,2.3477,429.94,545.4075,-0.5058,0.7,15.3,374120,340720,,2026-W18,241.27,0
2026-W16,2026-04-12,충남,12,SARS-CoV-2,8,6709.04,3.8267,6699.23,6335.5550,-0.0153,0.5,16.8,1408091,1107763,,2026-W18,4620.37,0
2026-W16,2026-04-12,전북,13,SARS-CoV-2,3,1025.21,3.0112,1573.30,1446.7100,-0.6805,13.4,15.7,1043386,889058,,2026-W18,803.81,0
2026-W16,2026-04-12,전남,14,SARS-CoV-2,8,477.44,2.6798,965.39,657.8025,0.2060,16.1,15.1,1017979,771617,,2026-W18,359.79,0
2026-W16,2026-04-12,경북,15,SARS-CoV-2,7,223.04,2.3503,463.53,373.4925,-0.5335,0.9,14.0,1287477,607688,,2026-W18,282.65,0
2026-W16,2026-04-12,경남,16,SARS-CoV-2,5,13334.31,4.1250,9943.25,8737.4450,0.6572,15.9,15.0,1723394,1602360,,2026-W18,16178.92,1
2026-W16,2026-04-12,제주,17,SARS-CoV-2,8,271.96,2.4361,203.91,246.1450,0.1660,79.7,12.9,563849,563849,,2026-W18,99.14,0
2026-W17,2026-04-19,서울,01,SARS-CoV-2,4,1815.93,3.2593,1927.37,1895.2100,-0.2288,2.4,15.3,9667667,9667667,,2026-W19,2175.74,0
2026-W17,2026-04-19,부산,02,SARS-CoV-2,3,642.23,2.8084,769.10,791.7325,-0.3844,6.1,14.8,2961386,1066302,,2026-W19,675.83,0
2026-W17,2026-04-19,대구,03,SARS-CoV-2,4,1629.89,3.2124,2680.12,4166.8150,-0.5240,0.4,16.9,1948639,1948639,,2026-W19,1200.99,0
2026-W17,2026-04-19,인천,04,SARS-CoV-2,6,1733.60,3.2392,1349.28,1295.1650,0.4786,1.8,14.5,2579599,2210929,,2026-W19,448.21,0
2026-W17,2026-04-19,광주,05,SARS-CoV-2,2,350.22,2.5456,460.03,774.3150,-0.3514,3.7,14.8,691807,649060,,2026-W19,990.92,0
2026-W17,2026-04-19,대전,06,SARS-CoV-2,5,7763.46,3.8901,8278.73,10299.0375,0.1788,2.2,15.0,1439687,1439687,,2026-W19,4252.03,0
2026-W17,2026-04-19,울산,07,SARS-CoV-2,4,1146.90,3.0599,2840.10,4810.5350,-0.6517,2.4,15.5,1218898,1218898,,2026-W19,2234.18,0
2026-W17,2026-04-19,세종,08,SARS-CoV-2,3,286.81,2.4591,1331.14,1303.1825,-0.7561,1.0,14.7,343577,336440,,2026-W19,,
2026-W17,2026-04-19,경기,09,SARS-CoV-2,12,1090.51,3.0380,1164.74,1520.7475,-0.3471,2.4,14.2,6563383,6563383,,2026-W19,603.95,0
2026-W17,2026-04-19,강원,10,SARS-CoV-2,5,2131.87,3.3290,1352.17,1580.5050,0.5665,2.7,9.9,816637,795516,,2026-W19,781.24,0
2026-W17,2026-04-19,충북,11,SARS-CoV-2,6,619.55,2.7928,360.84,593.9075,1.7945,1.7,13.9,374120,374120,,2026-W19,626.54,0
2026-W17,2026-04-19,충남,12,SARS-CoV-2,11,6575.59,3.8180,5968.33,6108.6775,-0.0199,0.0,15.3,1408091,1408091,,2026-W19,3510.86,0
2026-W17,2026-04-19,전북,13,SARS-CoV-2,5,486.32,2.6878,771.78,1414.6700,-0.5256,3.8,13.6,1043386,987013,,2026-W19,2354.98,1
2026-W17,2026-04-19,전남,14,SARS-CoV-2,5,2022.84,3.3062,953.36,1045.9150,3.2368,9.8,13.8,1017979,326131,,2026-W19,439.92,0
2026-W17,2026-04-19,경북,15,SARS-CoV-2,8,689.44,2.8391,398.38,413.0350,2.0911,0.0,14.5,1287477,1124786,,2026-W19,419.17,0
2026-W17,2026-04-19,경남,16,SARS-CoV-2,5,8449.18,3.9269,12654.14,9511.5125,-0.3664,3.7,14.7,1723394,1602360,,2026-W19,2112.95,0
2026-W17,2026-04-19,제주,17,SARS-CoV-2,8,106.54,2.0316,159.21,227.4900,-0.6083,58.9,11.2,563849,563849,,2026-W19,63.93,0
2026-W18,2026-04-26,서울,01,SARS-CoV-2,4,1611.65,3.2075,1867.77,1953.4750,-0.1125,5.6,15.2,9667667,9667667,,2026-W20,818.58,0
2026-W18,2026-04-26,부산,02,SARS-CoV-2,3,621.78,2.7943,646.61,754.2475,-0.0319,15.4,15.8,2961386,1227450,,2026-W20,932.73,0
2026-W18,2026-04-26,대구,03,SARS-CoV-2,4,2986.18,3.4753,1939.02,2459.6400,0.8321,7.1,18.2,1948639,1948639,,2026-W20,279.67,0
2026-W18,2026-04-26,인천,04,SARS-CoV-2,7,1141.80,3.0580,1107.87,1305.0700,-0.3414,6.5,14.5,2579599,2472716,,2026-W20,506.90,0
2026-W18,2026-04-26,광주,05,SARS-CoV-2,2,489.86,2.6910,610.33,509.3800,0.3987,0.3,15.1,691807,508012,,2026-W20,21.81,0
2026-W18,2026-04-26,대전,06,SARS-CoV-2,5,10486.75,4.0207,7500.75,8633.8250,0.3508,1.6,15.9,1439687,2859481,,2026-W20,5923.58,0
2026-W18,2026-04-26,울산,07,SARS-CoV-2,2,4080.91,3.6109,2487.33,4368.2925,2.5582,11.1,16.6,1218898,462100,,2026-W20,5276.76,0
2026-W18,2026-04-26,세종,08,SARS-CoV-2,1,2530.65,3.4034,1408.73,1309.9850,7.8236,0.5,15.2,343577,203310,,2026-W20,3458.38,1
2026-W18,2026-04-26,경기,09,SARS-CoV-2,12,733.42,2.8659,809.29,1300.8625,-0.3275,6.4,14.6,6563383,6563383,,2026-W20,920.13,0
2026-W18,2026-04-26,강원,10,SARS-CoV-2,5,563.72,2.7518,1158.94,1348.5800,-0.7356,17.8,10.5,816637,574364,,2026-W20,379.88,0
2026-W18,2026-04-26,충북,11,SARS-CoV-2,6,241.27,2.3843,495.79,382.7700,-0.6106,4.3,14.7,374120,374120,,2026-W20,718.61,1
2026-W18,2026-04-26,충남,12,SARS-CoV-2,11,4620.37,3.6648,4902.28,6179.5150,-0.2973,0.1,15.3,1408091,1408091,,2026-W20,4287.50,0
2026-W18,2026-04-26,전북,13,SARS-CoV-2,4,803.81,2.9057,1215.04,1380.9275,0.6528,2.8,13.3,1043386,733513,,2026-W20,1109.70,0
2026-W18,2026-04-26,전남,14,SARS-CoV-2,9,359.79,2.5573,940.85,813.9900,-0.8221,2.1,14.1,1017979,941751,,2026-W20,256.31,0
2026-W18,2026-04-26,경북,15,SARS-CoV-2,9,282.65,2.4528,463.76,418.3100,-0.5900,3.7,15.7,1287477,1119434,,2026-W20,505.61,0
2026-W18,2026-04-26,경남,16,SARS-CoV-2,6,16178.92,4.2090,8913.68,11502.1650,0.9149,3.9,15.6,1723394,1723394,,2026-W20,6981.02,0
2026-W18,2026-04-26,제주,17,SARS-CoV-2,8,99.14,2.0006,89.87,177.7225,-0.0694,23.2,11.2,563849,563849,,2026-W20,70.97,0
2026-W19,2026-05-03,서울,01,SARS-CoV-2,4,2175.74,3.3378,1535.32,1989.4625,0.3500,16.4,14.2,9667667,9667667,,2026-W21,1217.08,0
2026-W19,2026-05-03,부산,02,SARS-CoV-2,5,675.83,2.8305,743.45,745.7850,0.0869,24.1,15.7,2961386,2242434,,2026-W21,686.78,0
2026-W19,2026-05-03,대구,03,SARS-CoV-2,4,1200.99,3.0799,1488.94,2310.3325,-0.5978,12.0,17.2,1948639,1948639,,2026-W21,704.79,0
2026-W19,2026-05-03,인천,04,SARS-CoV-2,6,448.21,2.6524,698.97,1124.0125,-0.6075,15.7,14.0,2579599,2210929,,2026-W21,437.68,0
2026-W19,2026-05-03,광주,05,SARS-CoV-2,2,990.92,2.9965,500.86,592.7525,1.0229,20.5,14.7,691807,508012,,2026-W21,425.43,0
2026-W19,2026-05-03,대전,06,SARS-CoV-2,5,4252.03,3.6287,6887.45,7272.0550,-0.5945,11.2,15.0,1439687,1439687,,2026-W21,2481.01,0
2026-W19,2026-05-03,울산,07,SARS-CoV-2,2,2234.18,3.3493,3863.95,2688.6200,-0.4525,21.0,15.7,1218898,564831,,2026-W21,,
2026-W19,2026-05-03,세종,08,SARS-CoV-2,0,,,2994.52,1331.1433,,10.0,14.9,343577,,no_measurement,2026-W21,7157.02,1
2026-W19,2026-05-03,경기,09,SARS-CoV-2,12,603.95,2.7817,752.50,1024.5425,-0.1765,16.1,13.5,6563383,6563383,,2026-W21,1111.24,0
2026-W19,2026-05-03,강원,10,SARS-CoV-2,5,781.24,2.8933,574.95,1209.4400,0.3859,32.0,9.5,816637,795516,,2026-W21,236.01,0
2026-W19,2026-05-03,충북,11,SARS-CoV-2,4,626.54,2.7976,528.81,427.2650,1.5969,12.0,14.3,374120,247546,,2026-W21,246.65,0
2026-W19,2026-05-03,충남,12,SARS-CoV-2,10,3510.86,3.5455,4139.58,5353.9650,-0.2401,9.4,14.4,1408091,1324091,,2026-W21,6404.50,0
2026-W19,2026-05-03,전북,13,SARS-CoV-2,2,2354.98,3.3722,1422.83,1167.5800,1.9298,24.6,12.9,1043386,880138,,2026-W21,950.56,0
2026-W19,2026-05-03,전남,14,SARS-CoV-2,7,439.92,2.6444,352.01,824.9975,0.2227,19.2,14.0,1017979,540421,,2026-W21,116.31,0
2026-W19,2026-05-03,경북,15,SARS-CoV-2,8,419.17,2.6234,402.48,403.5750,0.4830,15.9,15.5,1287477,1081178,,2026-W21,170.72,0
2026-W19,2026-05-03,경남,16,SARS-CoV-2,3,2112.95,3.3251,8424.30,10018.8400,-0.8694,18.4,15.1,1723394,441658,,2026-W21,5490.78,0
2026-W19,2026-05-03,제주,17,SARS-CoV-2,8,63.93,1.8124,78.01,135.3925,-0.3552,31.3,11.2,563849,563849,,2026-W21,136.69,0
2026-W20,2026-05-10,서울,01,SARS-CoV-2,4,818.58,2.9136,1403.80,1605.4750,-0.6238,9.3,20.1,9667667,9667667,,2026-W22,1256.14,0
2026-W20,2026-05-10,부산,02,SARS-CoV-2,6,932.73,2.9702,765.11,718.1425,0.3801,4.8,18.3,2961386,2961386,,2026-W22,274.15,0
2026-W20,2026-05-10,대구,03,SARS-CoV-2,3,279.67,2.4482,728.48,1524.1825,-0.7671,7.1,21.1,1948639,1156006,,2026-W22,248.27,0
2026-W20,2026-05-10,인천,04,SARS-CoV-2,7,506.90,2.7058,464.26,957.6275,0.1309,6.2,18.9,2579599,2472716,,2026-W22,389.28,0
2026-W20,2026-05-10,광주,05,SARS-CoV-2,1,21.81,1.3581,479.39,463.2025,-0.9780,13.8,20.3,691807,42747,,2026-W22,,
2026-W20,2026-05-10,대전,06,SARS-CoV-2,5,5923.58,3.7727,4218.87,7106.4550,0.3931,19.2,19.5,1439687,1439687,,2026-W22,3849.93,0
2026-W20,2026-05-10,울산,07,SARS-CoV-2,2,5276.76,3.7224,3755.47,3184.6875,1.3618,7.5,18.9,1218898,462100,,2026-W22,,
2026-W20,2026-05-10,세종,08,SARS-CoV-2,2,3458.38,3.5390,5307.70,2091.9467,,24.6,19.4,343577,246698,,2026-W22,662.04,0
2026-W20,2026-05-10,경기,09,SARS-CoV-2,12,920.13,2.9643,878.44,837.0025,0.5235,6.3,19.5,6563383,6563383,,2026-W22,916.85,0
2026-W20,2026-05-10,강원,10,SARS-CoV-2,6,379.88,2.5808,465.71,964.1775,-0.5137,2.5,14.7,816637,816637,,2026-W22,72.98,0
2026-W20,2026-05-10,충북,11,SARS-CoV-2,5,718.61,2.8571,530.60,551.4925,0.1470,12.2,18.9,374120,370590,,2026-W22,246.65,0
2026-W20,2026-05-10,충남,12,SARS-CoV-2,7,4287.50,3.6323,4734.28,4748.5800,0.2212,33.8,18.9,1408091,571595,,2026-W22,2950.65,0
2026-W20,2026-05-10,전북,13,SARS-CoV-2,3,1109.70,3.0456,1471.74,1188.7025,-0.5288,19.0,17.6,1043386,961125,,2026-W22,,
2026-W20,2026-05-10,전남,14,SARS-CoV-2,3,256.31,2.4105,270.85,769.7150,-0.4174,23.1,18.0,1017979,559531,,2026-W22,183.68,0
2026-W20,2026-05-10,경북,15,SARS-CoV-2,8,505.61,2.7047,365.17,474.2175,0.2062,9.3,19.2,1287477,834012,,2026-W22,198.95,0
2026-W20,2026-05-10,경남,16,SARS-CoV-2,5,6981.02,3.8440,4861.58,8430.5175,2.3039,9.8,18.8,1723394,1032061,,2026-W22,7243.32,0
2026-W20,2026-05-10,제주,17,SARS-CoV-2,8,70.97,1.8572,90.53,85.1450,0.1101,8.6,15.4,563849,563849,,2026-W22,68.04,0
2026-W21,2026-05-17,서울,01,SARS-CoV-2,4,1217.08,3.0857,1097.27,1455.7625,0.4868,68.2,20.1,9667667,9667667,,2026-W23,705.14,0
2026-W21,2026-05-17,부산,02,SARS-CoV-2,3,686.78,2.8374,631.22,729.2800,-0.2637,60.4,19.7,2961386,1066302,,2026-W23,851.55,0
2026-W21,2026-05-17,대구,03,SARS-CoV-2,3,704.79,2.8487,410.91,1292.9075,1.5201,57.0,21.1,1948639,1156006,,2026-W23,1727.39,1
2026-W21,2026-05-17,인천,04,SARS-CoV-2,6,437.68,2.6421,444.62,633.6475,-0.1366,57.3,19.8,2579599,2210929,,2026-W23,121.09,0
2026-W21,2026-05-17,광주,05,SARS-CoV-2,2,425.43,2.6298,223.62,482.0050,18.5061,49.6,20.7,691807,508012,,2026-W23,128.83,0
2026-W21,2026-05-17,대전,06,SARS-CoV-2,5,2481.01,3.3948,4084.84,5785.8425,-0.5812,63.2,20.0,1439687,1439687,,2026-W23,916.50,0
2026-W21,2026-05-17,울산,07,SARS-CoV-2,0,,,5276.76,3863.9500,,76.6,19.8,1218898,,no_measurement,2026-W23,,
2026-W21,2026-05-17,세종,08,SARS-CoV-2,4,7157.02,3.8548,3759.15,4382.0167,1.0695,60.8,19.5,343577,343577,,2026-W23,,
2026-W21,2026-05-17,경기,09,SARS-CoV-2,12,1111.24,3.0462,982.74,842.1850,0.2077,72.0,19.3,6563383,6563383,,2026-W23,1109.30,1
2026-W21,2026-05-17,강원,10,SARS-CoV-2,5,236.01,2.3748,229.63,490.2125,-0.3787,67.6,14.5,816637,733130,,2026-W23,65.65,0
2026-W21,2026-05-17,충북,11,SARS-CoV-2,3,246.65,2.3938,403.97,458.2675,-0.6568,60.8,18.7,374120,44375,,2026-W23,220.98,0
2026-W21,2026-05-17,충남,12,SARS-CoV-2,6,6404.50,3.8066,4547.55,4705.8075,0.4938,62.4,19.4,1408091,1043129,,2026-W23,1931.62,0
2026-W21,2026-05-17,전북,13,SARS-CoV-2,3,950.56,2.9784,1030.13,1304.7625,-0.1434,78.4,18.2,1043386,724593,,2026-W23,,
2026-W21,2026-05-17,전남,14,SARS-CoV-2,5,116.31,2.0693,185.43,293.0825,-0.5462,63.0,18.7,1017979,359264,,2026-W23,202.68,0
2026-W21,2026-05-17,경북,15,SARS-CoV-2,10,170.72,2.2348,291.76,344.5375,-0.6623,84.2,19.2,1287477,1287477,,2026-W23,106.18,0
2026-W21,2026-05-17,경남,16,SARS-CoV-2,4,5490.78,3.7397,6571.71,7690.9175,-0.2135,72.7,19.4,1723394,1155020,,2026-W23,4410.45,0
2026-W21,2026-05-17,제주,17,SARS-CoV-2,8,136.69,2.1389,91.90,92.6825,0.9261,52.1,17.2,563849,563849,,2026-W23,95.97,0
2026-W22,2026-05-24,서울,01,SARS-CoV-2,4,1256.14,3.0994,1059.46,1366.8850,0.0321,17.1,21.2,9667667,9667667,,2026-W24,396.53,0
2026-W22,2026-05-24,부산,02,SARS-CoV-2,2,274.15,2.4396,604.16,642.3725,-0.6008,24.9,21.4,2961386,270536,,2026-W24,465.60,0
2026-W22,2026-05-24,대구,03,SARS-CoV-2,1,248.27,2.3967,893.48,608.4300,-0.6477,37.5,22.4,1948639,211498,,2026-W24,976.88,1
2026-W22,2026-05-24,인천,04,SARS-CoV-2,6,389.28,2.5914,316.02,445.5175,-0.1106,22.2,20.9,2579599,2250008,,2026-W24,211.00,0
2026-W22,2026-05-24,광주,05,SARS-CoV-2,0,,,277.13,479.3867,,11.4,21.7,691807,,no_measurement,2026-W24,,
2026-W22,2026-05-24,대전,06,SARS-CoV-2,5,3849.93,3.5856,2415.81,4126.6375,0.5518,11.3,21.9,1439687,1439687,,2026-W24,2913.75,0
2026-W22,2026-05-24,울산,07,SARS-CoV-2,0,,,,3755.4700,,33.8,20.9,1218898,,no_measurement,2026-W24,,
2026-W22,2026-05-24,세종,08,SARS-CoV-2,2,662.04,2.8215,3909.53,3759.1467,-0.9075,8.4,21.9,343577,246698,,2026-W24,908.05,0
2026-W22,2026-05-24,경기,09,SARS-CoV-2,12,916.85,2.9628,1045.80,888.0425,-0.1749,12.5,20.8,6563383,6563383,,2026-W24,802.41,0
2026-W22,2026-05-24,강원,10,SARS-CoV-2,1,72.98,1.8691,124.88,367.5275,-0.6908,8.7,16.6,816637,83507,,2026-W24,44.61,0
2026-W22,2026-05-24,충북,11,SARS-CoV-2,3,246.65,2.3938,238.09,459.6125,0.0000,4.2,20.9,374120,44375,,2026-W24,610.90,1
2026-W22,2026-05-24,충남,12,SARS-CoV-2,10,2950.65,3.4701,3762.26,4288.3775,-0.5393,8.4,21.7,1408091,864697,,2026-W24,4286.06,0
2026-W22,2026-05-24,전북,13,SARS-CoV-2,0,,,950.56,1471.7467,,15.4,20.3,1043386,,no_measurement,2026-W24,,
2026-W22,2026-05-24,전남,14,SARS-CoV-2,1,183.68,2.2664,167.56,249.0550,0.5791,16.4,20.2,1017979,247594,,2026-W24,111.64,0
2026-W22,2026-05-24,경북,15,SARS-CoV-2,4,198.95,2.3009,158.61,323.6125,0.1654,19.8,20.7,1287477,750316,,2026-W24,173.87,0
2026-W22,2026-05-24,경남,16,SARS-CoV-2,3,7243.32,3.8600,5714.85,5457.0175,0.3192,43.4,20.8,1723394,500294,,2026-W24,3980.66,0
2026-W22,2026-05-24,제주,17,SARS-CoV-2,8,68.04,1.8391,100.23,84.9075,-0.5022,60.8,18.4,563849,563849,,2026-W24,134.07,1
2026-W23,2026-05-31,서울,01,SARS-CoV-2,4,705.14,2.8489,785.94,999.2350,-0.4386,19.2,23.1,9667667,9667667,,2026-W25,363.22,0
2026-W23,2026-05-31,부산,02,SARS-CoV-2,4,851.55,2.9307,530.43,686.3025,2.1061,32.3,22.1,2961386,1362334,,2026-W25,597.62,0
2026-W23,2026-05-31,대구,03,SARS-CoV-2,1,1727.39,3.2376,984.18,740.0300,5.9577,15.9,24.5,1948639,792633,,2026-W25,250.25,0
2026-W23,2026-05-31,인천,04,SARS-CoV-2,4,121.09,2.0867,240.46,363.7375,-0.6889,9.6,21.8,2579599,1718646,,2026-W25,286.90,0
2026-W23,2026-05-31,광주,05,SARS-CoV-2,2,128.83,2.1134,128.83,192.0233,,26.3,22.5,691807,226542,,2026-W25,1809.91,1
2026-W23,2026-05-31,대전,06,SARS-CoV-2,3,916.50,2.9626,2560.06,3292.7550,-0.7619,6.0,23.5,1439687,715822,,2026-W25,1047.82,0
2026-W23,2026-05-31,울산,07,SARS-CoV-2,0,,,,,,30.1,21.8,1218898,,no_measurement,2026-W25,,
2026-W23,2026-05-31,세종,08,SARS-CoV-2,0,,,785.04,3759.1467,,4.1,23.5,343577,,no_measurement,2026-W25,2932.63,0
2026-W23,2026-05-31,경기,09,SARS-CoV-2,12,1109.30,3.0454,942.85,1014.3800,0.2099,17.6,21.7,6563383,6563383,,2026-W25,780.60,0
2026-W23,2026-05-31,강원,10,SARS-CoV-2,2,65.65,1.8238,61.08,188.6300,-0.1004,28.6,17.9,816637,120587,,2026-W25,26.16,0
2026-W23,2026-05-31,충북,11,SARS-CoV-2,5,220.98,2.3463,359.51,358.2225,-0.1041,9.6,22.0,374120,251076,,2026-W25,324.67,0
2026-W23,2026-05-31,충남,12,SARS-CoV-2,10,1931.62,3.2861,3056.11,3893.5675,-0.3454,7.5,22.8,1408091,1373946,,2026-W25,2598.69,0
2026-W23,2026-05-31,전북,13,SARS-CoV-2,0,,,,1030.1300,,8.2,20.8,1043386,,no_measurement,2026-W25,,
2026-W23,2026-05-31,전남,14,SARS-CoV-2,4,202.68,2.3089,166.00,189.7450,0.1035,49.4,20.4,1017979,596137,,2026-W25,119.31,0
2026-W23,2026-05-31,경북,15,SARS-CoV-2,6,106.18,2.0301,159.67,245.3650,-0.4663,2.7,22.4,1287477,578388,,2026-W25,247.20,0
2026-W23,2026-05-31,경남,16,SARS-CoV-2,3,4410.45,3.6446,5211.48,6031.3925,-0.3911,42.5,21.3,1723394,634129,,2026-W25,5354.98,0
2026-W23,2026-05-31,제주,17,SARS-CoV-2,8,95.97,1.9866,99.36,92.9175,0.4106,94.7,18.1,563849,563849,,2026-W25,133.02,1
2026-W24,2026-06-07,서울,01,SARS-CoV-2,4,396.53,2.5994,488.30,893.7225,-0.4377,7.4,22.0,9667667,9667667,,2026-W26,879.66,0
2026-W24,2026-06-07,부산,02,SARS-CoV-2,5,465.60,2.6689,638.26,569.5200,-0.4532,12.3,21.5,2961386,2242434,,2026-W26,1220.88,1
2026-W24,2026-06-07,대구,03,SARS-CoV-2,1,976.88,2.9903,984.84,914.3325,-0.4345,7.0,23.7,1948639,211498,,2026-W26,247.80,0
2026-W24,2026-06-07,인천,04,SARS-CoV-2,5,211.00,2.3263,206.33,289.7625,0.7425,7.6,21.2,2579599,1849070,,2026-W26,173.81,0
2026-W24,2026-06-07,광주,05,SARS-CoV-2,0,,,969.37,277.1300,,7.4,22.3,691807,,no_measurement,2026-W26,,
2026-W24,2026-06-07,대전,06,SARS-CoV-2,3,2913.75,3.4646,1626.03,2540.2975,2.1792,4.1,22.3,1439687,749381,,2026-W26,3442.05,1
2026-W24,2026-06-07,울산,07,SARS-CoV-2,0,,,,,,13.5,20.9,1218898,,no_measurement,2026-W26,,
2026-W24,2026-06-07,세종,08,SARS-CoV-2,1,908.05,2.9586,1920.34,2909.0367,,3.2,22.2,343577,203310,,2026-W26,2602.72,0
2026-W24,2026-06-07,경기,09,SARS-CoV-2,12,802.41,2.9049,897.44,984.9500,-0.2766,11.8,19.8,6563383,6563383,,2026-W26,1231.39,0
2026-W24,2026-06-07,강원,10,SARS-CoV-2,2,44.61,1.6591,45.47,104.8125,-0.3205,13.7,15.2,816637,294365,,2026-W26,271.39,1
2026-W24,2026-06-07,충북,11,SARS-CoV-2,4,610.90,2.7867,385.52,331.2950,1.7646,3.1,20.8,374120,220171,,2026-W26,318.73,0
2026-W24,2026-06-07,충남,12,SARS-CoV-2,11,4286.06,3.6322,2938.79,3893.2075,1.2189,6.1,21.3,1408091,1408091,,2026-W26,5162.03,1
2026-W24,2026-06-07,전북,13,SARS-CoV-2,0,,,,,,3.5,19.5,1043386,,no_measurement,2026-W26,3402.27,
2026-W24,2026-06-07,전남,14,SARS-CoV-2,4,111.64,2.0517,144.54,153.5775,-0.4492,8.5,19.9,1017979,406063,,2026-W26,322.02,1
2026-W24,2026-06-07,경북,15,SARS-CoV-2,5,173.87,2.2427,175.75,162.4300,0.6376,10.9,21.0,1287477,484972,,2026-W26,169.85,0
2026-W24,2026-06-07,경남,16,SARS-CoV-2,6,3980.66,3.6001,4582.03,5281.3025,-0.0974,7.9,20.6,1723394,1723394,,2026-W26,5377.29,0
2026-W24,2026-06-07,제주,17,SARS-CoV-2,8,134.07,2.1306,121.02,108.6925,0.3970,16.1,17.2,563849,563849,,2026-W26,159.23,1
2026-W25,2026-06-14,서울,01,SARS-CoV-2,4,363.22,2.5614,546.47,680.2575,-0.0840,70.8,25.7,9667667,9667667,,2026-W27,2257.42,1
2026-W25,2026-06-14,부산,02,SARS-CoV-2,3,597.62,2.7772,761.37,547.2300,0.2835,42.2,24.0,2961386,496661,,2026-W27,3893.64,1
2026-W25,2026-06-14,대구,03,SARS-CoV-2,1,250.25,2.4001,491.64,800.6975,-0.7438,62.4,26.0,1948639,211498,,2026-W27,711.15,0
2026-W25,2026-06-14,인천,04,SARS-CoV-2,5,286.90,2.4592,223.90,252.0675,0.3597,65.6,25.3,2579599,1625146,,2026-W27,208.35,0
2026-W25,2026-06-14,광주,05,SARS-CoV-2,1,1809.91,3.2579,1809.91,969.3700,,40.0,25.1,691807,465265,,2026-W27,455.36,0
2026-W25,2026-06-14,대전,06,SARS-CoV-2,2,1047.82,3.0207,2467.88,2182.0000,-0.6404,60.2,24.5,1439687,107318,,2026-W27,3996.42,1
2026-W25,2026-06-14,울산,07,SARS-CoV-2,0,,,,,,38.4,23.6,1218898,,no_measurement,2026-W27,,
2026-W25,2026-06-14,세종,08,SARS-CoV-2,1,2932.63,3.4674,2147.80,1500.9067,2.2296,74.5,24.6,343577,203310,,2026-W27,,
2026-W25,2026-06-14,경기,09,SARS-CoV-2,11,780.60,2.8930,938.14,902.2900,-0.0272,84.5,23.7,6563383,6440430,,2026-W27,820.61,0
2026-W25,2026-06-14,강원,10,SARS-CoV-2,1,26.16,1.4339,114.05,52.3500,-0.4136,77.8,19.1,816637,37080,,2026-W27,57.29,0
2026-W25,2026-06-14,충북,11,SARS-CoV-2,4,324.67,2.5128,418.10,350.8000,-0.4685,67.6,23.8,374120,217676,,2026-W27,313.31,0
2026-W25,2026-06-14,충남,12,SARS-CoV-2,7,2598.69,3.4149,4015.59,2941.7550,-0.3937,73.8,23.8,1408091,1139641,,2026-W27,2539.39,0
2026-W25,2026-06-14,전북,13,SARS-CoV-2,0,,,3402.27,,,64.1,22.2,1043386,,no_measurement,2026-W27,,
2026-W25,2026-06-14,전남,14,SARS-CoV-2,3,119.31,2.0803,184.32,154.3275,0.0686,49.1,22.3,1017979,164199,,2026-W27,,
2026-W25,2026-06-14,경북,15,SARS-CoV-2,7,247.20,2.3948,196.97,181.5500,0.4217,84.7,23.8,1287477,586857,,2026-W27,259.05,1
2026-W25,2026-06-14,경남,16,SARS-CoV-2,3,5354.98,3.7288,4904.31,5247.3525,0.3453,56.6,23.2,1723394,656158,,2026-W27,5612.37,0
2026-W25,2026-06-14,제주,17,SARS-CoV-2,8,133.02,2.1272,142.11,107.7750,-0.0079,104.0,19.9,563849,563849,,2026-W27,152.13,1
2026-W26,2026-06-21,서울,01,SARS-CoV-2,4,879.66,2.9448,1166.77,586.1375,1.4218,4.2,23.2,9667667,9667667,,2026-W28,953.62,1
2026-W26,2026-06-21,부산,02,SARS-CoV-2,6,1220.88,3.0870,1904.05,783.9125,1.0429,17.8,20.7,2961386,2961386,,2026-W28,1221.58,1
2026-W26,2026-06-21,대구,03,SARS-CoV-2,2,247.80,2.3959,403.07,800.5800,-0.0098,5.4,21.9,1948639,1004131,,2026-W28,372.03,0
2026-W26,2026-06-21,인천,04,SARS-CoV-2,5,173.81,2.2426,223.02,198.2000,-0.3942,4.6,23.4,2579599,1849070,,2026-W28,265.03,1
2026-W26,2026-06-21,광주,05,SARS-CoV-2,0,,,1132.64,969.3700,,4.9,23.1,691807,,no_measurement,2026-W28,306.91,0
2026-W26,2026-06-21,대전,06,SARS-CoV-2,3,3442.05,3.5369,2828.76,2080.0300,2.2850,4.1,22.8,1439687,1332369,,2026-W28,2471.97,0
2026-W26,2026-06-21,울산,07,SARS-CoV-2,0,,,,,,17.4,20.4,1218898,,no_measurement,2026-W28,4295.29,
2026-W26,2026-06-21,세종,08,SARS-CoV-2,1,2602.72,3.4156,2767.68,2147.8000,-0.1125,3.9,23.0,343577,203310,,2026-W28,2658.11,0
2026-W26,2026-06-21,경기,09,SARS-CoV-2,11,1231.39,3.0907,944.20,980.9250,0.5775,5.8,21.4,6563383,5883416,,2026-W28,1138.33,0
2026-W26,2026-06-21,강원,10,SARS-CoV-2,3,271.39,2.4352,118.28,101.9525,9.3742,6.4,16.2,816637,674929,,2026-W28,171.56,1
2026-W26,2026-06-21,충북,11,SARS-CoV-2,4,318.73,2.5048,318.90,368.8200,-0.0183,10.0,21.4,374120,77775,,2026-W28,89.07,0
2026-W26,2026-06-21,충남,12,SARS-CoV-2,11,5162.03,3.7129,3433.37,3494.6000,0.9864,2.1,23.0,1408091,1408091,,2026-W28,3225.62,0
2026-W26,2026-06-21,전북,13,SARS-CoV-2,1,3402.27,3.5319,3402.27,,,6.8,20.8,1043386,626638,,2026-W28,,
2026-W26,2026-06-21,전남,14,SARS-CoV-2,5,322.02,2.5092,220.66,188.9125,1.6991,12.6,21.2,1017979,273718,,2026-W28,408.94,1
2026-W26,2026-06-21,경북,15,SARS-CoV-2,4,169.85,2.2326,225.37,174.2750,-0.3129,9.8,20.1,1287477,294363,,2026-W28,127.77,0
2026-W26,2026-06-21,경남,16,SARS-CoV-2,3,5377.29,3.7306,5448.21,4780.8450,0.0042,16.6,21.0,1723394,845272,,2026-W28,5750.85,0
2026-W26,2026-06-21,제주,17,SARS-CoV-2,8,159.23,2.2047,148.13,130.5725,0.1971,189.1,18.1,563849,563849,,2026-W28,248.89,1
2026-W27,2026-06-28,서울,01,SARS-CoV-2,4,2257.42,3.3538,1363.56,974.2075,1.5662,21.7,25.8,9667667,9667667,,2026-W29,1771.86,1
2026-W27,2026-06-28,부산,02,SARS-CoV-2,6,3893.64,3.5905,2112.03,1544.4350,2.1892,80.5,21.7,2961386,2961386,,2026-W29,1653.36,0
2026-W27,2026-06-28,대구,03,SARS-CoV-2,2,711.15,2.8526,443.66,546.5200,1.8698,37.6,24.7,1948639,944508,,2026-W29,1905.44,1
2026-W27,2026-06-28,인천,04,SARS-CoV-2,8,208.35,2.3209,215.73,220.0150,0.1987,12.0,25.4,2579599,2579599,,2026-W29,509.87,1
2026-W27,2026-06-28,광주,05,SARS-CoV-2,2,455.36,2.6593,381.14,1132.6350,,65.0,24.5,691807,649060,,2026-W29,521.43,0
2026-W27,2026-06-28,대전,06,SARS-CoV-2,3,3996.42,3.6018,3303.48,2850.0100,0.1611,15.1,25.3,1439687,1377291,,2026-W29,5306.35,1
2026-W27,2026-06-28,울산,07,SARS-CoV-2,0,,,4295.29,,,36.8,21.7,1218898,,no_measurement,2026-W29,1425.63,
2026-W27,2026-06-28,세종,08,SARS-CoV-2,0,,,2630.42,2147.8000,,8.6,25.8,343577,,no_measurement,2026-W29,4360.14,1
2026-W27,2026-06-28,경기,09,SARS-CoV-2,12,820.61,2.9147,1063.44,908.7525,-0.3336,12.2,24.7,6563383,6563383,,2026-W29,1607.59,1
2026-W27,2026-06-28,강원,10,SARS-CoV-2,4,57.29,1.7656,166.75,99.8625,-0.7889,8.0,19.8,816637,557759,,2026-W29,532.95,1
2026-W27,2026-06-28,충북,11,SARS-CoV-2,3,313.31,2.4974,240.37,391.9025,-0.0170,7.6,24.5,374120,216641,,2026-W29,349.69,0
2026-W27,2026-06-28,충남,12,SARS-CoV-2,10,2539.39,3.4049,3642.35,3646.5425,-0.5081,13.7,25.1,1408091,1331458,,2026-W29,4974.81,1
2026-W27,2026-06-28,전북,13,SARS-CoV-2,0,,,3402.27,,,20.4,22.5,1043386,,no_measurement,2026-W29,1134.36,
2026-W27,2026-06-28,전남,14,SARS-CoV-2,0,,,365.48,184.3233,,97.5,22.1,1017979,,no_measurement,2026-W29,411.01,1
2026-W27,2026-06-28,경북,15,SARS-CoV-2,9,259.05,2.4151,185.56,212.4925,0.5252,35.3,22.7,1287477,1255190,,2026-W29,274.10,0
2026-W27,2026-06-28,경남,16,SARS-CoV-2,4,5612.37,3.7492,5580.17,5081.3250,0.0437,54.6,22.6,1723394,777192,,2026-W29,26451.76,1
2026-W27,2026-06-28,제주,17,SARS-CoV-2,8,152.13,2.1851,186.75,144.6125,-0.0446,127.2,20.2,563849,563849,,2026-W29,406.49,1
2026-W28,2026-07-05,서울,01,SARS-CoV-2,4,953.62,2.9798,1660.96,1113.4800,-0.5776,124.9,25.4,9667667,9667667,,2026-W30,985.95,0
2026-W28,2026-07-05,부산,02,SARS-CoV-2,6,1221.58,3.0873,2256.19,1733.4300,-0.6863,21.6,25.7,2961386,2961386,,2026-W30,855.35,0
2026-W28,2026-07-05,대구,03,SARS-CoV-2,3,372.03,2.5717,996.20,395.3075,-0.4769,36.0,27.8,1948639,1061542,,2026-W30,3023.08,1
2026-W28,2026-07-05,인천,04,SARS-CoV-2,7,265.03,2.4249,327.75,233.5225,0.2720,105.1,25.6,2579599,1993816,,2026-W30,625.22,1
2026-W28,2026-07-05,광주,05,SARS-CoV-2,2,306.91,2.4884,427.90,857.3933,-0.3260,102.0,26.1,691807,649060,,2026-W30,899.36,0
2026-W28,2026-07-05,대전,06,SARS-CoV-2,4,2471.97,3.3932,3924.91,2739.5650,-0.3815,183.6,26.1,1439687,1414171,,2026-W30,7207.37,1
2026-W28,2026-07-05,울산,07,SARS-CoV-2,3,4295.29,3.6331,2860.46,,,8.4,26.7,1218898,704531,,2026-W30,1448.44,
2026-W28,2026-07-05,세종,08,SARS-CoV-2,1,2658.11,3.4247,3509.13,2731.1533,,163.6,25.8,343577,203310,,2026-W30,6544.21,1
2026-W28,2026-07-05,경기,09,SARS-CoV-2,10,1138.33,3.0566,1188.84,992.7325,0.3872,187.8,24.2,6563383,5618579,,2026-W30,1199.54,0
2026-W28,2026-07-05,강원,10,SARS-CoV-2,6,171.56,2.2369,253.94,131.6000,1.9947,56.0,21.5,816637,816637,,2026-W30,351.85,1
2026-W28,2026-07-05,충북,11,SARS-CoV-2,5,89.07,1.9546,250.69,261.4450,-0.7157,164.5,25.0,374120,200819,,2026-W30,2446.54,1
2026-W28,2026-07-05,충남,12,SARS-CoV-2,9,3225.62,3.5087,3579.94,3381.4325,0.2702,126.2,25.9,1408091,1266618,,2026-W30,2104.80,0
2026-W28,2026-07-05,전북,13,SARS-CoV-2,0,,,1134.36,,,165.0,24.6,1043386,,no_measurement,2026-W30,2125.69,
2026-W28,2026-07-05,전남,14,SARS-CoV-2,4,408.94,2.6127,409.97,283.4233,,58.1,24.8,1017979,422060,,2026-W30,1633.00,1
2026-W28,2026-07-05,경북,15,SARS-CoV-2,7,127.77,2.1098,220.31,200.9675,-0.5068,74.3,25.6,1287477,877631,,2026-W30,152.11,0
2026-W28,2026-07-05,경남,16,SARS-CoV-2,6,5750.85,3.7598,12604.99,5523.8725,0.0247,25.3,25.4,1723394,1723394,,2026-W30,17377.54,1
2026-W28,2026-07-05,제주,17,SARS-CoV-2,8,248.89,2.3977,269.17,173.3175,0.6360,36.9,23.6,563849,563849,,2026-W30,301.37,1
2026-W29,2026-07-12,서울,01,SARS-CoV-2,4,1771.86,3.2487,1237.14,1465.6400,0.8580,123.9,26.9,9667667,9667667,,2026-W31,2947.58,1
2026-W29,2026-07-12,부산,02,SARS-CoV-2,5,1653.36,3.2186,1243.43,1997.3650,0.3535,15.5,28.1,2961386,2812075,,2026-W31,5962.52,1
2026-W29,2026-07-12,대구,03,SARS-CoV-2,4,1905.44,3.2802,1766.85,809.1050,4.1218,36.6,29.7,1948639,1948639,,2026-W31,1715.85,1
2026-W29,2026-07-12,인천,04,SARS-CoV-2,8,509.87,2.7083,466.71,289.2650,0.9238,119.2,26.9,2579599,2579599,,2026-W31,679.83,1
2026-W29,2026-07-12,광주,05,SARS-CoV-2,2,521.43,2.7180,575.90,427.9000,0.6989,62.2,27.4,691807,649060,,2026-W31,333.88,0
2026-W29,2026-07-12,대전,06,SARS-CoV-2,4,5306.35,3.7249,4995.23,3804.1975,1.1466,62.0,27.5,1439687,1414171,,2026-W31,1570.91,0
2026-W29,2026-07-12,울산,07,SARS-CoV-2,4,1425.63,3.1543,2389.79,2860.4600,-0.6681,15.2,29.5,1218898,1218898,,2026-W31,4915.70,1
2026-W29,2026-07-12,세종,08,SARS-CoV-2,3,4360.14,3.6396,4520.82,3206.9900,0.6403,73.9,27.2,343577,336440,,2026-W31,867.17,0
2026-W29,2026-07-12,경기,09,SARS-CoV-2,12,1607.59,3.2064,1315.15,1199.4800,0.4122,118.9,26.2,6563383,6563383,,2026-W31,2586.76,1
2026-W29,2026-07-12,강원,10,SARS-CoV-2,5,532.95,2.7275,352.12,258.2975,2.1065,130.5,22.9,816637,795516,,2026-W31,260.81,0
2026-W29,2026-07-12,충북,11,SARS-CoV-2,5,349.69,2.5449,961.77,267.7000,2.9258,59.9,26.8,374120,370590,,2026-W31,1669.61,1
2026-W29,2026-07-12,충남,12,SARS-CoV-2,9,4974.81,3.6969,3435.07,3975.4625,0.5423,68.7,27.1,1408091,1316473,,2026-W31,6810.69,1
2026-W29,2026-07-12,전북,13,SARS-CoV-2,1,1134.36,3.0551,1630.02,2268.3150,,66.1,25.8,1043386,80987,,2026-W31,364.88,0
2026-W29,2026-07-12,전남,14,SARS-CoV-2,6,411.01,2.6149,817.65,380.6567,0.0051,40.5,26.0,1017979,270058,,2026-W31,983.61,1
2026-W29,2026-07-12,경북,15,SARS-CoV-2,5,274.10,2.4395,184.66,207.6925,1.1453,63.4,27.6,1287477,412269,,2026-W31,157.92,0
2026-W29,2026-07-12,경남,16,SARS-CoV-2,5,26451.76,4.4225,16526.72,10798.0675,3.5996,30.6,27.3,1723394,1602360,,2026-W31,24745.35,1
2026-W29,2026-07-12,제주,17,SARS-CoV-2,8,406.49,2.6101,318.92,241.6850,0.6332,42.0,25.2,563849,563849,,2026-W31,822.38,1
2026-W30,2026-07-19,서울,01,SARS-CoV-2,4,985.95,2.9943,1901.80,1492.2125,-0.4435,118.3,25.7,9667667,9667667,,2026-W32,4078.23,1
2026-W30,2026-07-19,부산,02,SARS-CoV-2,4,855.35,2.9327,2823.74,1905.9825,-0.4827,20.2,29.2,2961386,1362334,,2026-W32,3871.70,1
2026-W30,2026-07-19,대구,03,SARS-CoV-2,4,3023.08,3.4806,2214.79,1502.9250,0.5866,60.9,29.2,1948639,1948639,,2026-W32,3484.24,1
2026-W30,2026-07-19,인천,04,SARS-CoV-2,8,625.22,2.7967,604.97,402.1175,0.2262,120.6,25.6,2579599,2579599,,2026-W32,1154.91,1
2026-W30,2026-07-19,광주,05,SARS-CoV-2,3,899.36,2.9544,584.89,545.7650,0.7248,57.0,28.3,691807,691807,,2026-W32,792.50,1
2026-W30,2026-07-19,대전,06,SARS-CoV-2,5,7207.37,3.8578,4694.88,4745.5275,0.3583,69.3,27.2,1439687,1439687,,2026-W32,8799.02,1
2026-W30,2026-07-19,울산,07,SARS-CoV-2,4,1448.44,3.1612,2596.59,2389.7867,0.0160,16.1,30.5,1218898,1218898,,2026-W32,6212.41,1
2026-W30,2026-07-19,세종,08,SARS-CoV-2,4,6544.21,3.8159,3923.84,4520.8200,0.5009,57.1,26.9,343577,343577,,2026-W32,774.47,0
2026-W30,2026-07-19,경기,09,SARS-CoV-2,12,1199.54,3.0794,1797.96,1191.5175,-0.2538,129.2,25.2,6563383,6563383,,2026-W32,1471.76,0
2026-W30,2026-07-19,강원,10,SARS-CoV-2,3,351.85,2.5476,381.87,278.4125,-0.3398,73.0,22.3,816637,674929,,2026-W32,359.81,0
2026-W30,2026-07-19,충북,11,SARS-CoV-2,3,2446.54,3.3887,1488.62,799.6525,5.9964,79.6,26.2,374120,306285,,2026-W32,2954.08,1
2026-W30,2026-07-19,충남,12,SARS-CoV-2,10,2104.80,3.3234,4630.10,3211.1550,-0.5769,74.5,26.6,1408091,1373946,,2026-W32,10491.01,1
2026-W30,2026-07-19,전북,13,SARS-CoV-2,1,2125.69,3.3277,1208.31,1630.0250,0.8739,52.5,26.2,1043386,626638,,2026-W32,2959.54,1
2026-W30,2026-07-19,전남,14,SARS-CoV-2,9,1633.00,3.2133,1009.20,817.6500,2.9732,59.9,26.8,1017979,945134,,2026-W32,1540.84,1
2026-W30,2026-07-19,경북,15,SARS-CoV-2,10,152.11,2.1850,194.71,203.2575,-0.4451,68.7,26.6,1287477,1287477,,2026-W32,436.23,1
2026-W30,2026-07-19,경남,16,SARS-CoV-2,5,17377.54,4.2400,22858.22,13798.1300,-0.3430,33.2,28.3,1723394,1602360,,2026-W32,30691.47,1
2026-W30,2026-07-19,제주,17,SARS-CoV-2,8,301.37,2.4805,510.08,277.2200,-0.2586,27.8,24.9,563849,563849,,2026-W32,772.03,1
2026-W31,2026-07-26,서울,01,SARS-CoV-2,4,2947.58,3.4696,2670.59,1664.7525,1.9896,24.1,27.4,9667667,9667667,,2026-W33,5486.34,1
2026-W31,2026-07-26,부산,02,SARS-CoV-2,5,5962.52,3.7755,3563.19,2423.2025,5.9709,8.2,32.7,2961386,2812075,,2026-W33,3120.58,0
2026-W31,2026-07-26,대구,03,SARS-CoV-2,4,1715.85,3.2347,2741.06,1754.1000,-0.4324,4.2,31.7,1948639,1948639,,2026-W33,1862.46,0
2026-W31,2026-07-26,인천,04,SARS-CoV-2,8,679.83,2.8330,819.99,519.9875,0.0873,25.9,27.3,2579599,2579599,,2026-W33,1535.51,1
2026-W31,2026-07-26,광주,05,SARS-CoV-2,3,333.88,2.5249,675.25,515.3950,-0.6288,0.6,30.3,691807,691807,,2026-W33,481.16,0
2026-W31,2026-07-26,대전,06,SARS-CoV-2,4,1570.91,3.1964,5859.10,4139.1500,-0.7820,4.7,28.6,1439687,786261,,2026-W33,11885.45,1
2026-W31,2026-07-26,울산,07,SARS-CoV-2,4,4915.70,3.6917,4192.18,3021.2650,2.3938,5.5,32.9,1218898,1218898,,2026-W33,7782.82,1
2026-W31,2026-07-26,세종,08,SARS-CoV-2,2,867.17,2.9386,2728.62,3607.4075,-0.8675,3.4,28.7,343577,210447,,2026-W33,454.25,0
2026-W31,2026-07-26,경기,09,SARS-CoV-2,12,2586.76,3.4129,1752.69,1633.0550,1.1565,27.2,26.5,6563383,6563383,,2026-W33,3038.25,1
2026-W31,2026-07-26,강원,10,SARS-CoV-2,6,260.81,2.4180,324.16,329.2925,-0.2587,39.3,23.4,816637,816637,,2026-W33,606.31,1
2026-W31,2026-07-26,충북,11,SARS-CoV-2,4,1669.61,3.2229,2356.75,1138.7275,-0.3176,10.8,27.4,374120,339685,,2026-W33,4678.59,1
2026-W31,2026-07-26,충남,12,SARS-CoV-2,11,6810.69,3.8333,6468.83,4278.9800,2.2358,5.6,28.1,1408091,1408091,,2026-W33,18981.16,1
2026-W31,2026-07-26,전북,13,SARS-CoV-2,3,364.88,2.5633,1816.71,1208.3100,-0.8283,10.7,26.6,1043386,279388,,2026-W33,618.43,0
2026-W31,2026-07-26,전남,14,SARS-CoV-2,10,983.61,2.9933,1385.81,859.1400,-0.3977,1.1,28.8,1017979,995487,,2026-W33,1791.90,1
2026-W31,2026-07-26,경북,15,SARS-CoV-2,7,157.92,2.2012,248.75,177.9750,0.0382,6.6,28.4,1287477,610675,,2026-W33,422.49,1
2026-W31,2026-07-26,경남,16,SARS-CoV-2,6,24745.35,4.3935,24271.45,18581.3750,0.4240,9.0,30.7,1723394,1723394,,2026-W33,70571.89,1
2026-W31,2026-07-26,제주,17,SARS-CoV-2,8,822.38,2.9156,631.92,444.7825,1.7288,16.7,24.4,563849,563849,,2026-W33,1753.71,1
2026-W32,2026-08-02,서울,01,SARS-CoV-2,4,4078.23,3.6106,4170.72,2445.9050,0.3836,21.8,31.5,9667667,9667667,,2026-W34,9842.23,1
2026-W32,2026-08-02,부산,02,SARS-CoV-2,6,3871.70,3.5880,4318.27,3085.7325,-0.3507,4.8,30.5,2961386,2961386,,2026-W34,1761.37,0
2026-W32,2026-08-02,대구,03,SARS-CoV-2,3,3484.24,3.5422,2354.18,2532.1525,1.0306,11.7,31.5,1948639,1891228,,2026-W34,3092.86,0
2026-W32,2026-08-02,인천,04,SARS-CoV-2,8,1154.91,3.0629,1123.42,742.4575,0.6988,18.4,31.1,2579599,2579599,,2026-W34,2364.83,1
2026-W32,2026-08-02,광주,05,SARS-CoV-2,3,792.50,2.8995,535.85,636.7925,1.3736,11.2,31.7,691807,691807,,2026-W34,3347.84,1
2026-W32,2026-08-02,대전,06,SARS-CoV-2,5,8799.02,3.9445,7418.46,5720.9125,4.6012,30.9,31.3,1439687,1439687,,2026-W34,12589.24,1
2026-W32,2026-08-02,울산,07,SARS-CoV-2,4,6212.41,3.7933,6303.64,3500.5450,0.2638,4.4,30.2,1218898,1218898,,2026-W34,7845.52,1
2026-W32,2026-08-02,세종,08,SARS-CoV-2,4,774.47,2.8896,698.63,3136.4975,-0.1069,16.0,31.4,343577,343577,,2026-W34,2033.46,0
2026-W32,2026-08-02,경기,09,SARS-CoV-2,12,1471.76,3.1681,2365.59,1716.4125,-0.4310,13.5,28.9,6563383,6563383,,2026-W34,3000.63,1
2026-W32,2026-08-02,강원,10,SARS-CoV-2,6,359.81,2.5573,408.98,376.3550,0.3796,7.1,24.7,816637,816637,,2026-W34,875.48,1
2026-W32,2026-08-02,충북,11,SARS-CoV-2,6,2954.08,3.4706,3100.76,1854.9800,0.7693,30.1,30.1,374120,374120,,2026-W34,4061.00,1
2026-W32,2026-08-02,충남,12,SARS-CoV-2,10,10491.01,4.0209,12094.29,6095.3275,0.5404,16.1,30.9,1408091,1350618,,2026-W34,22530.63,1
2026-W32,2026-08-02,전북,13,SARS-CoV-2,2,2959.54,3.4714,1314.29,1646.1175,7.1109,13.2,28.4,1043386,880138,,2026-W34,457.46,0
2026-W32,2026-08-02,전남,14,SARS-CoV-2,9,1540.84,3.1880,1438.78,1142.1150,0.5665,15.8,29.7,1017979,521206,,2026-W34,630.01,0
2026-W32,2026-08-02,경북,15,SARS-CoV-2,10,436.23,2.6407,338.88,255.0900,1.7624,9.4,29.4,1287477,1287477,,2026-W34,587.97,1
2026-W32,2026-08-02,경남,16,SARS-CoV-2,6,30691.47,4.4870,42002.91,24816.5300,0.2403,9.3,30.4,1723394,1723394,,2026-W34,15130.11,0
2026-W32,2026-08-02,제주,17,SARS-CoV-2,8,772.03,2.8882,1116.04,575.5675,-0.0612,26.9,24.9,563849,563849,,2026-W34,471.89,0
2026-W33,2026-08-09,서울,01,SARS-CoV-2,4,5486.34,3.7394,6468.93,3374.5250,0.3453,21.6,27.1,9667667,9667667,,2026-W35,15919.71,1
2026-W33,2026-08-09,부산,02,SARS-CoV-2,6,3120.58,3.4944,2917.88,3452.5375,-0.1940,13.5,26.1,2961386,2961386,,2026-W35,2963.86,0
2026-W33,2026-08-09,대구,03,SARS-CoV-2,4,1862.46,3.2703,2813.19,2521.4075,-0.4655,9.1,27.6,1948639,1948639,,2026-W35,13579.75,1
2026-W33,2026-08-09,인천,04,SARS-CoV-2,8,1535.51,3.1865,1685.08,998.8675,0.3296,17.2,27.6,2579599,2579599,,2026-W35,2455.40,1
2026-W33,2026-08-09,광주,05,SARS-CoV-2,3,481.16,2.6832,1540.50,626.7250,-0.3929,20.8,28.7,691807,691807,,2026-W35,4927.79,1
2026-W33,2026-08-09,대전,06,SARS-CoV-2,5,11885.45,4.0751,11091.24,7365.6875,0.3508,10.3,26.9,1439687,1439687,,2026-W35,22260.36,1
2026-W33,2026-08-09,울산,07,SARS-CoV-2,4,7782.82,3.8912,7280.25,5089.8425,0.2528,22.6,26.2,1218898,1218898,,2026-W35,13773.93,1
2026-W33,2026-08-09,세종,08,SARS-CoV-2,4,454.25,2.6582,1087.39,2160.0250,-0.4135,9.3,26.6,343577,343577,,2026-W35,3087.73,1
2026-W33,2026-08-09,경기,09,SARS-CoV-2,12,3038.25,3.4828,2503.54,2074.0775,1.0644,9.1,25.2,6563383,6563383,,2026-W35,5479.25,1
2026-W33,2026-08-09,강원,10,SARS-CoV-2,6,606.31,2.7834,613.87,394.6950,0.6851,18.8,20.1,816637,816637,,2026-W35,1207.78,1
2026-W33,2026-08-09,충북,11,SARS-CoV-2,6,4678.59,3.6702,3897.89,2937.2050,0.5838,9.5,25.6,374120,374120,,2026-W35,8738.91,1
2026-W33,2026-08-09,충남,12,SARS-CoV-2,11,18981.16,4.2783,17334.27,9596.9150,0.8093,10.3,26.6,1408091,1408091,,2026-W35,25946.82,1
2026-W33,2026-08-09,전북,13,SARS-CoV-2,3,618.43,2.7920,1345.14,1517.1350,-0.7910,9.9,25.0,1043386,699979,,2026-W35,1359.23,0
2026-W33,2026-08-09,전남,14,SARS-CoV-2,10,1791.90,3.2536,1320.92,1487.3375,0.1629,17.2,26.2,1017979,768800,,2026-W35,2554.21,1
2026-W33,2026-08-09,경북,15,SARS-CoV-2,10,422.49,2.6268,482.23,292.1875,-0.0315,10.2,25.3,1287477,1287477,,2026-W35,1194.25,1
2026-W33,2026-08-09,경남,16,SARS-CoV-2,5,70571.89,4.8486,38797.83,35846.5625,1.2994,17.4,25.6,1723394,1602360,,2026-W35,102295.97,1
2026-W33,2026-08-09,제주,17,SARS-CoV-2,8,1753.71,3.2442,999.21,912.3725,1.2716,62.7,21.6,563849,563849,,2026-W35,2403.10,1
2026-W34,2026-08-16,서울,01,SARS-CoV-2,4,9842.23,3.9931,10416.10,5588.5950,0.7940,102.1,25.4,9667667,9667667,,2026-W36,18676.47,1
2026-W34,2026-08-16,부산,02,SARS-CoV-2,5,1761.37,3.2461,2615.27,3679.0425,-0.4356,359.7,26.0,2961386,2812075,,2026-W36,9698.76,1
2026-W34,2026-08-16,대구,03,SARS-CoV-2,4,3092.86,3.4905,6178.36,2538.8525,0.6606,136.9,25.9,1948639,1948639,,2026-W36,20049.27,1
2026-W34,2026-08-16,인천,04,SARS-CoV-2,8,2364.83,3.3740,2118.58,1433.7700,0.5401,107.3,25.8,2579599,2579599,,2026-W36,3678.66,1
2026-W34,2026-08-16,광주,05,SARS-CoV-2,3,3347.84,3.5249,2918.93,1238.8450,5.9578,121.6,26.6,691807,691807,,2026-W36,1564.88,0
2026-W34,2026-08-16,대전,06,SARS-CoV-2,5,12589.24,4.1000,15578.35,8711.1550,0.0592,107.3,25.6,1439687,1439687,,2026-W36,25234.31,1
2026-W34,2026-08-16,울산,07,SARS-CoV-2,4,7845.52,3.8947,9800.76,6689.1125,0.0081,170.4,25.9,1218898,1218898,,2026-W36,18826.90,1
2026-W34,2026-08-16,세종,08,SARS-CoV-2,4,2033.46,3.3084,1858.48,1032.3375,3.4765,133.2,25.2,343577,343577,,2026-W36,3181.24,1
2026-W34,2026-08-16,경기,09,SARS-CoV-2,12,3000.63,3.4774,3839.37,2524.3500,-0.0124,126.1,24.3,6563383,6563383,,2026-W36,6163.66,1
2026-W34,2026-08-16,강원,10,SARS-CoV-2,6,875.48,2.9427,896.52,525.6025,0.4439,57.5,21.3,816637,816637,,2026-W36,2069.25,1
2026-W34,2026-08-16,충북,11,SARS-CoV-2,6,4061.00,3.6087,5826.17,3340.8200,-0.1320,136.7,24.5,374120,374120,,2026-W36,6202.60,1
2026-W34,2026-08-16,충남,12,SARS-CoV-2,11,22530.63,4.3528,22486.21,14703.3725,0.1870,123.8,25.6,1408091,1408091,,2026-W36,21228.79,1
2026-W34,2026-08-16,전북,13,SARS-CoV-2,4,457.46,2.6613,811.70,1100.0775,-0.2603,140.0,24.5,1043386,780966,,2026-W36,897.55,0
2026-W34,2026-08-16,전남,14,SARS-CoV-2,10,630.01,2.8000,1658.71,1236.5900,-0.6484,79.8,25.2,1017979,768800,,2026-W36,2761.02,1
2026-W34,2026-08-16,경북,15,SARS-CoV-2,10,587.97,2.7701,734.91,401.1525,0.3917,148.8,24.9,1287477,1287477,,2026-W36,3565.00,1
2026-W34,2026-08-16,경남,16,SARS-CoV-2,6,15130.11,4.1799,62665.99,35284.7050,-0.7856,137.7,25.0,1723394,1723394,,2026-W36,45889.74,1
2026-W34,2026-08-16,제주,17,SARS-CoV-2,8,471.89,2.6748,1542.90,955.0025,-0.7309,82.3,23.2,563849,563849,,2026-W36,5111.12,1
2026-W35,2026-08-23,서울,01,SARS-CoV-2,4,15919.71,4.2020,14812.81,8831.6275,0.6175,34.3,26.7,9667667,9667667,,2026-W37,,
2026-W35,2026-08-23,부산,02,SARS-CoV-2,6,2963.86,3.4720,4808.00,2929.3775,0.6827,62.5,27.8,2961386,2961386,,2026-W37,,
2026-W35,2026-08-23,대구,03,SARS-CoV-2,4,13579.75,4.1329,12240.63,5504.8275,3.3907,109.2,28.2,1948639,1948639,,2026-W37,,
2026-W35,2026-08-23,인천,04,SARS-CoV-2,8,2455.40,3.3903,2832.96,1877.6625,0.0383,18.4,26.9,2579599,2579599,,2026-W37,,
2026-W35,2026-08-23,광주,05,SARS-CoV-2,3,4927.79,3.6927,3280.17,2387.3225,0.4719,83.5,28.4,691807,691807,,2026-W37,,
2026-W35,2026-08-23,대전,06,SARS-CoV-2,4,22260.36,4.3476,20027.97,13883.5175,0.7682,92.2,27.4,1439687,1414171,,2026-W37,,
2026-W35,2026-08-23,울산,07,SARS-CoV-2,4,13773.93,4.1391,13482.12,8903.6700,0.7556,103.8,27.4,1218898,1218898,,2026-W37,,
2026-W35,2026-08-23,세종,08,SARS-CoV-2,4,3087.73,3.4898,2767.47,1587.4775,0.5185,78.7,27.0,343577,343577,,2026-W37,,
2026-W35,2026-08-23,경기,09,SARS-CoV-2,12,5479.25,3.7388,4881.18,3247.4725,0.8260,29.8,25.8,6563383,6563383,,2026-W37,,
2026-W35,2026-08-23,강원,10,SARS-CoV-2,6,1207.78,3.0823,1384.17,762.3450,0.3796,11.0,22.5,816637,816637,,2026-W37,,
2026-W35,2026-08-23,충북,11,SARS-CoV-2,6,8738.91,3.9415,6334.17,5108.1450,1.1519,77.2,26.2,374120,374120,,2026-W37,,
2026-W35,2026-08-23,충남,12,SARS-CoV-2,11,25946.82,4.4141,23235.41,19487.4050,0.1516,73.6,27.3,1408091,1408091,,2026-W37,,
2026-W35,2026-08-23,전북,13,SARS-CoV-2,1,1359.23,3.1336,904.75,1348.6650,1.9713,114.1,26.0,1043386,626638,,2026-W37,,
2026-W35,2026-08-23,전남,14,SARS-CoV-2,11,2554.21,3.4074,1981.75,1629.2400,3.0542,73.6,26.5,1017979,1017979,,2026-W37,,
2026-W35,2026-08-23,경북,15,SARS-CoV-2,10,1194.25,3.0775,1782.41,660.2350,1.0311,112.6,26.4,1287477,1287477,,2026-W37,,
2026-W35,2026-08-23,경남,16,SARS-CoV-2,6,102295.97,5.0099,54438.61,54672.3600,5.7611,141.2,27.3,1723394,1723394,,2026-W37,,
2026-W35,2026-08-23,제주,17,SARS-CoV-2,8,2403.10,3.3810,2662.04,1350.1825,4.0926,33.8,24.1,563849,563849,,2026-W37,,
2026-W36,2026-08-30,서울,01,SARS-CoV-2,4,18676.47,4.2713,17298.09,12481.1875,0.1732,84.6,23.9,9667667,9667667,,2026-W38,,
2026-W36,2026-08-30,부산,02,SARS-CoV-2,6,9698.76,3.9868,6331.31,4386.1425,2.2723,20.1,26.0,2961386,2961386,,2026-W38,,
2026-W36,2026-08-30,대구,03,SARS-CoV-2,4,20049.27,4.3021,16814.51,9646.0850,0.4764,63.9,25.4,1948639,1948639,,2026-W38,,
2026-W36,2026-08-30,인천,04,SARS-CoV-2,8,3678.66,3.5658,3067.03,2508.6000,0.4982,88.5,24.1,2579599,2579599,,2026-W38,,
2026-W36,2026-08-30,광주,05,SARS-CoV-2,3,1564.88,3.1948,3246.34,2580.4175,-0.6824,39.1,25.9,691807,691807,,2026-W38,,
2026-W36,2026-08-30,대전,06,SARS-CoV-2,5,25234.31,4.4020,23747.33,17992.3400,0.1336,132.0,24.6,1439687,1439687,,2026-W38,,
2026-W36,2026-08-30,울산,07,SARS-CoV-2,4,18826.90,4.2748,16300.41,12057.2925,0.3668,69.7,25.3,1218898,1218898,,2026-W38,,
2026-W36,2026-08-30,세종,08,SARS-CoV-2,4,3181.24,3.5027,3134.48,2189.1700,0.0303,134.0,24.1,343577,343577,,2026-W38,,
2026-W36,2026-08-30,경기,09,SARS-CoV-2,12,6163.66,3.7899,5821.45,4420.4475,0.1249,95.9,23.0,6563383,6563383,,2026-W38,,
2026-W36,2026-08-30,강원,10,SARS-CoV-2,4,2069.25,3.3160,1638.51,1189.7050,0.7133,91.4,19.7,816637,537284,,2026-W38,,
2026-W36,2026-08-30,충북,11,SARS-CoV-2,6,6202.60,3.7926,7470.75,5920.2750,-0.2902,120.7,23.3,374120,374120,,2026-W38,,
2026-W36,2026-08-30,충남,12,SARS-CoV-2,11,21228.79,4.3269,23587.80,22171.8500,-0.1818,225.1,24.4,1408091,1408091,,2026-W38,,
2026-W36,2026-08-30,전북,13,SARS-CoV-2,1,897.55,2.9535,1128.39,833.1675,-0.3397,104.8,24.0,1043386,253500,,2026-W38,,
2026-W36,2026-08-30,전남,14,SARS-CoV-2,11,2761.02,3.4412,2657.62,1934.2850,0.0810,24.9,25.3,1017979,1017979,,2026-W38,,
2026-W36,2026-08-30,경북,15,SARS-CoV-2,10,3565.00,3.5522,2379.62,1442.4275,1.9851,107.9,23.7,1287477,1287477,,2026-W38,,
2026-W36,2026-08-30,경남,16,SARS-CoV-2,6,45889.74,4.6617,74092.85,58471.9275,-0.5514,23.2,24.6,1723394,1723394,,2026-W38,,
2026-W36,2026-08-30,제주,17,SARS-CoV-2,8,5111.12,3.7086,3757.11,2434.9550,1.1269,92.2,22.5,563849,563849,,2026-W38,,
